,Species,PC1,PC2,PC3,Freq
0,burbot,0.01583707033310577,0.09550115516917283,-0.07384362342333127,45
1,burbot,0.013839623454423246,0.09129026906571608,-0.07068223477204903,45
2,burbot,0.021428953972215725,0.09256802773994499,-0.05870286721637855,46
3,burbot,0.028098118721542047,0.0911962374174326,-0.0603407205440701,46
4,burbot,0.03231128085610267,0.08505349027207415,-0.05808817088752231,47
5,burbot,0.03694556596509005,0.0860721008201309,-0.06249968101983779,47
6,burbot,0.03894107360857305,0.08910683982994881,-0.06120794824182235,48
7,burbot,0.043032384226444606,0.09417140145149187,-0.062387048343593765,48
8,burbot,0.048198113713714,0.09746339172207044,-0.061831254459583825,49
9,burbot,0.04939333889693334,0.0934814652935989,-0.055411388894470476,49
10,burbot,0.04666265293513136,0.09960321704874218,-0.050114675863471916,50
11,burbot,0.040631735962656616,0.10254960323489071,-0.050711581834758435,50
12,burbot,0.03613571755533566,0.1029842460113968,-0.06433800611602483,51
13,burbot,0.03316484005556353,0.1051389284582473,-0.07363522245705152,51
14,burbot,0.02908867741883874,0.11050557721108004,-0.07316941163861757,52
15,burbot,0.024256648811170577,0.11512470871779966,-0.06507579740426776,52
16,burbot,0.023155574383895577,0.11788896063112826,-0.05647994689807703,53
17,burbot,0.021346748627280365,0.11578043526239702,-0.04644265132828881,53
18,burbot,0.028916183321829964,0.11860999470209711,-0.056214726640346796,54
19,burbot,0.03559571793152788,0.11395738375471108,-0.056226610945883965,54
20,burbot,0.041306619071262936,0.10806761518109284,-0.050762573730651,55
21,burbot,0.04410876787702716,0.10740827032540595,-0.04491064911802736,55
22,burbot,0.04486041415213054,0.11346354386528507,-0.04229469471677519,56
23,burbot,0.036914158389368755,0.11220118989150978,-0.045004778749386194,56
24,burbot,0.033306312581510795,0.10912419399867475,-0.05325370486465124,57
25,burbot,0.037727960485912065,0.10669525969915601,-0.06391646803483643,57
26,burbot,0.034426958098588964,0.08970313191610765,-0.0769829193467966,58
27,burbot,0.032875739255836554,0.09527531126409865,-0.07828973460942949,58
28,burbot,0.03653636217202977,0.1001395780340276,-0.07352009034487643,59
29,burbot,0.02783316163349135,0.09513477015437524,-0.05954180286614966,59
30,burbot,0.0402715394270307,0.09699957029235999,-0.04891136222180009,60
31,burbot,0.04210950030796844,0.09349258986314167,-0.03444343691495211,60
32,burbot,0.04780411047097534,0.0881563909552094,-0.025196652464625876,61
33,burbot,0.05408157963137134,0.0844571949113059,-0.016340599783447686,61
34,burbot,0.05556755369809357,0.077355830762773,-0.0030340183809398394,62
35,burbot,0.05533151627041341,0.0686976157409933,0.00959919233175763,62
36,burbot,0.05190378768394638,0.07318953213374559,0.012914242686528406,63
37,burbot,0.04460651636388394,0.08042134024744714,-2.9982214463855224e-06,63
38,burbot,0.034304797975705834,0.09094664602784917,-0.022021073435594802,64
39,burbot,0.026093119382866316,0.09652740767812616,-0.03622181527213984,64
40,burbot,0.020928818252718123,0.09827501834991971,-0.04452885993416127,65
41,burbot,0.016450223570708817,0.10006017803616739,-0.05165923396567904,65
42,burbot,0.022169823245641693,0.1016500255289117,-0.05832497638968989,66
43,burbot,0.02344678256660776,0.10235309412805102,-0.06424782363175023,66
44,burbot,0.028323511812473157,0.11204031431054697,-0.07987390003785247,67
45,burbot,0.03212626783882933,0.11674726016634836,-0.0732441678319781,67
46,burbot,0.035755678995610676,0.11570301720718491,-0.0648652678448993,68
47,burbot,0.03964441907896755,0.11187217474754284,-0.05535712185398344,68
48,burbot,0.04316882858381968,0.1070372488940463,-0.038922710957184435,69
49,burbot,0.04164268077327452,0.09399083216444865,-0.030162734214046187,69
50,burbot,0.040976451852453216,0.09035615460416666,-0.01633562920076031,70
51,burbot,0.03627052915162921,0.08857561899368165,-0.00800238601262182,70
52,burbot,0.03704230995212406,0.08858669561870848,0.0018652496076535879,71
53,burbot,0.037884019502454284,0.09444825566010695,0.004565630976661718,71
54,burbot,0.03878204707497974,0.10012351361517131,0.00338313312311403,72
55,burbot,0.04020380370265738,0.10508194438686708,0.0005174086342065815,72
56,burbot,0.041434994187342845,0.10654453436230821,-0.0007221596115165168,73
57,burbot,0.04116186542414945,0.10421669005248715,0.000935687585279165,73
58,burbot,0.04205793615276724,0.1011246797157031,0.0030870367456465285,74
59,burbot,0.044348157803540886,0.09784961397117761,0.0046310921437002234,74
60,burbot,0.04558052544339297,0.092176799007303,0.005936702775436761,75
61,burbot,0.04657055177756818,0.0949185831618689,-0.0003842165997366971,75
62,burbot,0.047357074414117205,0.09790312881041682,-0.0024567018817779414,76
63,burbot,0.05325636366147298,0.10289208041103147,0.0005759246075369976,76
64,burbot,0.05430346988745887,0.10391311664074376,0.0027833217813927474,77
65,burbot,0.05196744044372337,0.10776784069626613,0.004073799234921904,77
66,burbot,0.0507168809571709,0.11063336054923711,0.010719789631190567,78
67,burbot,0.04934393812267701,0.10866595336895593,0.02446137793435027,78
68,burbot,0.04051910972637234,0.09639125405019634,0.036168805190822294,79
69,burbot,0.031625300725214765,0.08816005986950658,0.04265751901811951,79
70,burbot,0.03179603072960288,0.07992563281116036,0.05503523486215765,80
71,burbot,0.03496138745686505,0.07437835901947423,0.0724701396508489,80
72,burbot,0.04309077153072261,0.06783164544692974,0.09054847938412657,81
73,burbot,0.050134903470548234,0.0591768425277558,0.105425673370883,81
74,burbot,0.05391968754874707,0.051433442367083144,0.11068702573313056,82
75,burbot,0.058325423477260434,0.04782742871642919,0.1106032989101307,82
76,burbot,0.0605222990037985,0.04484850495511953,0.11228687332994197,83
77,burbot,0.0593423095718876,0.03920298406489243,0.11178484415254501,83
78,burbot,0.0634988048099458,0.03360381633535441,0.1054437704873995,84
79,burbot,0.06849927114292792,0.034241994080300674,0.10165952876894302,84
80,burbot,0.06763683159063322,0.032317155408207295,0.09244303387153037,85
81,burbot,0.07012545990352761,0.03242090808383897,0.08619804706501168,85
82,burbot,0.06940608691788319,0.041562958556482205,0.07864644764788951,86
83,burbot,0.0665674136636832,0.04084204819294193,0.07071844692123024,86
84,burbot,0.06855254857673083,0.04230737951263584,0.06658416315841433,87
85,burbot,0.06707964692443198,0.04456599059884695,0.05398104556453759,87
86,burbot,0.07253964755716608,0.045216081052191104,0.05770149062211585,88
87,burbot,0.07262439513589924,0.04971842115050385,0.05253454407166726,88
88,burbot,0.06578665110101016,0.054774496456067,0.04254540927587043,89
89,burbot,0.057573889621377695,0.04892651606022303,0.036379826380277945,89
90,burbot,0.06889522587676912,-0.020398954157968066,0.02682252812416775,173
91,burbot,0.07009868767827496,-0.014854654742804533,0.03283672679583376,173
92,burbot,0.07382870692193087,-0.016383697837054886,0.020034363520255515,174
93,burbot,0.07302596859393239,-0.009534433151123047,0.016009832324369255,174
94,burbot,0.07643687260848343,-0.011192290489829157,0.01233584549606739,175
95,burbot,0.06780679859828004,-0.00759631048870693,0.013723602943539432,175
96,burbot,0.07347653885207162,-0.005699246124152812,0.014617578593049152,176
97,burbot,0.07007927914278828,0.004586074040733182,0.006800973538447635,176
98,burbot,0.0720623690862902,0.011443796509711331,0.0017979357562633424,177
99,burbot,0.07056218781316888,0.024984007561085392,-0.011751402969619245,177
100,burbot,0.06468296015303275,0.030448414335409808,-0.017617240004376984,178
101,burbot,0.06099407249851381,0.023002481432952027,-0.012328370745884379,178
102,burbot,0.06745487860487405,0.01075626801401612,-0.0025017076269284416,179
103,burbot,0.074059913927133,0.0005835550517045512,-0.0007100448024266654,179
104,burbot,0.07879467960202403,-0.0006296795147757374,-0.0005167501939119125,180
105,burbot,0.08047297060489557,-0.004718024441444063,0.011959813780919485,180
106,burbot,0.0803665172841389,-0.005794504804514377,0.0185518761526431,181
107,burbot,0.07946102244860319,-0.004509558979433871,0.021061110778757906,181
108,burbot,0.07862265773494052,-0.001538328999270294,0.017004170520278878,182
109,burbot,0.07740809622380086,0.002209454542910772,0.011613069473582212,182
110,burbot,0.07118059189512724,0.012692253279007845,0.00884380679268245,183
111,burbot,0.06928473726653873,0.0254609745977746,0.007392956295044916,183
112,burbot,0.06949329835136323,0.031084724361649926,0.010239894462318318,184
113,burbot,0.07186326219651493,0.03268278558872865,0.014776621991808415,184
114,burbot,0.07237146891609823,0.03323828099298021,0.021814988794368703,185
115,burbot,0.0728260571018908,0.025650085142957326,0.027486286403902337,185
116,burbot,0.07099875477040074,0.01456827535853452,0.020431185538769603,186
117,burbot,0.07239015798343136,0.0045283956518572255,0.017927695456612217,186
118,burbot,0.06921285055598457,-0.0008685637671564985,0.017551622821748776,187
119,burbot,0.06187464936452417,-0.0037104814603492837,0.015959928277741543,187
120,burbot,0.06846855666409013,-0.015892150441293145,0.019028449522578445,188
121,burbot,0.07457677673211194,-0.02305377767343251,0.016790279767986607,188
122,burbot,0.07964319025371755,-0.02786537954415325,0.015217934687465094,189
123,burbot,0.07974046492039016,-0.02939483124020503,0.013294832387344684,189
124,burbot,0.07767272095842792,-0.027223517342262436,0.012928366661284794,190
125,burbot,0.07571036783510457,-0.0255120418081662,0.012440793371566373,190
126,burbot,0.07346142275183154,-0.024123057514276135,0.0070483698663945365,191
127,burbot,0.0737284753660276,-0.02465331068270248,0.0046035999822441566,191
128,burbot,0.07499878400746253,-0.026671015722403605,0.010401648700562273,192
129,burbot,0.07315259719977515,-0.024687477915269453,0.01520629324462678,192
130,burbot,0.07026649097743312,-0.02211331418467737,0.01913812473260574,193
131,burbot,0.06737300623658769,-0.020551128208610357,0.021946227302881642,193
132,burbot,0.06856070127043236,-0.018936336286532355,0.022765868660207297,194
133,burbot,0.07047943609136041,-0.015502785768248246,0.02250091382212188,194
134,burbot,0.06475981078926987,-0.009505418264384106,0.01758721853425091,195
135,burbot,0.06115985609030639,-0.006434579872563418,0.01042251504892006,195
136,burbot,0.05808778973494296,-0.004286350419271784,0.0030313385028464535,196
137,burbot,0.06309313920514295,-0.014286753027407326,0.0050188853111226344,196
138,burbot,0.06821856121077546,-0.022434429670342336,0.010839662864838078,197
139,burbot,0.0695098891159847,-0.025212815710618824,0.0038776450436561445,197
140,burbot,0.07600569522790857,-0.027897671822984492,0.005280956099143168,198
141,burbot,0.07788468903692085,-0.02597349579659473,0.0030503696908629804,198
142,burbot,0.07602316616406984,-0.021746518631437884,-0.0005431784798105544,199
143,burbot,0.07460475758809476,-0.01946289940322922,-0.005906394892293239,199
144,burbot,0.07499678576613285,-0.020214966697498747,-0.012978554220870513,200
145,burbot,0.07326129346963907,-0.019170982523826756,-0.016568196890602335,200
146,burbot,0.07655349785430787,-0.024529710033430265,-0.01654736003363091,201
147,burbot,0.07788193504993714,-0.02844712683383962,-0.014980161053394829,201
148,burbot,0.07768205753567889,-0.030269012802258567,-0.014344013820535182,202
149,burbot,0.07614014774120241,-0.032093857124502835,-0.012637449079989996,202
150,burbot,0.07316973974285977,-0.033135215765347725,-0.011213775674039469,203
151,burbot,0.07219911990623798,-0.03499474388358099,-0.014857826035533664,203
152,burbot,0.07072137450959881,-0.04058287933275165,-0.019184230502194005,204
153,burbot,0.0668330495006798,-0.04619715183026162,-0.02197700396987946,204
154,burbot,0.06184377730258136,-0.04074809846578732,-0.025275024641681715,205
155,burbot,0.06719323739300502,-0.04500810544180522,-0.022492957991986657,205
156,burbot,0.06763152814406563,-0.04794553683506429,-0.020963181840120207,206
157,burbot,0.06732152069081464,-0.049792566364349755,-0.017844135747856246,206
158,burbot,0.06383129155243471,-0.04718585306523594,-0.01167158956632846,207
159,burbot,0.06544557137968826,-0.044037060109833534,-0.01179317574518517,207
160,burbot,0.07050912641489908,-0.036231861871186107,-0.01703799453357124,208
161,burbot,0.07501403258716294,-0.029560248154468192,-0.014898280908266004,208
162,burbot,0.07888506687347992,-0.03259633142882355,-0.010304038622960766,209
163,burbot,0.0803197879054381,-0.028795360940661423,-0.007497780520109854,209
164,burbot,0.0760656576523375,-0.02190066140043082,-0.008149264080087254,210
165,burbot,0.07068439607898526,-0.019699346668820072,-0.003357181727701104,210
166,burbot,0.07723297300161007,-0.025348128640984492,-0.010855231214430393,211
167,burbot,0.0740823819336876,-0.026405573917622067,-0.01738086598434652,211
168,burbot,0.07303684338570544,-0.025956328580000222,-0.021394135860239763,212
169,burbot,0.07226269006330327,-0.02421678171200403,-0.019011139768291187,212
170,burbot,0.06948403741449023,-0.024201077509841944,-0.01936838740608514,213
171,burbot,0.07028631637387128,-0.024828705829945372,-0.020878976482368774,213
172,burbot,0.07138659070898153,-0.028953444495158076,-0.02511891411343372,214
173,burbot,0.07162474809389699,-0.03351049645078376,-0.024988814477778006,214
174,burbot,0.0772310511971879,-0.034958360923541466,-0.03442564489449869,215
175,burbot,0.07596888877160232,-0.035888891117710243,-0.04578094874117709,215
176,burbot,0.07129021942404955,-0.03944915833951465,-0.05668152300288666,216
177,burbot,0.06773345144960999,-0.04217134068139834,-0.07000809833197291,216
178,burbot,0.06807864920651618,-0.045326673118309437,-0.07626908132366912,217
179,burbot,0.06939008043663951,-0.044860664701743214,-0.080525294776247,217
180,burbot,0.06905376504386392,-0.04111909468712472,-0.08338449233827065,218
181,burbot,0.06619807341950293,-0.034449496928732684,-0.08289314809145952,218
182,burbot,0.06377201295724227,-0.03036045213799573,-0.09908982432229922,219
183,burbot,0.06524666658772806,-0.0329194435512624,-0.1059965957120858,219
184,burbot,0.06409379035378641,-0.03419794433228066,-0.1037357600701249,220
185,burbot,0.06178074862259035,-0.02825367230230835,-0.09948878460997744,220
186,burbot,0.06729756988044523,-0.02217291827074446,-0.09221144926405239,221
187,burbot,0.07057642148708229,-0.01944306687949567,-0.08898337093722634,221
188,burbot,0.06915796825987497,-0.015438901340109258,-0.08676329289910215,222
189,burbot,0.07078034294479628,-0.019033612588562326,-0.09233091759506973,222
190,burbot,0.07050068693977875,-0.02102002732862856,-0.0953441476934419,223
191,burbot,0.0704274254359796,-0.022645396622558794,-0.09760870292362948,223
192,burbot,0.0708019357341406,-0.02491468457383995,-0.09910758666341662,224
193,burbot,0.06825665231057221,-0.033635248425982936,-0.10083732820185362,224
194,burbot,0.06508247187764737,-0.047682825517480903,-0.09144311012933387,225
195,burbot,0.06552724553199167,-0.05583924449939886,-0.08856662313620174,225
196,burbot,0.06500866904492413,-0.05851734748948267,-0.08640087891262582,226
197,burbot,0.06360803145968874,-0.06398721005487643,-0.08359752220003022,226
198,burbot,0.06404761741746332,-0.06848106301749103,-0.07920849694523995,227
199,burbot,0.06704998015731226,-0.06745476787144424,-0.0746055012549933,227
200,burbot,0.06801391379106424,-0.06507892886910539,-0.0641678671426357,228
201,burbot,0.07173031920092716,-0.06812816170674757,-0.06424507643021045,228
202,burbot,0.07153448900754614,-0.07202141181146814,-0.06061936592331221,229
203,burbot,0.06988998358324744,-0.07666387971686062,-0.055647312348950026,229
204,burbot,0.06921954425301058,-0.07800110695681672,-0.05862375195586257,230
205,burbot,0.06707901872709714,-0.07518966836806394,-0.054223292274708186,230
206,burbot,0.06659243792329816,-0.0713541596827435,-0.05194246664039643,231
207,burbot,0.06453233778560474,-0.06953801513910936,-0.05242738736533453,231
208,burbot,0.06763995738565538,-0.07445715866737138,-0.04880912154045923,232
209,burbot,0.06747422310827497,-0.07810979040221597,-0.0463616712729569,232
210,burbot,0.06759849349183666,-0.08034185317448306,-0.052979759221384926,233
211,burbot,0.06331043388641644,-0.0759270013858362,-0.060342412451266966,233
212,burbot,0.06246717835178383,-0.07113947697000567,-0.06650842268574118,234
213,burbot,0.06531119542885573,-0.07055044272174475,-0.06329272738381204,234
214,burbot,0.06613390018692288,-0.06210414116366855,-0.06041725939293821,235
215,burbot,0.06597487252579792,-0.05859080053925669,-0.05581624059492002,235
216,burbot,0.0681443426471674,-0.0654948668413904,-0.05400584087884363,236
217,burbot,0.06330424720475634,-0.0706951720012929,-0.05851604330136719,236
218,burbot,0.06440804866695164,-0.07152741060003945,-0.056192668462214476,237
219,burbot,0.06819953266195053,-0.07397264426351163,-0.05011677613957848,237
220,burbot,0.06582487074944593,-0.06608460463951754,-0.05302061670229428,238
221,burbot,0.0677406473342025,-0.055104515310249215,-0.04986435114962356,238
222,burbot,0.07132844739916754,-0.05234270813894665,-0.036863531149550065,239
223,burbot,0.07456258153942577,-0.05487312027111818,-0.02750672861790947,239
224,burbot,0.07641861811730907,-0.05650352988746156,-0.007792750800909325,240
225,burbot,0.07491419172663732,-0.04766899686847677,0.0041747903623684446,240
226,burbot,0.07580136903519817,-0.050870274870837486,0.013947992876739366,241
227,burbot,0.07177293597717362,-0.04354693537107064,0.020931747688903116,241
228,burbot,0.07268145714899621,-0.042081217891897955,0.029029767610120202,242
229,burbot,0.06807042257131252,-0.03186404938928571,0.028252891334047747,242
230,burbot,0.06876041885562739,-0.028536467581262263,0.028033849688093627,243
231,burbot,0.06849755504417374,-0.03316574948543198,0.02803625025213842,243
232,burbot,0.06309859238182054,-0.03725768408552299,0.03642114423970835,244
233,burbot,0.05819875525644908,-0.035355339010608534,0.04619045828769155,244
234,burbot,0.054732592207926645,-0.02422164033670455,0.04770110391297584,245
235,burbot,0.06327543913799459,-0.02242955575766405,0.07145722629713458,245
236,burbot,0.06316057907295837,-0.01893989772050687,0.085800072618783,246
237,burbot,0.06779317290875993,-0.025060953934311053,0.084102437157922,246
238,burbot,0.07331949562928405,-0.03708262704244001,0.08524068731881271,247
239,burbot,0.07302252669362558,-0.0424903744181659,0.08839605240230823,247
240,burbot,0.07071345632514153,-0.043639453756681254,0.09301154118477338,248
241,burbot,0.06931698961149106,-0.03833308636908491,0.09645260207779668,248
242,burbot,0.070052557471078,-0.029799497292356394,0.09803017574398376,249
243,burbot,0.07079056354227671,-0.02795590274432828,0.1055992168407422,249
244,burbot,0.06947245723468902,-0.028132705221984095,0.1154538359292476,250
245,burbot,0.06459040244778333,-0.024797184019116035,0.12561633565689986,250
246,burbot,0.06281882907912345,-0.02220712891437391,0.1255105320265558,251
247,burbot,0.05737959095067457,-0.015155712963588825,0.12152998528236097,251
248,burbot,0.055136073958734426,-0.00815955485649075,0.12317306396391194,252
249,burbot,0.052569281463387636,-0.00402273284414138,0.12334046896980623,252
250,burbot,0.05290953216718396,-0.0053077066793715336,0.11686158378416718,253
251,burbot,0.0536252295151535,-0.010318400561683037,0.11435334165451944,253
252,burbot,0.05433274641505101,-0.006899690847874517,0.11183653171965244,254
253,burbot,0.057413818272745755,-0.0033410167097669423,0.13006396049409552,254
254,burbot,0.05129504137109464,-0.0006744739229145014,0.14034555865905568,255
255,burbot,0.04890407433045307,0.013315975228771433,0.13590709477875704,255
256,burbot,0.04980803061149537,0.03233858416977769,0.12746480319389233,256
257,burbot,0.05231249351352281,0.0395411772776671,0.12670768317511716,256
258,burbot,0.053667141974922,0.037262097478499144,0.13131669142424487,257
259,burbot,0.050839588077066074,0.02969196207743444,0.13680143529462688,257
260,burbot,0.04597518923328213,0.02920051222028021,0.13395911075135397,258
261,burbot,0.0405038073075334,0.026666176650640503,0.13182287436027118,258
262,burbot,0.03019111930119459,0.028373606431676163,0.13740233462829804,259
263,burbot,0.03400900204633392,0.03372450597371579,0.11859500259767476,259
264,burbot,0.0344748502023368,0.04030699285973611,0.10672134505159309,260
0,lakeTrout,0.05358015985337338,-0.02250840668185571,0.08145714583176716,45
1,lakeTrout,0.053724470649775924,-0.022804220123312638,0.08194499773691896,45
2,lakeTrout,0.05382658551446687,-0.022971625928403017,0.08236373554864762,46
3,lakeTrout,0.05381874613294037,-0.023326269274645872,0.08220433824317339,46
4,lakeTrout,0.053857103601100985,-0.02399596271384208,0.08255411146453767,47
5,lakeTrout,0.053949902009621055,-0.024204093390155623,0.08292257683522598,47
6,lakeTrout,0.05374282786757544,-0.02447928345603023,0.08402543193292127,48
7,lakeTrout,0.0533372384670042,-0.0250330891980232,0.08570702417701145,48
8,lakeTrout,0.052807284730446276,-0.026200112800696198,0.08769421761333943,49
9,lakeTrout,0.05206371919352056,-0.02731224030591001,0.0891800295001294,49
10,lakeTrout,0.05163534657476361,-0.02815345676623183,0.09045827131401551,50
11,lakeTrout,0.05115423229868136,-0.028514484687476565,0.09219065187690988,50
12,lakeTrout,0.050729980081792816,-0.028836719556893122,0.0935589313944776,51
13,lakeTrout,0.050594146782219226,-0.029302778229156917,0.09510950670417036,51
14,lakeTrout,0.050241866671769206,-0.02935037229838835,0.09620709039020231,52
15,lakeTrout,0.04997704177597056,-0.029277052806666523,0.09739361117201654,52
16,lakeTrout,0.050039531517813235,-0.0294266942717687,0.09782215285712338,53
17,lakeTrout,0.05007914612451584,-0.029633890884629706,0.09773227674064364,53
18,lakeTrout,0.050398268235562045,-0.029662650832024618,0.0976868041173858,54
19,lakeTrout,0.05070827515201934,-0.02885233997726495,0.09704918104114389,54
20,lakeTrout,0.051285816676764996,-0.02801244062482435,0.09637159748410584,55
21,lakeTrout,0.0517838630966315,-0.026903366603242624,0.09537242569468243,55
22,lakeTrout,0.052260480654892,-0.02589311440451493,0.09451426857510059,56
23,lakeTrout,0.052490315620787216,-0.024566583842916014,0.09335543649578452,56
24,lakeTrout,0.0530101534070393,-0.02332987977950548,0.09233597943860432,57
25,lakeTrout,0.05333181788893705,-0.022258642553645396,0.09141466815961768,57
26,lakeTrout,0.053661295201950135,-0.021316248271967337,0.09058560458512166,58
27,lakeTrout,0.054053247164295055,-0.02042661355084301,0.09016013628495428,58
28,lakeTrout,0.05433489497589928,-0.01965402738974149,0.08941002006894967,59
29,lakeTrout,0.054596043254082204,-0.019232668310642076,0.08848623461747888,59
30,lakeTrout,0.05489247738003767,-0.019305283982161386,0.08834110991458732,60
31,lakeTrout,0.054816398959445525,-0.01920380109873548,0.0881499221226252,60
32,lakeTrout,0.0548222859501696,-0.01919243441975386,0.08824016807996155,61
33,lakeTrout,0.05509221871316465,-0.019544802569486354,0.08814235164187148,61
34,lakeTrout,0.05516932059311867,-0.020312466738337007,0.08833728988312928,62
35,lakeTrout,0.055197847974189355,-0.02104904106216474,0.08839963518608876,62
36,lakeTrout,0.055232260337095766,-0.021729932802897492,0.08792679848819072,63
37,lakeTrout,0.055255710077831054,-0.022273760821307425,0.08764044713678937,63
38,lakeTrout,0.05521050994296987,-0.02274661481475978,0.08758748415264114,64
39,lakeTrout,0.054873135848839405,-0.02282753242290527,0.08738703339496962,64
40,lakeTrout,0.054528588355410156,-0.02297259535732343,0.08780539380040732,65
41,lakeTrout,0.05420744155729184,-0.02328963204800102,0.08877964042909788,65
42,lakeTrout,0.05411330740127977,-0.023266810726020187,0.08930356909683279,66
43,lakeTrout,0.05447462555021673,-0.023389223788481087,0.08950000041473198,66
44,lakeTrout,0.054499450908649785,-0.0235788321861363,0.0891778406342805,67
45,lakeTrout,0.05451542803226242,-0.0236290883071302,0.08910974778648892,67
46,lakeTrout,0.05468882500165102,-0.023559623545218653,0.08828768750349958,68
47,lakeTrout,0.054759273767821665,-0.02328490385200158,0.08700285448562944,68
48,lakeTrout,0.055008084847127055,-0.02247136110678759,0.08571924390961848,69
49,lakeTrout,0.05516027065159306,-0.02143086491632635,0.08388693929270291,69
50,lakeTrout,0.055351919312619326,-0.020244440013763892,0.08194802161935122,70
51,lakeTrout,0.05550419475861535,-0.019174787374641806,0.08079095413071788,70
52,lakeTrout,0.05560414752527888,-0.01828483790583741,0.08017063644114905,71
53,lakeTrout,0.05580957642364982,-0.017546704180715057,0.08028993513023226,71
54,lakeTrout,0.056090800340102734,-0.017283817844752917,0.08056391634901805,72
55,lakeTrout,0.056097114263894174,-0.016838682968851458,0.08053090162762158,72
56,lakeTrout,0.055991179844757495,-0.016285898693566156,0.08002340325272618,73
57,lakeTrout,0.05594635265398135,-0.01586340451594921,0.07953449343138316,73
58,lakeTrout,0.0559701567823462,-0.015556552321826475,0.078914531073985,74
59,lakeTrout,0.056313012700306336,-0.01556969269401771,0.07774378334355155,74
60,lakeTrout,0.05656520998017418,-0.015567473531533725,0.07681077221567303,75
61,lakeTrout,0.05663895014596439,-0.015675100352316416,0.07645412638824031,75
62,lakeTrout,0.05647591602779455,-0.015824755896788268,0.07668125241161976,76
63,lakeTrout,0.05636446633709342,-0.016111944065971946,0.07702425579334038,76
64,lakeTrout,0.05632612317115214,-0.016732646861903833,0.07705143967038729,77
65,lakeTrout,0.05629288640006963,-0.017517191950958175,0.0766801410334627,77
66,lakeTrout,0.056168417083946376,-0.018316435554896492,0.07670333874344853,78
67,lakeTrout,0.05607448906390898,-0.01933798760975862,0.07640832348292652,78
68,lakeTrout,0.05613702964175263,-0.020565723934280012,0.07658171635470491,79
69,lakeTrout,0.05601299266052569,-0.021688907592068235,0.07642482633538354,79
70,lakeTrout,0.055789046540413945,-0.02254415179779945,0.0761582190770143,80
71,lakeTrout,0.05549047357718156,-0.023002545307712098,0.07599895429784759,80
72,lakeTrout,0.05546342874631622,-0.023297001044470304,0.07631584603591582,81
73,lakeTrout,0.05518779911309272,-0.023669834883024276,0.07652680705380221,81
74,lakeTrout,0.05507910257758513,-0.023711296095707865,0.07658853556056684,82
75,lakeTrout,0.05517466343745198,-0.02334226931860124,0.07689254558545253,82
76,lakeTrout,0.05511121391099004,-0.023293212066482483,0.07696924514683448,83
77,lakeTrout,0.05500483948351168,-0.023085439579744446,0.07693406253898867,83
78,lakeTrout,0.054951367432149505,-0.022711763493045684,0.07716505630443081,84
79,lakeTrout,0.05491852385846816,-0.022472149832126937,0.07754368414630906,84
80,lakeTrout,0.05477119145635221,-0.022225919854241053,0.07831749989740644,85
81,lakeTrout,0.05488722956726244,-0.021642072544640383,0.07836936373839805,85
82,lakeTrout,0.0547350581981188,-0.02098897723042875,0.07785538884409439,86
83,lakeTrout,0.05475495753428334,-0.020600483733340433,0.07675731535805579,86
84,lakeTrout,0.054869292683879876,-0.01981235705742463,0.07557831877620741,87
85,lakeTrout,0.05481453606497835,-0.019146615148848065,0.0741922644946407,87
86,lakeTrout,0.054752652116411706,-0.018964339173756072,0.07301338788282566,88
87,lakeTrout,0.054785101560998015,-0.018550284834139195,0.07282364186849462,88
88,lakeTrout,0.05486778862860592,-0.017996951039665365,0.07231196730874638,89
89,lakeTrout,0.05506288643278026,-0.017113898794752114,0.07170675699791144,89
90,lakeTrout,0.03746901356321818,0.06860459177677256,0.009882851913289081,90
91,lakeTrout,0.03781616404644411,0.0698376464661302,0.009496406005743183,90
92,lakeTrout,0.03831707845499873,0.0713571307022598,0.008565948507049238,91
93,lakeTrout,0.0387706705775951,0.07242557994936989,0.007497357080324665,91
94,lakeTrout,0.03937278683146541,0.07390362776790974,0.007050700383225107,92
95,lakeTrout,0.03982398675812769,0.07464709587999493,0.0062027120526476276,92
96,lakeTrout,0.04026578273016852,0.07508746369362351,0.005001438686160569,93
97,lakeTrout,0.04049287789190029,0.07509737067810573,0.004076433497062372,93
98,lakeTrout,0.04104090589288541,0.07551888114868356,0.0026260367039399077,94
99,lakeTrout,0.04114740340737201,0.07568357480408051,0.002040657987961248,94
100,lakeTrout,0.04065069358338214,0.0750588986857427,0.0018857962207476104,95
101,lakeTrout,0.040716204129639826,0.07573409136993824,0.002205529779840644,95
102,lakeTrout,0.04067113386082864,0.07563334488619565,0.001998134360702105,96
103,lakeTrout,0.04049747862345487,0.07519688103537646,0.0018105680655836989,96
104,lakeTrout,0.04028548941800851,0.07491478630377821,0.0021568214888707626,97
105,lakeTrout,0.039694449369894386,0.07387960967611427,0.002579768540542912,97
106,lakeTrout,0.039627574659319154,0.07376050733413755,0.0032836839480990215,98
107,lakeTrout,0.03932082875871772,0.07364118818976068,0.004364679425806456,98
108,lakeTrout,0.03909126261141108,0.07328896451314794,0.004818930950348388,99
109,lakeTrout,0.03877436179650487,0.07290126944417571,0.004913204440038077,99
110,lakeTrout,0.03869062823633539,0.07326393173117036,0.004985029014334462,100
111,lakeTrout,0.038744892824026655,0.07336008340756099,0.004634983280338396,100
112,lakeTrout,0.03862800293001387,0.07296102684335594,0.004612864021585598,101
113,lakeTrout,0.03907547511626581,0.07352231869806561,0.004872667725080347,101
114,lakeTrout,0.03859013525627653,0.07258033225693927,0.005333215889316179,102
115,lakeTrout,0.03836838018833992,0.07233396537500894,0.0058258662443536665,102
116,lakeTrout,0.03855135173533878,0.07267478537911554,0.005638787054839767,103
117,lakeTrout,0.03862646874719434,0.07208849426884258,0.00472175775410476,103
118,lakeTrout,0.038661765153139675,0.07132047133767366,0.003572685104630838,104
119,lakeTrout,0.039026753121103534,0.07183905672110914,0.0029793736869413974,104
120,lakeTrout,0.03899693496847626,0.07188237871372741,0.0027364760142999196,105
121,lakeTrout,0.03922131746716909,0.07200673688889113,0.002115701867894412,105
122,lakeTrout,0.039121900226113435,0.07156463578514866,0.0017809665803531515,106
123,lakeTrout,0.03922695495256262,0.07138441167783155,0.0012660711526596001,106
124,lakeTrout,0.03893734655729321,0.07092302061035298,0.0012754066489816013,107
125,lakeTrout,0.03891071760007213,0.07111803400024426,0.0014513830327691204,107
126,lakeTrout,0.039241850482972844,0.07171768450552597,0.0009827397861770714,108
127,lakeTrout,0.03899459715919704,0.07127569577438395,0.0007111752359650157,108
128,lakeTrout,0.03933152238125084,0.07195221407496222,0.00041109703616696257,109
129,lakeTrout,0.03944838562951465,0.07203902519445757,0.00023145556612114954,109
130,lakeTrout,0.03935996445446481,0.07180623848874991,7.099162997981672e-05,110
131,lakeTrout,0.03961176911554305,0.07231332233691819,-0.0006016907181400274,110
132,lakeTrout,0.03958366669731384,0.07188873201158237,-0.0013443047154384337,111
133,lakeTrout,0.039326405718657545,0.07111062731614105,-0.001885845621999401,111
134,lakeTrout,0.03906267159575509,0.07093371836619837,-0.0017941623389681736,112
135,lakeTrout,0.0389692790745589,0.07131744738686792,-0.001396294501079791,112
136,lakeTrout,0.03918846512619131,0.07178006778853563,-0.0011621913644713094,113
137,lakeTrout,0.03924774425102425,0.07169291757813266,-0.001454837641321588,113
138,lakeTrout,0.03900869643261806,0.07082322430297924,-0.0017379251532566489,114
139,lakeTrout,0.03882932983083527,0.07032933594405737,-0.0019391029219635355,114
140,lakeTrout,0.03864821904923742,0.07031076966389535,-0.001528988840849548,115
141,lakeTrout,0.038559741088584495,0.07033160873110386,-0.0013750704813474358,115
142,lakeTrout,0.03842088169451167,0.07034017400971693,-0.001438985913388234,116
143,lakeTrout,0.03884935372962849,0.07098514316672466,-0.0021957741252457254,116
144,lakeTrout,0.038496186680389115,0.07044712892008721,-0.0024646797026011786,117
145,lakeTrout,0.03887568574331644,0.07119297626699296,-0.002816520356225206,117
146,lakeTrout,0.03892604678254058,0.07155057839507738,-0.0028214725995214444,118
147,lakeTrout,0.03877066239841315,0.07171396511567596,-0.0026202627807244464,118
148,lakeTrout,0.03910576231303277,0.07233696848395056,-0.0028627256872111634,119
149,lakeTrout,0.03923825036533429,0.07242090838234685,-0.0034917810066282104,119
150,lakeTrout,0.039234132330671884,0.07219838926882526,-0.004075789773926091,120
151,lakeTrout,0.03905365327699377,0.07205619980411478,-0.004162368126073005,120
152,lakeTrout,0.03871009052555316,0.07171878239889273,-0.0042436346202534055,121
153,lakeTrout,0.038829522917850474,0.07183547181013854,-0.004619934722799756,121
154,lakeTrout,0.03913357754817401,0.07213733573862971,-0.005003554501884584,122
155,lakeTrout,0.03936917532732988,0.07227149167579969,-0.005566793685003421,122
156,lakeTrout,0.03933739710013639,0.07219704167461027,-0.005825573500084235,123
157,lakeTrout,0.039392900852816215,0.07202775668803876,-0.006348354422672255,123
158,lakeTrout,0.03931151010615688,0.07186879852730595,-0.006605865732057315,124
159,lakeTrout,0.03921711031967873,0.07157857687127096,-0.006538057368665155,124
160,lakeTrout,0.038857447534869256,0.070951863323167,-0.006435315632072027,125
161,lakeTrout,0.03815997456136867,0.06995281576504427,-0.005825427909810958,125
162,lakeTrout,0.038034227745207635,0.06967697645105872,-0.00530453820850012,126
163,lakeTrout,0.03804360690441755,0.0701807391113652,-0.004538319140612741,126
164,lakeTrout,0.037916426098460146,0.07021137952699189,-0.004209188310710507,127
165,lakeTrout,0.03808239205431658,0.07066856250270839,-0.003927022568839454,127
166,lakeTrout,0.03790691463491261,0.07066171555883494,-0.004165149035671845,128
167,lakeTrout,0.03783678301584971,0.07047979703223335,-0.004777120423673524,128
168,lakeTrout,0.037737170026749936,0.07016756187029145,-0.005258732845331467,129
169,lakeTrout,0.03742567158992956,0.06972915658062218,-0.005555501453475935,129
170,lakeTrout,0.03708939253163816,0.06928228511497458,-0.00598325933608057,130
171,lakeTrout,0.03713957961461077,0.06957774422098016,-0.006579009553947552,130
172,lakeTrout,0.037472166969474606,0.07027338803466467,-0.00641905657339086,131
173,lakeTrout,0.03750109120894235,0.0705188605786355,-0.006194281571290809,131
174,lakeTrout,0.037498439311759044,0.07050944849760472,-0.006349138043948647,132
175,lakeTrout,0.03743595194713501,0.07000694687788929,-0.006730335997470859,132
176,lakeTrout,0.03694947324395174,0.06910052856645404,-0.006882459143469221,133
177,lakeTrout,0.0362017600659589,0.06804172487628864,-0.00697733167806846,133
178,lakeTrout,0.03597231483993748,0.06762256611283035,-0.007410927295230455,134
179,lakeTrout,0.036097306621454106,0.06742989521526468,-0.007983773265283035,134
180,lakeTrout,0.03638714868054518,0.06802472943209531,-0.007855606634648985,135
181,lakeTrout,0.0366389599895086,0.06813803492241244,-0.007997477657839014,135
182,lakeTrout,0.036090881215569776,0.06715354731128328,-0.0075539682589683245,136
183,lakeTrout,0.03603516373217064,0.067367310953661,-0.007187680326278524,136
184,lakeTrout,0.035730771992363006,0.06677049513112782,-0.00736739455940295,137
185,lakeTrout,0.03535216577385093,0.06628114432680507,-0.00717610868454526,137
186,lakeTrout,0.034860191504530604,0.06555520720857211,-0.006713973129028869,138
187,lakeTrout,0.03480476634472089,0.06509002570118311,-0.0072024560526332175,138
188,lakeTrout,0.03486069274629579,0.06515205351284996,-0.0070463635495335245,139
189,lakeTrout,0.03488999901141633,0.06530700026542637,-0.0067994688056111354,139
190,lakeTrout,0.03499418454490856,0.06545455870431569,-0.0065272025089608355,140
191,lakeTrout,0.034786982854022416,0.06543914049580757,-0.006455337552332592,140
192,lakeTrout,0.03484022665049966,0.06547690934794902,-0.006974985508935772,141
193,lakeTrout,0.03500758781029943,0.06485155275806095,-0.008231257702208465,141
194,lakeTrout,0.03508547546147267,0.06454235049332786,-0.009640591806828256,142
195,lakeTrout,0.03481660990267723,0.06390540276526738,-0.01031641590192216,142
196,lakeTrout,0.03464000205578033,0.06346682680129029,-0.011132402871379593,143
197,lakeTrout,0.03463661487506466,0.06380501821415412,-0.011156454753344357,143
198,lakeTrout,0.03480391264168482,0.06389751565408834,-0.011703451603596706,144
199,lakeTrout,0.03533019415637539,0.06471601410042777,-0.012375499759312946,144
200,lakeTrout,0.03518143176282421,0.0644992214134033,-0.012201654768133613,145
201,lakeTrout,0.03539533783118665,0.06433260011400031,-0.013235916185465737,145
202,lakeTrout,0.0355207185125703,0.06450526653594199,-0.013780954761169908,146
203,lakeTrout,0.03526644622953367,0.06407573182368939,-0.014220410986206716,146
204,lakeTrout,0.0357667820434165,0.06485257703033553,-0.014639456771049322,147
205,lakeTrout,0.035455389845216144,0.06460876447769841,-0.01434781746361767,147
206,lakeTrout,0.03585258181023455,0.06586286398422318,-0.014057254552032798,148
207,lakeTrout,0.03553437230634408,0.06559523151749666,-0.013544111175564106,148
208,lakeTrout,0.03521572438996804,0.06553878747052984,-0.01302337101854919,149
209,lakeTrout,0.03495211179546583,0.06516184916361671,-0.0129439624144191,149
210,lakeTrout,0.034759505705304485,0.06485813532146731,-0.013203311058182463,150
211,lakeTrout,0.03462180505969511,0.06453134895530092,-0.013743568410793154,150
212,lakeTrout,0.0344808818519751,0.06408327132447164,-0.014613137246362191,151
213,lakeTrout,0.03440582252730019,0.06364904759393519,-0.01427277585563624,151
214,lakeTrout,0.03497494861442413,0.06424163116982441,-0.014638646707211824,152
215,lakeTrout,0.03478842685138624,0.06336663341254926,-0.014569076675275648,152
216,lakeTrout,0.03492142760159409,0.06375508735260174,-0.01437792391284255,153
217,lakeTrout,0.035399932654791175,0.06419832405083054,-0.014408271025686948,153
218,lakeTrout,0.035470616043209044,0.06459276346460505,-0.014119127137776756,154
219,lakeTrout,0.035382633736076516,0.06441277309141454,-0.014369634856655695,154
220,lakeTrout,0.035134794926365405,0.06437409079162264,-0.01325124479480006,155
221,lakeTrout,0.03549875294192602,0.06500226648046381,-0.013708932091993321,155
222,lakeTrout,0.0357178520633638,0.06449516963445143,-0.015070954849390809,156
223,lakeTrout,0.035985751319708936,0.0644037190250072,-0.015599992015428278,156
224,lakeTrout,0.03604000305405918,0.06406618182658028,-0.015831422143753625,157
225,lakeTrout,0.03625505080648924,0.06440252235689625,-0.01636548275016025,157
226,lakeTrout,0.036274367964336085,0.0655523646715035,-0.015551426577673845,158
227,lakeTrout,0.03586624761963877,0.06536710086875298,-0.015258544072464615,158
228,lakeTrout,0.035828506297252344,0.06590134837425922,-0.01526300494491317,159
229,lakeTrout,0.03631575097241508,0.06641905843474101,-0.01611514908319385,159
230,lakeTrout,0.03657789434096932,0.06628580784618891,-0.01701660223930434,160
231,lakeTrout,0.037027952141728146,0.06674274806834181,-0.017625226162550914,160
232,lakeTrout,0.03667076165296279,0.06639687430953685,-0.016841870721618076,161
233,lakeTrout,0.03670252365166917,0.06690460906876,-0.01623598409826889,161
234,lakeTrout,0.036727214083926776,0.06660317472259876,-0.01671496141825862,162
235,lakeTrout,0.03679232878775981,0.06672089914153607,-0.01670690611898954,162
236,lakeTrout,0.03711600511278787,0.06723024976832191,-0.017045881136572117,163
237,lakeTrout,0.03738818876183361,0.06774014766990835,-0.01721020862837876,163
238,lakeTrout,0.03723482682963578,0.06756478139919739,-0.016923889225764033,164
239,lakeTrout,0.03702737958117236,0.06764702016875287,-0.01671457194445682,164
240,lakeTrout,0.03689792242669266,0.06751297453413944,-0.01692010892842452,165
241,lakeTrout,0.03674190624576625,0.06683609017229561,-0.0174461432648211,165
242,lakeTrout,0.03659428560939348,0.06587170403387346,-0.01761418265523386,166
243,lakeTrout,0.03685250459123898,0.06641557686407673,-0.01767685041114762,166
244,lakeTrout,0.036383321499526625,0.06618156652508089,-0.016966021242362968,167
245,lakeTrout,0.0358140389747075,0.06537837447900036,-0.01633874154059527,167
246,lakeTrout,0.0355996092234388,0.06420583309093372,-0.017032362358797556,168
247,lakeTrout,0.035621146389995466,0.06288086448809528,-0.01848029455519799,168
248,lakeTrout,0.035760263947065295,0.061696424779585125,-0.019720300348352093,169
249,lakeTrout,0.034845877386767206,0.06074517105120857,-0.018780137660245003,169
250,lakeTrout,0.033201581298116525,0.05873719620524401,-0.01730154473405774,170
251,lakeTrout,0.05189151925463329,-0.025794942687046248,-0.009447593559809982,173
252,lakeTrout,0.05180905225286295,-0.026467788024084813,-0.011051254953039226,173
253,lakeTrout,0.051762299353006865,-0.02726990151637309,-0.011523586457002459,174
254,lakeTrout,0.05197022747041699,-0.028192329526099943,-0.012178752438019014,174
255,lakeTrout,0.05248656012868285,-0.029089458984281766,-0.012516180049730435,175
256,lakeTrout,0.053064038285322655,-0.030723678021167353,-0.011427213570639338,175
257,lakeTrout,0.053594551936847416,-0.0316708330074902,-0.010936254482661169,176
258,lakeTrout,0.05385998596901414,-0.03210919200482083,-0.010416171212676397,176
259,lakeTrout,0.05412385701918963,-0.03226629230448373,-0.010186782675219318,177
260,lakeTrout,0.054406854970295696,-0.032332891859102625,-0.01074901183279187,177
261,lakeTrout,0.05432302789243895,-0.03298420534472681,-0.010980994166032864,178
262,lakeTrout,0.05429849190492832,-0.03271086547858636,-0.011561299137125823,178
263,lakeTrout,0.05425741518202104,-0.0323557970111242,-0.012022371671395147,179
264,lakeTrout,0.05422659588050541,-0.032309976592298825,-0.013119609784132253,179
265,lakeTrout,0.05458225070736109,-0.03236056736785488,-0.014327436591281965,180
266,lakeTrout,0.05446037028408103,-0.032652484010330614,-0.014434919526609585,180
267,lakeTrout,0.05479333396435436,-0.03312808425972005,-0.014485083755797313,181
268,lakeTrout,0.054872383659874666,-0.03365542471308606,-0.014629320444680726,181
269,lakeTrout,0.05490189201047829,-0.034062463863503804,-0.014491093935544923,182
270,lakeTrout,0.054695766054275584,-0.03412673883237095,-0.014714320069483186,182
271,lakeTrout,0.054696528662367815,-0.034390714287350486,-0.014732228191293563,183
272,lakeTrout,0.054953190103482416,-0.03448570437869736,-0.01483578196178978,183
273,lakeTrout,0.055260435356319866,-0.034780786205838916,-0.015485354353413182,184
274,lakeTrout,0.05541471041561166,-0.034739062094818994,-0.015981196331835562,184
275,lakeTrout,0.05535128026070561,-0.034628761861995525,-0.016127055146169293,185
276,lakeTrout,0.05527432104129676,-0.03479828004247216,-0.016733396536882154,185
277,lakeTrout,0.055094387265504266,-0.034659814834823485,-0.01741817079220688,186
278,lakeTrout,0.05544359597179522,-0.034920767488555236,-0.018828960136830813,186
279,lakeTrout,0.05528077874514611,-0.03444162812747495,-0.02001838792233489,187
280,lakeTrout,0.05508565156137256,-0.034134912420044475,-0.020777368097418623,187
281,lakeTrout,0.05513123308388222,-0.034268036972912023,-0.02189376646236782,188
282,lakeTrout,0.05507371542782755,-0.034347723163524115,-0.022664767317822593,188
283,lakeTrout,0.054920674190049895,-0.03468341811344766,-0.02256427663631801,189
284,lakeTrout,0.055133052528848335,-0.03479920091911286,-0.022625503204639456,189
285,lakeTrout,0.05539078778795348,-0.03501570746245739,-0.02274719758465779,190
286,lakeTrout,0.055301485072464115,-0.03458404304858947,-0.0233942758511873,190
287,lakeTrout,0.05531305531581097,-0.03392859898979924,-0.02452293576884031,191
288,lakeTrout,0.055235917001730785,-0.03332749222453225,-0.02518715393119472,191
289,lakeTrout,0.055421152743665034,-0.033200146553597584,-0.025701273845723283,192
290,lakeTrout,0.05573557697763296,-0.03294433026404545,-0.02623249776545599,192
291,lakeTrout,0.05587650540091351,-0.03285928584859214,-0.026652060447405253,193
292,lakeTrout,0.05590449701091604,-0.032804449666634,-0.027555028033197777,193
293,lakeTrout,0.05563685210471481,-0.03222170902768893,-0.028758322694733444,194
294,lakeTrout,0.05543731981541184,-0.03175065476000569,-0.030250144925065236,194
295,lakeTrout,0.05515275103885735,-0.031738771155473085,-0.03209106482802102,195
296,lakeTrout,0.05530079215072584,-0.03191066491754793,-0.03312678125903397,195
297,lakeTrout,0.055529950706497695,-0.0323198219085671,-0.03366555468798878,196
298,lakeTrout,0.055426892397343545,-0.03289155906980501,-0.0333626225077436,196
299,lakeTrout,0.05538285011562144,-0.033590780691453444,-0.03324850397432673,197
300,lakeTrout,0.05524395772002971,-0.03449009346356011,-0.03258457079076211,197
301,lakeTrout,0.055141733643474085,-0.034903787907106285,-0.03263352966410187,198
302,lakeTrout,0.05515101407634141,-0.03468131122049313,-0.0340084782412048,198
303,lakeTrout,0.054852461449356224,-0.034000396310856315,-0.03456979650892229,199
304,lakeTrout,0.054810247743359,-0.03397043394354212,-0.03450433531793146,199
305,lakeTrout,0.054810899958064936,-0.034120224579711644,-0.03371433813057659,200
306,lakeTrout,0.05485980670326781,-0.03436607733154092,-0.03334242221649918,200
307,lakeTrout,0.05536609938686401,-0.03454224207839254,-0.03390589940748946,201
308,lakeTrout,0.05535205991112798,-0.03432019296069582,-0.03422504805421403,201
309,lakeTrout,0.05519740283739246,-0.033741973465622514,-0.03573580706033559,202
310,lakeTrout,0.05501143242748379,-0.03385524375533908,-0.037432424861348984,202
311,lakeTrout,0.054948140638429656,-0.034397496245021884,-0.038404454818035685,203
312,lakeTrout,0.054778272917396384,-0.0347781596853354,-0.03919139309052011,203
313,lakeTrout,0.05460452609754861,-0.03480689864460145,-0.03981235082044508,204
314,lakeTrout,0.05409356281841905,-0.03369907701419729,-0.04068305089931627,204
315,lakeTrout,0.05381157588599285,-0.03221015505883196,-0.042209206449986006,205
316,lakeTrout,0.053773449009016164,-0.03122684721140021,-0.043388230496954436,205
317,lakeTrout,0.053542488882353495,-0.031147637531272677,-0.04445679771624051,206
318,lakeTrout,0.05398188575030597,-0.031676348369343396,-0.04495338744903921,206
319,lakeTrout,0.05462025873425198,-0.03239657677711862,-0.044699488311687095,207
320,lakeTrout,0.054693990214057416,-0.03272639059418478,-0.04427545584687506,207
321,lakeTrout,0.05459363354421653,-0.032874485711221244,-0.04469542456956063,208
322,lakeTrout,0.054411125888538935,-0.0323663885010854,-0.04612738909021042,208
323,lakeTrout,0.05397598147992525,-0.03185834350656322,-0.04818162316001507,209
324,lakeTrout,0.05393290953534929,-0.031457918237151015,-0.05000199174707364,209
325,lakeTrout,0.053492853995774435,-0.031016861172862963,-0.05033698572180207,210
326,lakeTrout,0.0537307569558237,-0.03141921716256197,-0.04990934293942443,210
327,lakeTrout,0.05432686661121394,-0.032721180987509604,-0.048596088182226924,211
328,lakeTrout,0.05472309681094893,-0.03346282849323353,-0.048054775491472614,211
329,lakeTrout,0.054689683991802254,-0.033726349362842134,-0.048829734428777936,212
330,lakeTrout,0.054198489919270725,-0.03292316826916504,-0.050464879210807265,212
331,lakeTrout,0.05370173840061319,-0.03184732168414394,-0.05315390983718239,213
332,lakeTrout,0.05318073947180327,-0.03123651583425508,-0.0552441331870287,213
333,lakeTrout,0.05302319518552985,-0.030884433137997113,-0.05635742201481768,214
334,lakeTrout,0.0535574288491033,-0.03172705413787669,-0.05529656167311969,214
335,lakeTrout,0.05395748772153578,-0.032670334732264265,-0.05324272776219138,215
336,lakeTrout,0.054456075517401566,-0.03401780500317168,-0.0517391517184325,215
337,lakeTrout,0.054597834604444,-0.03481730066489971,-0.051485988626165685,216
338,lakeTrout,0.05450090322588806,-0.034696194021710924,-0.05234759622140253,216
339,lakeTrout,0.054071768775782646,-0.03416364166196458,-0.0541443758048385,217
340,lakeTrout,0.05390599082539283,-0.03380297942509577,-0.05627393989332956,217
341,lakeTrout,0.0533233781197579,-0.03369040119809339,-0.05718423994323255,218
342,lakeTrout,0.052952450214019786,-0.03375257433991306,-0.056997768840399414,218
343,lakeTrout,0.05341297112302816,-0.034463106036002174,-0.056119424728744094,219
344,lakeTrout,0.05342737663743248,-0.03541304793655498,-0.054172507939549426,219
345,lakeTrout,0.05374688924697179,-0.036048923512995296,-0.05409717210858933,220
346,lakeTrout,0.053939194269329305,-0.03620982280105217,-0.054435354229032736,220
347,lakeTrout,0.053581831788762274,-0.03603170060058585,-0.055246439911221884,221
348,lakeTrout,0.05323147557550956,-0.035801345927004305,-0.05654736466213551,221
349,lakeTrout,0.05267130465165445,-0.03470883456185724,-0.057077617267021305,222
350,lakeTrout,0.05242410781875082,-0.03370880445314243,-0.058413574265459914,222
351,lakeTrout,0.052597010662292956,-0.03422025635289553,-0.0594062739660382,223
352,lakeTrout,0.052873404375572426,-0.0347664394626899,-0.05845781548614924,223
353,lakeTrout,0.05296647571296555,-0.03554121381344711,-0.05688968095835514,224
354,lakeTrout,0.053454822126416515,-0.0370939938614757,-0.05523028449635322,224
355,lakeTrout,0.05351522591325999,-0.03771964469975721,-0.05364973907834957,225
356,lakeTrout,0.05373446501250412,-0.037417456201872666,-0.05412802141112695,225
357,lakeTrout,0.053574784436467494,-0.03644500302405813,-0.05582556288691856,226
358,lakeTrout,0.05309262008016913,-0.03502848592208549,-0.058796168405398905,226
359,lakeTrout,0.052279064748937676,-0.03298862814182244,-0.061142833157071766,227
360,lakeTrout,0.05191932142701118,-0.03205299034485143,-0.06182558507495295,227
361,lakeTrout,0.051611274427879585,-0.03209793726717119,-0.062332278756984855,228
362,lakeTrout,0.052212007496507236,-0.03313366056657382,-0.06242854747374157,228
363,lakeTrout,0.052338206794325215,-0.0344962718183492,-0.06252400414325919,229
364,lakeTrout,0.052656315927338215,-0.035162110847941554,-0.06188414618455444,229
365,lakeTrout,0.05271510760674652,-0.03574405768377741,-0.06097881980918001,230
366,lakeTrout,0.05290789235210937,-0.03660843596311535,-0.06078781221537269,230
367,lakeTrout,0.0529507718543705,-0.037479769442958735,-0.060479991677510635,231
368,lakeTrout,0.05264108314659012,-0.03755897135413786,-0.06032218909972749,231
369,lakeTrout,0.05213154307155778,-0.036609047917363136,-0.06055778374140483,232
370,lakeTrout,0.05201030835733057,-0.03508297668643739,-0.06229843372083336,232
371,lakeTrout,0.05169665786560185,-0.03373706743043824,-0.06389844057144765,233
372,lakeTrout,0.05180104771692558,-0.032480834107043895,-0.06577417762987293,233
373,lakeTrout,0.051721298627483626,-0.03141862932260936,-0.06575310855335531,234
374,lakeTrout,0.0522345082395534,-0.0320618954291861,-0.0650454056072382,234
375,lakeTrout,0.05210110419456398,-0.0332866331873003,-0.0643533731603352,235
376,lakeTrout,0.05210210316374709,-0.034675280299899504,-0.0637178995445802,235
377,lakeTrout,0.05228116660774396,-0.03600583425462194,-0.06399938031025845,236
378,lakeTrout,0.052453025319340554,-0.035739823227895366,-0.06374776300590625,236
379,lakeTrout,0.05261565086052205,-0.035433795778458364,-0.06340167543812177,237
380,lakeTrout,0.05242763742337713,-0.03496071458882736,-0.06331929624823796,237
381,lakeTrout,0.05225766864421002,-0.03477568221084355,-0.06379187488917527,238
382,lakeTrout,0.05221886863529143,-0.03464560929779134,-0.06398589905371353,238
383,lakeTrout,0.05226619711750989,-0.03456728186467334,-0.06359808698476062,239
384,lakeTrout,0.052659790082998176,-0.03512970988752451,-0.0629905701641451,239
385,lakeTrout,0.052791446760835525,-0.0354314875216534,-0.062323589786179724,240
386,lakeTrout,0.05276614307519535,-0.034354709319289356,-0.06181952845477577,240
387,lakeTrout,0.052431318021258715,-0.0332377461507157,-0.06122412080879711,241
388,lakeTrout,0.052272480951405034,-0.03237144499535146,-0.059496746302515995,241
389,lakeTrout,0.05237030025641629,-0.0321868983917963,-0.05883845939532527,242
390,lakeTrout,0.05267195040642513,-0.03227335630972738,-0.058787699215126284,242
391,lakeTrout,0.053217318004975075,-0.03200598282903333,-0.058100603893336024,243
392,lakeTrout,0.05328568230539968,-0.03193538661952833,-0.05745394824848461,243
393,lakeTrout,0.05321037793381849,-0.03224875082043746,-0.05780520372474205,244
394,lakeTrout,0.052848847265496164,-0.03235411329310474,-0.05864717833800069,244
395,lakeTrout,0.05247713263010529,-0.03257127317910782,-0.0602441049703922,245
396,lakeTrout,0.052207272104906915,-0.03271965631430388,-0.06108622486351195,245
397,lakeTrout,0.052308814101126894,-0.03268071917242172,-0.061091485327988984,246
398,lakeTrout,0.05227817200896984,-0.03239919036318988,-0.060361153846511126,246
399,lakeTrout,0.052284486366292994,-0.03220408955166782,-0.05922854253549049,247
400,lakeTrout,0.05265215894043943,-0.03250146052241925,-0.05777485564470786,247
401,lakeTrout,0.052863980691023285,-0.032478376993559266,-0.05532986492329903,248
402,lakeTrout,0.05351456689309335,-0.033292639141084934,-0.05251180554389667,248
403,lakeTrout,0.05387606755181589,-0.03386707400140328,-0.04982435988097979,249
404,lakeTrout,0.054175274361599426,-0.03395423586181275,-0.04835602739466074,249
405,lakeTrout,0.05440775426623775,-0.03372549852968496,-0.04640053821685646,250
406,lakeTrout,0.054431199969118785,-0.033020583385847894,-0.04410175753021837,250
407,lakeTrout,0.05423688802800626,-0.032571432459669,-0.04178334567907967,251
408,lakeTrout,0.054204861076545256,-0.03284681954841885,-0.03867492878641027,251
409,lakeTrout,0.05482126546119177,-0.0321184784659423,-0.03529824321961101,252
410,lakeTrout,0.0553114386782645,-0.031874507019638794,-0.031154150747800948,252
411,lakeTrout,0.05561023899105004,-0.03250826745640975,-0.02732866891920387,253
412,lakeTrout,0.05566252272676472,-0.03276250948001972,-0.024845707871303187,253
413,lakeTrout,0.055772583912836474,-0.032331856828990244,-0.02269151190017178,254
414,lakeTrout,0.05566912021382273,-0.030621341895491327,-0.021401730281054698,254
415,lakeTrout,0.05587438641577632,-0.028428945216943564,-0.01952352455145389,255
416,lakeTrout,0.055610635985877864,-0.027456863077008627,-0.01566208703034718,255
417,lakeTrout,0.05562712403023002,-0.02607206711261827,-0.012654955597997543,256
418,lakeTrout,0.055477392618404994,-0.025042268732391067,-0.00955080271649146,256
419,lakeTrout,0.05511731491551402,-0.024230031184027424,-0.006804543266634064,257
420,lakeTrout,0.0547186132201296,-0.0233930280692061,-0.005509447877533667,257
421,lakeTrout,0.054016561702621216,-0.022226200747245687,-0.004782880541933516,258
422,lakeTrout,0.05338352296571537,-0.01966821395509344,-0.004269612129162663,258
423,lakeTrout,0.05259059759396432,-0.016948858863483796,-0.0026851358250362103,259
424,lakeTrout,0.05168553650030388,-0.016030626368442782,-0.0007992877142697796,259
425,lakeTrout,0.0509706945090076,-0.014767473580030575,0.0012471844659454447,260
0,lakeWhitefish,0.0583524150337909,0.08472685093325552,0.008095582744428807,45
1,lakeWhitefish,0.058447378153565266,0.08499119322353543,0.007802349033753123,45
2,lakeWhitefish,0.05862130934544579,0.08474008804083932,0.00750625927415139,46
3,lakeWhitefish,0.05880593521387012,0.08544571729993955,0.008318902052744964,46
4,lakeWhitefish,0.05881649135970844,0.08655664970576259,0.008846290235185822,47
5,lakeWhitefish,0.05819434370876017,0.08724561996776506,0.0095039120747612,47
6,lakeWhitefish,0.05788995730322148,0.08874641825875419,0.009980995512426594,48
7,lakeWhitefish,0.05746018127025409,0.08999985048006655,0.010495474374022429,48
8,lakeWhitefish,0.05702526152495854,0.0908958530076588,0.010587700783783544,49
9,lakeWhitefish,0.05653853597640714,0.09130987256164722,0.010219762434369103,49
10,lakeWhitefish,0.05615741797991694,0.09100863925359925,0.009682643714191768,50
11,lakeWhitefish,0.05623453264065453,0.09119840737344911,0.009811532411234815,50
12,lakeWhitefish,0.05617791828224011,0.09091026651076395,0.009505176094545403,51
13,lakeWhitefish,0.056508829414163506,0.09121450844906136,0.009614776405672662,51
14,lakeWhitefish,0.05695505056381253,0.0914784990045314,0.009969601240206023,52
15,lakeWhitefish,0.05724118628405569,0.09156108114169388,0.009937864622737554,52
16,lakeWhitefish,0.05712912043236219,0.09112687234242972,0.010340950161494352,53
17,lakeWhitefish,0.0571582316751278,0.09073904660661891,0.01145374285798159,53
18,lakeWhitefish,0.057231268764505266,0.09027658244660208,0.012582167097486227,54
19,lakeWhitefish,0.05741788229739225,0.0897913435895028,0.013300069369548619,54
20,lakeWhitefish,0.05752170157354265,0.08923409659006505,0.01406679546169066,55
21,lakeWhitefish,0.05762237005559711,0.08838633017988373,0.014305692197560201,55
22,lakeWhitefish,0.057738648328280316,0.08786782283881722,0.013223736984954333,56
23,lakeWhitefish,0.05800269162302585,0.08786366467328854,0.011343916175353115,56
24,lakeWhitefish,0.05814284172108708,0.08712523618577449,0.009878252607405153,57
25,lakeWhitefish,0.05848237538550363,0.08717166175676042,0.009210516331575847,57
26,lakeWhitefish,0.05878209563872683,0.0871337992430449,0.00922375964408857,58
27,lakeWhitefish,0.05914454204619224,0.08696426337444434,0.008429226157962877,58
28,lakeWhitefish,0.05926179120335114,0.08649712619310279,0.006694163404544547,59
29,lakeWhitefish,0.05924569879528204,0.08679273300979462,0.005877877136808005,59
30,lakeWhitefish,0.05922666863525987,0.08670491968293137,0.005928747479887712,60
31,lakeWhitefish,0.05888871582642284,0.0865391703960741,0.005927546982812322,60
32,lakeWhitefish,0.058832952775240276,0.08705417551326358,0.007056780543879608,61
33,lakeWhitefish,0.05849006622506186,0.08730521422676381,0.008203154845786343,61
34,lakeWhitefish,0.05851889269330043,0.08734582149207211,0.009725687843836865,62
35,lakeWhitefish,0.05870884962298305,0.08684884879270761,0.011436200707288124,62
36,lakeWhitefish,0.05870375527394093,0.08560892486393092,0.01208254215147171,63
37,lakeWhitefish,0.05896964435371841,0.08467502161032331,0.013189394116515745,63
38,lakeWhitefish,0.05915773091863382,0.08392077468171319,0.014529661174110716,64
39,lakeWhitefish,0.059335543128918734,0.08291744291271885,0.015240279682117382,64
40,lakeWhitefish,0.059871824752758776,0.08249187692688607,0.015224188874257217,65
41,lakeWhitefish,0.060059443101030265,0.08166931710278288,0.015675578790789305,65
42,lakeWhitefish,0.060249652618099225,0.0814134393599493,0.016430290979899696,66
43,lakeWhitefish,0.0602719273906414,0.08103844220967762,0.01647578543655403,66
44,lakeWhitefish,0.06054217172910486,0.08119720825006038,0.01553335282003374,67
45,lakeWhitefish,0.06050381910897003,0.08085769163288818,0.01489667218751116,67
46,lakeWhitefish,0.060527515060686356,0.08075731093823302,0.014029474317401472,68
47,lakeWhitefish,0.06040515031887069,0.08092287998144136,0.01273045679099203,68
48,lakeWhitefish,0.06033861537364967,0.08061826351703098,0.01161965162636782,69
49,lakeWhitefish,0.06020529559061316,0.08014009958218865,0.010696614830895255,69
50,lakeWhitefish,0.0601507528065293,0.07985933873849982,0.010521711594760489,70
51,lakeWhitefish,0.06000788458954937,0.07971304626504526,0.010042554449505534,70
52,lakeWhitefish,0.060308521469531876,0.07997853447450094,0.011126501592749024,71
53,lakeWhitefish,0.06058890397472834,0.08051291174132,0.01169211640309166,71
54,lakeWhitefish,0.06050924643824654,0.08062861105999403,0.01229316094620376,72
55,lakeWhitefish,0.06039377736679409,0.08063290936307525,0.012878849956359177,72
56,lakeWhitefish,0.06059514028570057,0.08072948037648967,0.012304410848214754,73
57,lakeWhitefish,0.06048970132020133,0.08058085923159872,0.012139748339370584,73
58,lakeWhitefish,0.06051078544204268,0.08060066947923825,0.012798465115436024,74
59,lakeWhitefish,0.06055939306295623,0.08072034503238984,0.013025704455998982,74
60,lakeWhitefish,0.060772238276849654,0.08087017751840524,0.013464482174428048,75
61,lakeWhitefish,0.06099376884742079,0.0806912842028341,0.01462080570402767,75
62,lakeWhitefish,0.061152967655021255,0.08025529099488739,0.015413220461743985,76
63,lakeWhitefish,0.06114772510732459,0.0793425458108338,0.016735897535946957,76
64,lakeWhitefish,0.06132971752749324,0.0789806040711211,0.01856634425983835,77
65,lakeWhitefish,0.061431478725711676,0.07903157291305869,0.020261352738049094,77
66,lakeWhitefish,0.061628751507459834,0.0787941834790034,0.02154412657798397,78
67,lakeWhitefish,0.06151931055839895,0.07835482700368057,0.022881785012024876,78
68,lakeWhitefish,0.061475346095302016,0.07802112093523098,0.022833748698176184,79
69,lakeWhitefish,0.0617436441808336,0.07754313657840926,0.023105670899459314,79
70,lakeWhitefish,0.06163501115972785,0.07680344290542952,0.022980658306425036,80
71,lakeWhitefish,0.06135765184134531,0.07612322358170895,0.022716644773461084,80
72,lakeWhitefish,0.06133066718809664,0.07557100257141133,0.023521310512340084,81
73,lakeWhitefish,0.06159910685200629,0.0749109823045239,0.02451000315854351,81
74,lakeWhitefish,0.0618035234710938,0.07426968626745035,0.024715892687645482,82
75,lakeWhitefish,0.06171161794074794,0.07357047566612891,0.02502880173342873,82
76,lakeWhitefish,0.06158552437135999,0.07301245779666539,0.02460932537247912,83
77,lakeWhitefish,0.06143512102683286,0.07258072612991488,0.023366452917668642,83
78,lakeWhitefish,0.06146517157287428,0.07224307573849022,0.022711393950376746,84
79,lakeWhitefish,0.0614173733697906,0.07203786695142464,0.022041608943963904,84
80,lakeWhitefish,0.06128643011441934,0.07264379169159878,0.020692872893500844,85
81,lakeWhitefish,0.06086837877412185,0.07316189593367774,0.018562861422688908,85
82,lakeWhitefish,0.06067059413396548,0.07352123044895628,0.01627354084049633,86
83,lakeWhitefish,0.0606416481981555,0.0732634449026646,0.014082672392556228,86
84,lakeWhitefish,0.06046855008989085,0.07227736015795498,0.010459187377335049,87
85,lakeWhitefish,0.05985040291250063,0.07143664285512971,0.005342610468624469,87
86,lakeWhitefish,0.05946515584596614,0.07052041559013392,0.00145570899619863,88
87,lakeWhitefish,0.05937436913374439,0.07008750753858738,-0.0005572037855396378,88
88,lakeWhitefish,0.0593226952839884,0.07019692273218064,-0.0009582897352740141,89
89,lakeWhitefish,0.05951963962861707,0.06994778958892825,-0.0009948889427202304,89
90,lakeWhitefish,0.06601889528751986,-0.00768683449796784,-0.022280682233609576,173
91,lakeWhitefish,0.06588604849683716,-0.008359254765511264,-0.026467484324995506,173
92,lakeWhitefish,0.06585941866620666,-0.009500960651448542,-0.03030045892799719,174
93,lakeWhitefish,0.06587455520502655,-0.010666263938717769,-0.03314119786875662,174
94,lakeWhitefish,0.0655262799709503,-0.010986745017354593,-0.035624475749134264,175
95,lakeWhitefish,0.06588593533658708,-0.010367928815029877,-0.042402998423628435,175
96,lakeWhitefish,0.06600016759549865,-0.009693557347056481,-0.05008930867608299,176
97,lakeWhitefish,0.06555605537656262,-0.00921459765603538,-0.057166962710433124,176
98,lakeWhitefish,0.06596257548933034,-0.009434105551829214,-0.062475410235495916,177
99,lakeWhitefish,0.06571415475937883,-0.009318233369252327,-0.06651615776235743,177
100,lakeWhitefish,0.06577837597735814,-0.008845244951392404,-0.0688081001277769,178
101,lakeWhitefish,0.06586664526500084,-0.009721263049217976,-0.06884205421512012,178
102,lakeWhitefish,0.0661356519130809,-0.010812471446613476,-0.06797131836834512,179
103,lakeWhitefish,0.06630529269462185,-0.011315716459339773,-0.06999672568649755,179
104,lakeWhitefish,0.06624588503384686,-0.011873734980637715,-0.0729467048941779,180
105,lakeWhitefish,0.06611647358219658,-0.011633099158816744,-0.07679153852923232,180
106,lakeWhitefish,0.06579532106679313,-0.011358900813477369,-0.08007039544763123,181
107,lakeWhitefish,0.06579610780511352,-0.010652860581794467,-0.08420613742605523,181
108,lakeWhitefish,0.06544689193244876,-0.01023706610481919,-0.08752378502150028,182
109,lakeWhitefish,0.06538494558117616,-0.010872746145286273,-0.08946785492974368,182
110,lakeWhitefish,0.06559754377257745,-0.011592260826657977,-0.09133573492949829,183
111,lakeWhitefish,0.06571569037236558,-0.012175888299593911,-0.09251856863751894,183
112,lakeWhitefish,0.06587279287082246,-0.012587695581270285,-0.09330741818113442,184
113,lakeWhitefish,0.06602602447461603,-0.012958309684589858,-0.09343929211689068,184
114,lakeWhitefish,0.06614430511843006,-0.012998417781294425,-0.0942885880425633,185
115,lakeWhitefish,0.06599513102601,-0.0121402962742479,-0.09285893929080251,185
116,lakeWhitefish,0.06615354956320046,-0.012359727846999187,-0.0911826128506382,186
117,lakeWhitefish,0.06642138722460414,-0.013302696298529981,-0.0909650569809375,186
118,lakeWhitefish,0.0665429759010451,-0.014148917759500742,-0.08990410938505482,187
119,lakeWhitefish,0.06600739629838856,-0.013424224711192246,-0.09023549033761234,187
120,lakeWhitefish,0.06602511433617164,-0.013692486993655318,-0.09184628747415499,188
121,lakeWhitefish,0.06593620969512537,-0.013732489338487718,-0.09488181497913148,188
122,lakeWhitefish,0.06580524009189215,-0.01322024784807171,-0.09761913855423908,189
123,lakeWhitefish,0.06575866478650524,-0.013356618295250674,-0.09949877873519114,189
124,lakeWhitefish,0.06561959610558694,-0.013090093417576677,-0.10092491023286788,190
125,lakeWhitefish,0.06546787229070275,-0.013153120044954733,-0.09905455371124185,190
126,lakeWhitefish,0.06588815395921405,-0.014413352583498176,-0.09662265077893255,191
127,lakeWhitefish,0.065925321375938,-0.015402182787001626,-0.09314683396144462,191
128,lakeWhitefish,0.06579371953958231,-0.01597286448072583,-0.0901967621909311,192
129,lakeWhitefish,0.06596851679630807,-0.01728733483165731,-0.08674726552964679,192
130,lakeWhitefish,0.06600201271171241,-0.018938476349237513,-0.08375113010300858,193
131,lakeWhitefish,0.06607811749967493,-0.0210601474845202,-0.07923985656628274,193
132,lakeWhitefish,0.06591387725466608,-0.022746514024663888,-0.07452710114258712,194
133,lakeWhitefish,0.06586874711654248,-0.023959567264905456,-0.070911327166516,194
134,lakeWhitefish,0.06544381808840759,-0.025316933544403664,-0.066605292577826,195
135,lakeWhitefish,0.06544171352453435,-0.026719829939169628,-0.0664639472292754,195
136,lakeWhitefish,0.06539688506811595,-0.027320798454570926,-0.06585968340448836,196
137,lakeWhitefish,0.06527064613907611,-0.027770734769359092,-0.06684043332844439,196
138,lakeWhitefish,0.06541000114931499,-0.029031584788417338,-0.0671391839408047,197
139,lakeWhitefish,0.06547091943195896,-0.028993486390797855,-0.06740135993136605,197
140,lakeWhitefish,0.06524540608989461,-0.028576113743784482,-0.06866327238698994,198
141,lakeWhitefish,0.0650334424462682,-0.028310742967077897,-0.06995042476412444,198
142,lakeWhitefish,0.06474530943053311,-0.028119719316276503,-0.06846590173056145,199
143,lakeWhitefish,0.06492161931464385,-0.029056947505513284,-0.06747615570468161,199
144,lakeWhitefish,0.0649086747916984,-0.02984071989315845,-0.06641082898639256,200
145,lakeWhitefish,0.06469019488752469,-0.030111677058434313,-0.06496181065691592,200
146,lakeWhitefish,0.06466967757399585,-0.03135265416985923,-0.06439496453725553,201
147,lakeWhitefish,0.06460536658184624,-0.032693882044211905,-0.06316416659502637,201
148,lakeWhitefish,0.06431158875394244,-0.03367122045326166,-0.061976087298884805,202
149,lakeWhitefish,0.06462970617528654,-0.03497207808775934,-0.06004721135253884,202
150,lakeWhitefish,0.06478549100648026,-0.03540996990683652,-0.058860711017560706,203
151,lakeWhitefish,0.06462620620945501,-0.03657550276468321,-0.056710885572756525,203
152,lakeWhitefish,0.06445358396125275,-0.03845598486979234,-0.05281872845396692,204
153,lakeWhitefish,0.06424763066642464,-0.04013898138345474,-0.04687502338316622,204
154,lakeWhitefish,0.0636843026382754,-0.04215863464202072,-0.03982699215197427,205
155,lakeWhitefish,0.06352548768638996,-0.0434505573748049,-0.038423499118557414,205
156,lakeWhitefish,0.06366856810020428,-0.0444892393929395,-0.03845689718125203,206
157,lakeWhitefish,0.06395639163370337,-0.044536540140861676,-0.04014913619037124,206
158,lakeWhitefish,0.06392883620559736,-0.04411198960853286,-0.042343481557886725,207
159,lakeWhitefish,0.06427589909169001,-0.04479234114974819,-0.042483790378206404,207
160,lakeWhitefish,0.06391144930807675,-0.045230079417789164,-0.04161030783342312,208
161,lakeWhitefish,0.06337352695256825,-0.04639561173009618,-0.039993912471360485,208
162,lakeWhitefish,0.06308510008078957,-0.048487367363229984,-0.03949953891224856,209
163,lakeWhitefish,0.06299526512073153,-0.05002496587322264,-0.038477818611479454,209
164,lakeWhitefish,0.06273591206978126,-0.04994379186105929,-0.038448119456034845,210
165,lakeWhitefish,0.06299698023348464,-0.04994665159635251,-0.03964678416405273,210
166,lakeWhitefish,0.06315620909677624,-0.04926668162245158,-0.04094474547311968,211
167,lakeWhitefish,0.06320417710054643,-0.04937284554202131,-0.037940293747916964,211
168,lakeWhitefish,0.06312454821019772,-0.04981171196112304,-0.033500728058463866,212
169,lakeWhitefish,0.06322641217514956,-0.05166920258124947,-0.028985253799777896,212
170,lakeWhitefish,0.06296400619145717,-0.05344441768273563,-0.024119252757841016,213
171,lakeWhitefish,0.06270415625124422,-0.05457679494073545,-0.022745865860294767,213
172,lakeWhitefish,0.06242062180633539,-0.054381488855107185,-0.023718210185064086,214
173,lakeWhitefish,0.06264265954710217,-0.052850000925577026,-0.027351152453622834,214
174,lakeWhitefish,0.0629250752299736,-0.05140835365550927,-0.030703601614982323,215
175,lakeWhitefish,0.063024017138833,-0.051194833719955535,-0.03561306827324805,215
176,lakeWhitefish,0.06277437268722483,-0.05104148867240107,-0.038220535204655376,216
177,lakeWhitefish,0.06239803674531173,-0.051527371083641804,-0.04006877503509264,216
178,lakeWhitefish,0.06209090651219545,-0.053329094205821985,-0.04034108230388125,217
179,lakeWhitefish,0.06212152342062747,-0.05503583285226946,-0.03938135783483863,217
180,lakeWhitefish,0.06186206657547645,-0.05532580492636171,-0.03938512373494912,218
181,lakeWhitefish,0.06178225882546495,-0.05561960819957857,-0.03690955399152557,218
182,lakeWhitefish,0.06180612869329515,-0.0563320651741028,-0.034534877316618334,219
183,lakeWhitefish,0.062198915570226394,-0.05576569782391741,-0.03395447676167162,219
184,lakeWhitefish,0.06206165041317974,-0.05568626170229264,-0.03135765372905026,220
185,lakeWhitefish,0.061992657303613564,-0.05677194026833595,-0.03275272158709861,220
186,lakeWhitefish,0.06177849175415867,-0.05812188266466162,-0.03320141173603802,221
187,lakeWhitefish,0.06142567171272964,-0.059165596705483506,-0.031113659030237648,221
188,lakeWhitefish,0.0612577728956229,-0.06008630290809059,-0.033106823550239195,222
189,lakeWhitefish,0.061313153983459705,-0.061378043211103524,-0.029764266828237743,222
190,lakeWhitefish,0.061466436887682475,-0.06216972238812742,-0.024747331660914716,223
191,lakeWhitefish,0.061642934695622535,-0.0620865392041231,-0.021559392802754485,223
192,lakeWhitefish,0.06134235186582905,-0.06167209024799334,-0.01746012743438011,224
193,lakeWhitefish,0.06097127256411813,-0.06118573377653217,-0.018031283087250216,224
194,lakeWhitefish,0.060618022651905704,-0.06127827562557946,-0.017335873141663048,225
195,lakeWhitefish,0.060403611413273384,-0.061882173716576325,-0.012974422594308876,225
196,lakeWhitefish,0.0604587434882287,-0.062413088667041115,-0.010068325594399687,226
197,lakeWhitefish,0.061085319228041016,-0.0635198017322102,-0.004031397483534641,226
198,lakeWhitefish,0.06081599854820663,-0.06514154952810229,0.003215505946545505,227
199,lakeWhitefish,0.06019017965272333,-0.0663667717998857,0.009449497491859075,227
200,lakeWhitefish,0.05983783557853048,-0.06786461784361165,0.014257120357044495,228
201,lakeWhitefish,0.05960709914523124,-0.06782406081030984,0.013963079622116369,228
202,lakeWhitefish,0.059455170016764404,-0.06846979027871916,0.013700628470442703,229
203,lakeWhitefish,0.059534786123220454,-0.06866820834119763,0.0126756165829025,229
204,lakeWhitefish,0.05969453248749528,-0.0675820522722178,0.013908020810567783,230
205,lakeWhitefish,0.059824488426354766,-0.06744556738408344,0.017802780328330714,230
206,lakeWhitefish,0.05970615981633158,-0.0681046727979805,0.0220566484728627,231
207,lakeWhitefish,0.05930818068705418,-0.06887378498562985,0.026509355947905797,231
208,lakeWhitefish,0.05874457910576962,-0.06985105670119188,0.03026943495236116,232
209,lakeWhitefish,0.05845824026843446,-0.07141571424518066,0.03403485822621812,232
210,lakeWhitefish,0.058360872375392656,-0.07213541407069612,0.03623760005940078,233
211,lakeWhitefish,0.05844822233353069,-0.07233823161739245,0.03615260578754599,233
212,lakeWhitefish,0.05818746376355402,-0.07192863912747419,0.03611601484727711,234
213,lakeWhitefish,0.05820825327281318,-0.07246703992168568,0.0343235307220236,234
214,lakeWhitefish,0.05830711589700461,-0.07277943092861927,0.03351503303888439,235
215,lakeWhitefish,0.058042599998218945,-0.07285151618583144,0.03158850169314897,235
216,lakeWhitefish,0.05759383245171994,-0.07308891443314862,0.030263113194966416,236
217,lakeWhitefish,0.05742966417874224,-0.07405698894991283,0.03469284871740181,236
218,lakeWhitefish,0.05726527415951144,-0.07470965456799389,0.03759449125206441,237
219,lakeWhitefish,0.05748330082114901,-0.07526403671555401,0.0426711524207113,237
220,lakeWhitefish,0.05758102522684001,-0.07517582233641668,0.04770355451515355,238
221,lakeWhitefish,0.05771746059961894,-0.07401094943005242,0.051129331627681456,238
222,lakeWhitefish,0.05792348735859811,-0.07379263727562428,0.05675795777283313,239
223,lakeWhitefish,0.057953003931063396,-0.07307193528916565,0.058597323201559345,239
224,lakeWhitefish,0.057790474800957115,-0.07254550684927397,0.06067476404709198,240
225,lakeWhitefish,0.057843132224148726,-0.07203347143405606,0.06675222596982062,240
226,lakeWhitefish,0.05756584873719001,-0.07102985791434131,0.0716845279830559,241
227,lakeWhitefish,0.05767490217267117,-0.07021460622595324,0.07586272046043384,241
228,lakeWhitefish,0.057879419143024864,-0.06905863980788779,0.08037193749772577,242
229,lakeWhitefish,0.057954141139300426,-0.06918246937319177,0.08459832593395333,242
230,lakeWhitefish,0.05815577691615395,-0.06830257719847448,0.0905009108365324,243
231,lakeWhitefish,0.058209373741992594,-0.0679830786854137,0.09582234701562739,243
232,lakeWhitefish,0.058103464443072114,-0.06815881117324861,0.10123187433239096,244
233,lakeWhitefish,0.05798374414709649,-0.06880349684322587,0.10548617122024932,244
234,lakeWhitefish,0.05803779215899605,-0.06958314539424618,0.10969207588946447,245
235,lakeWhitefish,0.057563424036809405,-0.06933628320072802,0.11367128749954841,245
236,lakeWhitefish,0.057319211529308516,-0.06810527125977991,0.11827315827972655,246
237,lakeWhitefish,0.05741678036284158,-0.06766202644225058,0.12296905975579775,246
238,lakeWhitefish,0.057731226054646,-0.06639819944567195,0.12564673043386723,247
239,lakeWhitefish,0.05794462336214612,-0.0642183542222326,0.12742993077034676,247
240,lakeWhitefish,0.058412658100191035,-0.061792909191592124,0.12770532827854242,248
241,lakeWhitefish,0.05863558146462126,-0.05792562761156437,0.12213666166190161,248
242,lakeWhitefish,0.05883560037953427,-0.055792729242568326,0.11976218813138544,249
243,lakeWhitefish,0.0590719538018449,-0.05351038502239589,0.1219099752934555,249
244,lakeWhitefish,0.05922596951539096,-0.04992277976536123,0.12392928285033304,250
245,lakeWhitefish,0.05989180320498076,-0.04759871308609184,0.1277318512425709,250
246,lakeWhitefish,0.060145259578673234,-0.04493130159474759,0.1315006793502721,251
247,lakeWhitefish,0.060389951318576045,-0.04189118274348031,0.1294980844186208,251
248,lakeWhitefish,0.0604211230554558,-0.03890214445809438,0.12993158756097611,252
249,lakeWhitefish,0.06038241559852934,-0.035189280618501004,0.126249495247265,252
250,lakeWhitefish,0.06040280975160804,-0.030390851905134166,0.12182993425175603,253
251,lakeWhitefish,0.0604377469307186,-0.02661679497230068,0.11750896429658962,253
252,lakeWhitefish,0.06070193648390874,-0.023367834517385493,0.11495915805580723,254
253,lakeWhitefish,0.06094281550725829,-0.021562310501973145,0.12039880309324233,254
254,lakeWhitefish,0.0611916049931177,-0.020128657555953902,0.12549363777712003,255
255,lakeWhitefish,0.06127016920131802,-0.01855780564648315,0.12477148428704743,255
256,lakeWhitefish,0.06170639050845289,-0.016853354742304053,0.12623952147370948,256
257,lakeWhitefish,0.06148945411369465,-0.013629303520271622,0.1253302736043134,256
258,lakeWhitefish,0.06112077995872075,-0.011808924231499675,0.12527230426894387,257
259,lakeWhitefish,0.060892894751787094,-0.010209189772395369,0.12412667623471503,257
260,lakeWhitefish,0.0611624967773306,-0.008972800468550621,0.12463374467067825,258
261,lakeWhitefish,0.0608635834160258,-0.008445671740049164,0.12535230661515323,258
262,lakeWhitefish,0.060004048191096886,-0.0072984752648561834,0.1265982305507893,259
263,lakeWhitefish,0.059822649979236725,-0.006594700796205927,0.12336740386656084,259
264,lakeWhitefish,0.05968020212800533,-0.005326909386815379,0.11969056888365542,260
0,smallmouthBass,0.0344453356197684,-0.04014611622138601,0.054379570908029265,45
1,smallmouthBass,0.033403567134679735,-0.038284125333699626,0.058869736911888126,45
2,smallmouthBass,0.03299391132647955,-0.03673340040746498,0.06293786161707221,46
3,smallmouthBass,0.03265415182022144,-0.03656394912443617,0.06903333287454372,46
4,smallmouthBass,0.03284847791325385,-0.03715666718568905,0.0759160144087756,47
5,smallmouthBass,0.032949119943456735,-0.03755825043421514,0.08250814722080657,47
6,smallmouthBass,0.032745902251718924,-0.0388425441674256,0.08772381594540071,48
7,smallmouthBass,0.03248644570172539,-0.04002629486009642,0.09103903164370603,48
8,smallmouthBass,0.031088464750611992,-0.04008357280509447,0.09217308024672988,49
9,smallmouthBass,0.03047752808883018,-0.040067307146651396,0.09297628814504924,49
10,smallmouthBass,0.03114716912422805,-0.04022793272126309,0.09411110584023985,50
11,smallmouthBass,0.03225835897992889,-0.04081037711011841,0.0943941013178323,50
12,smallmouthBass,0.032624706659653654,-0.040745645184389105,0.09547762029564907,51
13,smallmouthBass,0.032779294304330714,-0.04100067725247148,0.09556544767896609,51
14,smallmouthBass,0.0329773452052879,-0.04266407899995661,0.09445714194862748,52
15,smallmouthBass,0.03257126729753344,-0.04374976955989024,0.09410198712269768,52
16,smallmouthBass,0.03305220753955869,-0.04549770337913048,0.09372595742888704,53
17,smallmouthBass,0.03331934401466716,-0.045597756233374837,0.09351715973702171,53
18,smallmouthBass,0.03389473634887243,-0.04569444080552643,0.09361022682780426,54
19,smallmouthBass,0.03417685893939569,-0.0456446686556824,0.0941694219261242,54
20,smallmouthBass,0.03493614914842406,-0.04520574863998647,0.09606043447649512,55
21,smallmouthBass,0.03518701192165077,-0.04412488121914035,0.09811985185524805,55
22,smallmouthBass,0.036469668218578395,-0.04343944537079159,0.09791809369123114,56
23,smallmouthBass,0.0385470777215756,-0.043407786229839686,0.09887484313900571,56
24,smallmouthBass,0.039462773117105845,-0.04231149166496543,0.09800862717598045,57
25,smallmouthBass,0.040274673234811646,-0.040870691538311105,0.09786383187940814,57
26,smallmouthBass,0.04175833189906575,-0.040109731239749154,0.09886296329767551,58
27,smallmouthBass,0.04200062874750298,-0.03810585665784185,0.09880903113589151,58
28,smallmouthBass,0.04296293579014243,-0.03711321344139404,0.10000679465774193,59
29,smallmouthBass,0.04240557087100094,-0.0350792241974792,0.09864696280024723,59
30,smallmouthBass,0.04184747564328098,-0.033737857319287634,0.09882900582574064,60
31,smallmouthBass,0.04112490894356064,-0.032248875788663034,0.09825441246289306,60
32,smallmouthBass,0.04066354311317909,-0.03167910943528285,0.10015763139552532,61
33,smallmouthBass,0.04044661244366845,-0.03053900861175728,0.10404812414831378,61
34,smallmouthBass,0.03989504447985225,-0.030362083498533764,0.10741535801353515,62
35,smallmouthBass,0.03942864533934303,-0.030575399880467865,0.11026563479829478,62
36,smallmouthBass,0.039500000173403695,-0.030872122279855863,0.11202529035021445,63
37,smallmouthBass,0.03985189622482531,-0.03164524321575283,0.11272659250504741,63
38,smallmouthBass,0.040445666166434226,-0.03246095459042689,0.11276440324205833,64
39,smallmouthBass,0.040401536626202175,-0.03372672881183593,0.11117057441888067,64
40,smallmouthBass,0.040512937147292635,-0.03600570305185769,0.11082201431344427,65
41,smallmouthBass,0.04094234827262066,-0.038051912285657345,0.10807299546729153,65
42,smallmouthBass,0.04141292355009241,-0.03928960416533994,0.10667380823384795,66
43,smallmouthBass,0.04130272266747901,-0.039732247820540974,0.10380195524319552,66
44,smallmouthBass,0.041905795080861695,-0.0403940853580029,0.1027763193139794,67
45,smallmouthBass,0.04212399401121242,-0.04044806662977165,0.10122236618957602,67
46,smallmouthBass,0.04270016891041077,-0.03994870346633515,0.09883562128915022,68
47,smallmouthBass,0.042934717625351726,-0.03887693303850308,0.09522464515462077,68
48,smallmouthBass,0.043635119880766564,-0.0388208720350724,0.0947083094659914,69
49,smallmouthBass,0.043358700343400065,-0.038333763329906345,0.09416223087980545,69
50,smallmouthBass,0.043578604483886445,-0.0385246749731415,0.09428962928832026,70
51,smallmouthBass,0.04271952479621605,-0.03890555527990933,0.09364058452256079,70
52,smallmouthBass,0.04228030571611821,-0.04038371032887348,0.09476117513214952,71
53,smallmouthBass,0.04211972352580481,-0.04083230254117179,0.09610449883876955,71
54,smallmouthBass,0.04188839808474663,-0.042011530111950156,0.09667264992041799,72
55,smallmouthBass,0.04187504168821719,-0.04280313345063217,0.09718018231524173,72
56,smallmouthBass,0.04210365151624962,-0.04399545100845615,0.09629415598782136,73
57,smallmouthBass,0.04259471266671891,-0.04591105543573178,0.09545828573643975,73
58,smallmouthBass,0.04315300616843339,-0.0466779870279529,0.09447156047259922,74
59,smallmouthBass,0.04458958004405998,-0.048826502910024036,0.0948592818314381,74
60,smallmouthBass,0.04519801260278953,-0.04997160646862294,0.09410260932975363,75
61,smallmouthBass,0.045396451821221914,-0.049408526181886285,0.09046702020619442,75
62,smallmouthBass,0.04654541171037739,-0.04849709943991967,0.08754360029915016,76
63,smallmouthBass,0.04704039037403945,-0.04701962985724438,0.08553177793938976,76
64,smallmouthBass,0.04779147492946012,-0.045861966756021534,0.08222990231874888,77
65,smallmouthBass,0.048268633706405134,-0.044523975839699526,0.07970825252853858,77
66,smallmouthBass,0.0483660274435663,-0.043131841499390276,0.07624819038345497,78
67,smallmouthBass,0.048867297618309255,-0.04238294883426212,0.07264867050442375,78
68,smallmouthBass,0.04840622466497883,-0.04170194916262725,0.06833699800896091,79
69,smallmouthBass,0.0483776371794572,-0.04175765538898045,0.06452473771958958,79
70,smallmouthBass,0.048183300320825934,-0.041544274716854235,0.06079083900736171,80
71,smallmouthBass,0.04765394812892505,-0.03988398073904859,0.058184493052196654,80
72,smallmouthBass,0.0473610739010987,-0.03931819665184415,0.05619686859206127,81
73,smallmouthBass,0.047963002185578536,-0.03954460534064359,0.05239418479239977,81
74,smallmouthBass,0.04854644156819166,-0.04024003175699655,0.045589288000222786,82
75,smallmouthBass,0.048094560855891165,-0.041332436872226506,0.040462004694308225,82
76,smallmouthBass,0.047475551852510844,-0.04194111776885539,0.035831151019476065,83
77,smallmouthBass,0.04704772366906865,-0.04257948704038941,0.030381975606738203,83
78,smallmouthBass,0.047321061365394025,-0.04285437808355163,0.02395906628619893,84
79,smallmouthBass,0.04673774684664802,-0.04340262883283064,0.017715444112078253,84
80,smallmouthBass,0.04636345179071441,-0.04354477933149131,0.012863690144970739,85
81,smallmouthBass,0.04658177829080499,-0.04359803127588462,0.00947884192472809,85
82,smallmouthBass,0.047194032465614974,-0.04373623109941164,0.005624944336368409,86
83,smallmouthBass,0.04693946050613914,-0.04390028470948872,0.0023746572888718944,86
84,smallmouthBass,0.047359151082550836,-0.04468175365889245,0.0005963986603131602,87
85,smallmouthBass,0.04823519181375557,-0.04551102541685464,0.00022460513737645083,87
86,smallmouthBass,0.04819043426155987,-0.04587580170477117,0.0008498740001736666,88
87,smallmouthBass,0.04842505053639643,-0.04676416306067334,-0.00011678485783289947,88
88,smallmouthBass,0.04841988032351146,-0.047360614260340515,-0.0011999872025801866,89
89,smallmouthBass,0.04825500635971573,-0.04812788526730711,-0.003563253485612396,89
90,smallmouthBass,0.040616911332516936,-0.059770620225123736,-0.02068109194055305,90
91,smallmouthBass,0.040139351370675765,-0.05908885583538055,-0.021065167658362863,90
92,smallmouthBass,0.039546367933642836,-0.05845039749163175,-0.023426744716181527,91
93,smallmouthBass,0.03869826748701099,-0.057997499309294036,-0.024365327884910613,91
94,smallmouthBass,0.03834579650757529,-0.057023386633268794,-0.023873253669967287,92
95,smallmouthBass,0.03953123924120445,-0.05646071381598619,-0.02393338902186053,92
96,smallmouthBass,0.03985452840919435,-0.05640864601315447,-0.022960583986633525,93
97,smallmouthBass,0.039720331353985824,-0.05569764545981374,-0.020784424430706088,93
98,smallmouthBass,0.03958366216198346,-0.05536648558193712,-0.018847250020668498,94
99,smallmouthBass,0.03916819241405682,-0.0558158884668181,-0.018734824006501324,94
100,smallmouthBass,0.03990416966745259,-0.05640906859300954,-0.018463135608989687,95
101,smallmouthBass,0.040590756038515016,-0.055989355288716076,-0.018603337303747195,95
102,smallmouthBass,0.04044925534614341,-0.055279145893515694,-0.016107173201473146,96
103,smallmouthBass,0.04047143561587248,-0.054498927967110006,-0.011975587911532526,96
104,smallmouthBass,0.04062159199706311,-0.05348635898729854,-0.009016215261296876,97
105,smallmouthBass,0.04101422545967457,-0.0520747229311474,-0.006136942450470708,97
106,smallmouthBass,0.0405608149628542,-0.04999363398529338,-0.0017120753620694456,98
107,smallmouthBass,0.040531262799803146,-0.05034620357033731,0.0026406240868937243,98
108,smallmouthBass,0.04047585557257911,-0.051371175426647916,0.006959132276418694,99
109,smallmouthBass,0.04025887521854508,-0.05136597457357266,0.011852452381853283,99
110,smallmouthBass,0.0402645208669769,-0.05209510661803596,0.015820906422437064,100
111,smallmouthBass,0.04032973236596877,-0.05296807920101132,0.018265572478219333,100
112,smallmouthBass,0.03987759775127698,-0.05326184494878344,0.0196210416353466,101
113,smallmouthBass,0.04031640281338416,-0.05376620034044163,0.01966391927814341,101
114,smallmouthBass,0.040607819912334586,-0.05463423380833321,0.019250240635855502,102
115,smallmouthBass,0.041310379297556286,-0.054801214197272304,0.018350024559668304,102
116,smallmouthBass,0.041979773090790234,-0.055355881193123124,0.015865654431019775,103
117,smallmouthBass,0.0419015971226098,-0.05449310455990183,0.013363156683311807,103
118,smallmouthBass,0.042314687055369414,-0.05342939835264146,0.00905647925521802,104
119,smallmouthBass,0.0422587469997252,-0.05263310150519059,0.005316352585041653,104
120,smallmouthBass,0.04260510970655719,-0.05385778069731985,0.0021630605968995104,105
121,smallmouthBass,0.042427932473379594,-0.05384343063637421,-0.0016931875530309063,105
122,smallmouthBass,0.04202612581797777,-0.05300484306443695,-0.004579801598465604,106
123,smallmouthBass,0.04236054081581585,-0.05278412645085802,-0.006395425309200827,106
124,smallmouthBass,0.042588036220985566,-0.05297982747949569,-0.007854346902093143,107
125,smallmouthBass,0.04257178122406317,-0.05257889027645927,-0.009803146416154766,107
126,smallmouthBass,0.0435498811884316,-0.052724771436691804,-0.010869855148761648,108
127,smallmouthBass,0.04420818054224182,-0.051530128243777715,-0.010690526634261647,108
128,smallmouthBass,0.044534570208682324,-0.05117691975850777,-0.011804495108346438,109
129,smallmouthBass,0.04436180856032773,-0.050145939928093027,-0.015252120393816774,109
130,smallmouthBass,0.04451751951697008,-0.05041041775821928,-0.018640492979395316,110
131,smallmouthBass,0.04439519435787267,-0.05112690375757914,-0.02124559180219177,110
132,smallmouthBass,0.044458792974842294,-0.04994210469010019,-0.02267870753348424,111
133,smallmouthBass,0.04463007022634491,-0.050253779965622414,-0.025586961459767747,111
134,smallmouthBass,0.04450166520728048,-0.050311104753573935,-0.028707759878926774,112
135,smallmouthBass,0.04400291376364056,-0.04985542671369082,-0.029259438856585093,112
136,smallmouthBass,0.04393205425781406,-0.05000329665389273,-0.029487165129827075,113
137,smallmouthBass,0.04426117617565079,-0.05073049581922029,-0.03147422194887297,113
138,smallmouthBass,0.044345751471359975,-0.052006196435183685,-0.033831123816787254,114
139,smallmouthBass,0.04466185122276514,-0.05260152470301929,-0.036434322220458046,114
140,smallmouthBass,0.0443411162234377,-0.052108023199369226,-0.03829610288949074,115
141,smallmouthBass,0.044743494793404885,-0.05084657739607342,-0.04146384671628576,115
142,smallmouthBass,0.044601013454787265,-0.049843293577362474,-0.04234412829138369,116
143,smallmouthBass,0.04440803113504743,-0.04884995866483281,-0.0424132631001648,116
144,smallmouthBass,0.04444578229171669,-0.04811657011530564,-0.04183896114319126,117
145,smallmouthBass,0.044771601789493395,-0.04849646680177848,-0.041857899122002454,117
146,smallmouthBass,0.04465962886972347,-0.047108726280629135,-0.043243917839315325,118
147,smallmouthBass,0.044080356522627394,-0.04690515769793284,-0.04317903317794798,118
148,smallmouthBass,0.04374421509176047,-0.047254693524840026,-0.0413464981402876,119
149,smallmouthBass,0.044245116961331835,-0.047111263752376654,-0.03923999179305235,119
150,smallmouthBass,0.044504117133594666,-0.04613370443993818,-0.03832570109031104,120
151,smallmouthBass,0.04452156813097805,-0.04610899399740634,-0.037357350164334335,120
152,smallmouthBass,0.04504703679865609,-0.04684934728718911,-0.03732523840851143,121
153,smallmouthBass,0.04471208959410812,-0.04735178260991089,-0.03650660394363072,121
154,smallmouthBass,0.04425989920761353,-0.04745388605872235,-0.034585374757362335,122
155,smallmouthBass,0.044044717898992745,-0.04687408834873848,-0.03219611370177068,122
156,smallmouthBass,0.04414547038275687,-0.046029648916622576,-0.031020421426812134,123
157,smallmouthBass,0.04460416549809231,-0.04464793525010634,-0.03036770090476085,123
158,smallmouthBass,0.045272436413743976,-0.04424430992250325,-0.0316138446863544,124
159,smallmouthBass,0.04550440210485928,-0.044178198041107924,-0.03311270688263061,124
160,smallmouthBass,0.04541617944540021,-0.04283144132795376,-0.03576689429950327,125
161,smallmouthBass,0.04541541092233776,-0.04224676620768001,-0.0389903824600104,125
162,smallmouthBass,0.04503106801863709,-0.04211537575126236,-0.042698183518018344,126
163,smallmouthBass,0.04463939568329241,-0.042155256941604234,-0.04448139233746111,126
164,smallmouthBass,0.04498471223763647,-0.043312070446473325,-0.046864122779073696,127
165,smallmouthBass,0.04423553025116733,-0.04292775870868959,-0.048073814347080364,127
166,smallmouthBass,0.04352018905709704,-0.042944073621520966,-0.04970060141600222,128
167,smallmouthBass,0.04299990189286532,-0.042890744845088695,-0.05033064910882439,128
168,smallmouthBass,0.04285553747113473,-0.04193373389953403,-0.05349964619719881,129
169,smallmouthBass,0.04302431179680083,-0.04317936578923787,-0.05569731702462919,129
170,smallmouthBass,0.04319528356086576,-0.04475454458896803,-0.057874909605623324,130
171,smallmouthBass,0.04276503948083392,-0.04520510342994133,-0.05951204886048925,130
172,smallmouthBass,0.04326949786220426,-0.04630924953860328,-0.061348920056947434,131
173,smallmouthBass,0.04343576843636384,-0.04704452322330662,-0.06140738377668688,131
174,smallmouthBass,0.04359959601099778,-0.04725960546205023,-0.060291125573838936,132
175,smallmouthBass,0.04412696743565518,-0.047817933650233305,-0.058952025601417386,132
176,smallmouthBass,0.04422762911898087,-0.047626606711943416,-0.05766257338842286,133
177,smallmouthBass,0.04452977143217784,-0.04740229769743982,-0.05554434593984751,133
178,smallmouthBass,0.04531265043903958,-0.04732826764298621,-0.05310791179710968,134
179,smallmouthBass,0.04565829340328814,-0.04609929409781569,-0.050395386346877694,134
180,smallmouthBass,0.04587724978394101,-0.04492237698387785,-0.04944223907215415,135
181,smallmouthBass,0.04665353491204349,-0.04501517930868106,-0.048930049141520646,135
182,smallmouthBass,0.04638449609394246,-0.04416036349508765,-0.049210311745843484,136
183,smallmouthBass,0.04701318329001359,-0.04469369091831491,-0.04996714085398176,136
184,smallmouthBass,0.04696117396864299,-0.043675315475091826,-0.05049429658059487,137
185,smallmouthBass,0.04649732004016835,-0.04394368313900062,-0.04989608110526868,137
186,smallmouthBass,0.04645701974201473,-0.044859850912048777,-0.050146275225810194,138
187,smallmouthBass,0.0467162004970558,-0.045105075574155995,-0.05050933646682778,138
188,smallmouthBass,0.04715900821270612,-0.04517833284797432,-0.051444233457850534,139
189,smallmouthBass,0.047629801861666723,-0.045305280985509296,-0.05278829225253819,139
190,smallmouthBass,0.04688154574637143,-0.04448975543067754,-0.05346932825491336,140
191,smallmouthBass,0.047087803936364664,-0.04390592171298374,-0.0531242984434347,140
192,smallmouthBass,0.04744728117155288,-0.043669406242728116,-0.05315753026520776,141
193,smallmouthBass,0.04783491252309645,-0.044002537001982193,-0.053564104865737594,141
194,smallmouthBass,0.04763470783997203,-0.04321237437601336,-0.05555205235060549,142
195,smallmouthBass,0.04772704422946392,-0.04346990451214699,-0.05696046414552175,142
196,smallmouthBass,0.047089507206860004,-0.042783211134614064,-0.058211572203154344,143
197,smallmouthBass,0.047244346993084774,-0.04398726011190826,-0.06054865049477829,143
198,smallmouthBass,0.0473271761184931,-0.04473210571661031,-0.06229827257929404,144
199,smallmouthBass,0.04737917099454834,-0.0450528218628384,-0.06527572499458083,144
200,smallmouthBass,0.047260660325955,-0.04500037481207305,-0.06542977878021375,145
201,smallmouthBass,0.047444469260255986,-0.0446529116739234,-0.0657344511711747,145
202,smallmouthBass,0.04796655719735427,-0.04402009909403163,-0.0668434067954531,146
203,smallmouthBass,0.04756610037790716,-0.04251453017293229,-0.06846824339938853,146
204,smallmouthBass,0.04793336527664492,-0.0424422298285039,-0.07097945040623167,147
205,smallmouthBass,0.04792985519696571,-0.04169741880094762,-0.07181116597280315,147
206,smallmouthBass,0.048913099840758006,-0.042088993885812845,-0.0715905737306503,148
207,smallmouthBass,0.04860898817339209,-0.04283510003117491,-0.0721089297828596,148
208,smallmouthBass,0.04794334378251347,-0.0426797932476001,-0.07222363826576425,149
209,smallmouthBass,0.047547784033189,-0.04275250086306635,-0.0715883192107063,149
210,smallmouthBass,0.04771121180554538,-0.04286443116383789,-0.07245367843217593,150
211,smallmouthBass,0.04758067188365073,-0.042225977286653456,-0.07317696015096213,150
212,smallmouthBass,0.04743834919645717,-0.04139019838986848,-0.07148624649494721,151
213,smallmouthBass,0.0476106350598292,-0.04108896284397612,-0.06987369906449159,151
214,smallmouthBass,0.04701119445311357,-0.04058143620896083,-0.06741942079447263,152
215,smallmouthBass,0.04720837339277606,-0.03975451167657766,-0.06677193171897594,152
216,smallmouthBass,0.04757400138086514,-0.038883500458678215,-0.06626635027640057,153
217,smallmouthBass,0.048097260342450064,-0.03783974134007171,-0.06586622229826139,153
218,smallmouthBass,0.04842358375502352,-0.03734083480590565,-0.06308499747009796,154
219,smallmouthBass,0.04854351284112475,-0.03670001201453736,-0.06047114660267646,154
220,smallmouthBass,0.04868590059122761,-0.03657095605674975,-0.05769693438095279,155
221,smallmouthBass,0.04844365605019585,-0.037783045107071804,-0.055283467745927684,155
222,smallmouthBass,0.048535306884370244,-0.0388676115073201,-0.05263474327665831,156
223,smallmouthBass,0.048908508991909266,-0.03902739398678155,-0.05179859404712707,156
224,smallmouthBass,0.04942023031565275,-0.03979416679225955,-0.05195131239582193,157
225,smallmouthBass,0.04933198158552784,-0.039522185961195,-0.04994746948665339,157
226,smallmouthBass,0.049041789455123046,-0.03970479982122059,-0.04864534120019627,158
227,smallmouthBass,0.048949570957989616,-0.03990538040436991,-0.04760861280533582,158
228,smallmouthBass,0.04917699424465542,-0.04028944024829184,-0.04668180507964693,159
229,smallmouthBass,0.049345779384766836,-0.041090715391236314,-0.046166116566009385,159
230,smallmouthBass,0.0493597891527454,-0.041939535527293736,-0.046785857402554025,160
231,smallmouthBass,0.04971150364628378,-0.04211668652637837,-0.04723687428430166,160
232,smallmouthBass,0.04929645629186423,-0.04111413543194222,-0.04852716021844164,161
233,smallmouthBass,0.04921117830245308,-0.04041505046017391,-0.05069489114163128,161
234,smallmouthBass,0.04904860849800389,-0.03971623664123533,-0.05227068734571204,162
235,smallmouthBass,0.04963468866215371,-0.03809231998441701,-0.05468240980643809,162
236,smallmouthBass,0.05064264644279611,-0.036119914646391055,-0.05653635413350589,163
237,smallmouthBass,0.05095491897284623,-0.03476443459049393,-0.057192286412140525,163
238,smallmouthBass,0.05018396679917234,-0.032803436086794854,-0.05734421114739497,164
239,smallmouthBass,0.04970221907786716,-0.03155690858099189,-0.05762479465870651,164
240,smallmouthBass,0.0495362056899305,-0.03210140669391991,-0.05934479022201127,165
241,smallmouthBass,0.04848652327988673,-0.032891062717904526,-0.060387264795373576,165
242,smallmouthBass,0.0483079967122193,-0.033160893016448555,-0.061036970507065164,166
243,smallmouthBass,0.04785843466892729,-0.033813286137620885,-0.06188480407532932,166
244,smallmouthBass,0.04697731754045838,-0.03425973141867585,-0.06277104547212196,167
245,smallmouthBass,0.04699279159364991,-0.033775859970404803,-0.06356603312278587,167
246,smallmouthBass,0.04686977607887342,-0.032917303405450564,-0.06301368005267335,168
247,smallmouthBass,0.04759581509975997,-0.03288945066071946,-0.06110712457221425,168
248,smallmouthBass,0.04760712948559905,-0.03176015813531262,-0.0600324264559536,169
249,smallmouthBass,0.047059820262879144,-0.034515098779718624,-0.059158882487489343,169
250,smallmouthBass,0.046233724763857634,-0.03873878693659715,-0.056228465616730915,170
251,smallmouthBass,0.05176238174169631,0.012581017941508621,0.009351621158607493,173
252,smallmouthBass,0.05155610989950555,0.014200309630140377,0.011163758278549141,173
253,smallmouthBass,0.05129581349762875,0.01602689375228345,0.011094072050375735,174
254,smallmouthBass,0.05204523561773564,0.0162947709749289,0.012343189400605553,174
255,smallmouthBass,0.05197792181877549,0.017902566288002835,0.013445106947146844,175
256,smallmouthBass,0.0524260255306965,0.01949682060552022,0.01506251302473936,175
257,smallmouthBass,0.05307650562370703,0.021020212329752954,0.016428080342256023,176
258,smallmouthBass,0.05332226921733778,0.022651545410097056,0.01862091264268121,176
259,smallmouthBass,0.053554988168020005,0.02432196257349614,0.019078242507671532,177
260,smallmouthBass,0.05355860368979006,0.025892094020032504,0.019654534501703926,177
261,smallmouthBass,0.05344527114978118,0.027057622451787305,0.020040521701403698,178
262,smallmouthBass,0.053818613841391146,0.026708861529173504,0.01952537136786925,178
263,smallmouthBass,0.05396112871777657,0.02789629004034518,0.018882244267057854,179
264,smallmouthBass,0.05341379083860393,0.028471322637314143,0.019377948119232737,179
265,smallmouthBass,0.053577529699020444,0.028868338286427625,0.020955393887153003,180
266,smallmouthBass,0.05349557686963904,0.029936253375781523,0.02029217279322931,180
267,smallmouthBass,0.053843636402957286,0.030803783329899238,0.018587609138044716,181
268,smallmouthBass,0.054204501263445636,0.03125070123046417,0.016087452057085772,181
269,smallmouthBass,0.0547262885591354,0.032703035252488105,0.014739514732091721,182
270,smallmouthBass,0.05393521857526649,0.033797081515416605,0.013503175878393716,182
271,smallmouthBass,0.05377282041575154,0.035704135334770286,0.012329187624866223,183
272,smallmouthBass,0.05392592775352256,0.03701237059519099,0.010399399117711535,183
273,smallmouthBass,0.05402280899755288,0.03736071329674591,0.008522336719893218,184
274,smallmouthBass,0.0543773353538372,0.03781674524786661,0.007791740458353074,184
275,smallmouthBass,0.054318696110196865,0.038457255755975896,0.007371034621767394,185
276,smallmouthBass,0.05443784866687998,0.038944217213566945,0.007582759688169812,185
277,smallmouthBass,0.054487977181971466,0.0393037338178452,0.007015139703993348,186
278,smallmouthBass,0.054447031502248076,0.039642913353103874,0.006828596613620069,186
279,smallmouthBass,0.05438722449045002,0.040149627882535434,0.005378655352453191,187
280,smallmouthBass,0.05405264245199812,0.04151940102687475,0.0038697734196722297,187
281,smallmouthBass,0.05371651719294235,0.042617199647685115,0.0034739943628455815,188
282,smallmouthBass,0.053402436670704184,0.04356725555275843,0.003072929747611916,188
283,smallmouthBass,0.053598514014192286,0.044746382564622,0.0019488394180874455,189
284,smallmouthBass,0.053933223414345324,0.044223323461422534,0.0009696631596977999,189
285,smallmouthBass,0.0536724340310306,0.04356797012060738,0.0008059736410363102,190
286,smallmouthBass,0.05368747171102197,0.043360220038941445,0.0012057597137683468,190
287,smallmouthBass,0.05419219328269554,0.04147708633793895,0.0005791136770838749,191
288,smallmouthBass,0.05467957782325263,0.04096402222210678,0.00042781641970031045,191
289,smallmouthBass,0.05441061552830665,0.04111768719370079,0.00033790656766128,192
290,smallmouthBass,0.05426501335497637,0.04250359796982841,0.0015114672161428452,192
291,smallmouthBass,0.05485969378583991,0.04279382423035431,0.0028718723907851275,193
292,smallmouthBass,0.05468939678399417,0.042001715267751996,0.0050982214544751025,193
293,smallmouthBass,0.05389600936603654,0.04227875817487025,0.007069749873338239,194
294,smallmouthBass,0.05284770977966916,0.04325952802171379,0.008253148916828868,194
295,smallmouthBass,0.053041372593415154,0.04465201338652917,0.009350328346420122,195
296,smallmouthBass,0.05335433951240935,0.04634581361542183,0.009093820870978197,195
297,smallmouthBass,0.05288745552979407,0.04785318220068167,0.007757072479477814,196
298,smallmouthBass,0.05305106665275387,0.048308202003616414,0.0068077191278162275,196
299,smallmouthBass,0.05368365566995655,0.0483985399088252,0.006494791505011813,197
300,smallmouthBass,0.05361485011379248,0.04794758923317667,0.006631373632498533,197
301,smallmouthBass,0.05349911439162999,0.04772515869618433,0.00805110425271115,198
302,smallmouthBass,0.05378102446203488,0.047884184264983747,0.01007763955840339,198
303,smallmouthBass,0.054387393167146296,0.04767807980912122,0.01042067772470254,199
304,smallmouthBass,0.05392790611171728,0.04868421961738435,0.008346624041934635,199
305,smallmouthBass,0.05365154267252456,0.04928071409405469,0.006508279416505321,200
306,smallmouthBass,0.05342347948329598,0.04950339833685227,0.006188727521783272,200
307,smallmouthBass,0.05399753290941019,0.049219307791068784,0.0065278361290472065,201
308,smallmouthBass,0.054246653597747226,0.04883937796605181,0.006062006980127419,201
309,smallmouthBass,0.0544136866157611,0.04864308277028556,0.006426307468763359,202
310,smallmouthBass,0.05470647678522052,0.048366099696923404,0.006193731213839633,202
311,smallmouthBass,0.05437124138709798,0.04829861495742625,0.00647960141062465,203
312,smallmouthBass,0.054603070476101793,0.04951349722862142,0.005595764382460285,203
313,smallmouthBass,0.0541641628823161,0.05025135263083156,0.003525814099718792,204
314,smallmouthBass,0.05441023505330027,0.04939079011022863,0.0015167750936765961,204
315,smallmouthBass,0.05441507144451346,0.04747429179321004,0.0006976656444767257,205
316,smallmouthBass,0.05444086426037598,0.047890923960179625,-9.499155564407396e-06,205
317,smallmouthBass,0.05458900704645515,0.048834746281740844,0.0006398728068075614,206
318,smallmouthBass,0.05472596283972939,0.05141945307518422,0.0006293111607105063,206
319,smallmouthBass,0.054678486736817605,0.05263872838127006,-0.0010922823634111124,207
320,smallmouthBass,0.054851798845215086,0.05409749740966511,-0.002704043421176219,207
321,smallmouthBass,0.054630555581495766,0.0544788706844615,-0.003908013071379912,208
322,smallmouthBass,0.05517905318997849,0.055133672442604253,-0.004152397620836605,208
323,smallmouthBass,0.05504713557305747,0.055505792332517984,-0.0036876031217649317,209
324,smallmouthBass,0.055195030130127866,0.05592127671027135,-0.0031949298348617782,209
325,smallmouthBass,0.05508852347957893,0.056060708864607886,-0.0026021624304581113,210
326,smallmouthBass,0.05450519675804065,0.056667344445343146,-0.0026544076873697775,210
327,smallmouthBass,0.054218073595839154,0.05763726048069553,-0.0038404167055087674,211
328,smallmouthBass,0.0538752092560659,0.059188397093421184,-0.004443070141188481,211
329,smallmouthBass,0.053253751008945534,0.06006305877901619,-0.003754631118105563,212
330,smallmouthBass,0.05308475701496617,0.059284922038120226,-0.0014813908228948492,212
331,smallmouthBass,0.05315613607976816,0.05742047361020349,0.001434496508017889,213
332,smallmouthBass,0.0533414244149611,0.05564485124733648,0.003278674065508125,213
333,smallmouthBass,0.05343917868292767,0.05492420581680535,0.003798813942545884,214
334,smallmouthBass,0.05378833941055595,0.05585514805292117,0.0020560475998066693,214
335,smallmouthBass,0.053163170644502135,0.0575942486485366,-0.0001612360016828423,215
336,smallmouthBass,0.053415924043585146,0.058971153340541475,-0.001925170678424828,215
337,smallmouthBass,0.05370880008189132,0.06015610868790094,-0.0037526080695906927,216
338,smallmouthBass,0.053821334943226475,0.06119599621858061,-0.0041416274882905505,216
339,smallmouthBass,0.05377804054510905,0.06142594622804329,-0.0046370542785299975,217
340,smallmouthBass,0.05408903270759384,0.06262823587637895,-0.0045340423993523405,217
341,smallmouthBass,0.054380266132124086,0.06392606522941335,-0.004432483311187294,218
342,smallmouthBass,0.05422660122929645,0.06395417512539932,-0.005433764152590547,218
343,smallmouthBass,0.05367665742546128,0.06375232577957776,-0.006054605920455105,219
344,smallmouthBass,0.05338634766548448,0.06329619035743206,-0.005481676024957909,219
345,smallmouthBass,0.05334502873552481,0.06251304632653731,-0.005186794396290149,220
346,smallmouthBass,0.05294694600836754,0.0625661135856127,-0.005058440969031249,220
347,smallmouthBass,0.05315775662119731,0.06282867997377786,-0.004444539772823667,221
348,smallmouthBass,0.05336792636339373,0.0638558878118078,-0.004985696950003305,221
349,smallmouthBass,0.053583346018209625,0.06423076684702426,-0.004436552986413048,222
350,smallmouthBass,0.05399592645107066,0.06504193791338662,-0.0055455818797035495,222
351,smallmouthBass,0.05396172626031227,0.06638953191366902,-0.0061734678769359026,223
352,smallmouthBass,0.05332930864138932,0.06611751660654286,-0.007158966848817262,223
353,smallmouthBass,0.052565054793951384,0.06507407559491588,-0.007926061547742244,224
354,smallmouthBass,0.05231338995275674,0.06680450818503887,-0.008868027023738147,224
355,smallmouthBass,0.05194164680396639,0.06826228484700521,-0.009513094685731558,225
356,smallmouthBass,0.05242448232968031,0.0695764336966645,-0.009235595823400247,225
357,smallmouthBass,0.052994599366691215,0.07061299190134523,-0.009176031594675468,226
358,smallmouthBass,0.05332739806916602,0.06863459013037217,-0.005685965644176534,226
359,smallmouthBass,0.053748958587280425,0.06617262921029536,-0.004969725331894255,227
360,smallmouthBass,0.053624267784758345,0.06291959163201429,-0.004210361847332819,227
361,smallmouthBass,0.052684095004506305,0.060263633876582234,-0.004464951343119609,228
362,smallmouthBass,0.0525391183523685,0.06287665761085431,-0.0049441971776982944,228
363,smallmouthBass,0.052846248692483944,0.06613576749026458,-0.0058139920401556605,229
364,smallmouthBass,0.0525103661980789,0.06932333574426186,-0.006567348546248643,229
365,smallmouthBass,0.05236594411088369,0.07157986581090084,-0.006010376817327143,230
366,smallmouthBass,0.05193398680369802,0.07191666895002616,-0.005107270967336472,230
367,smallmouthBass,0.05154631972792849,0.0703890223621,-0.00426676451562314,231
368,smallmouthBass,0.05110692224214611,0.06836586663939555,-0.0028466347023379654,231
369,smallmouthBass,0.051610984579318675,0.06567282256647342,-0.0031022579560393243,232
370,smallmouthBass,0.052584077210694836,0.06513404268562478,-0.002454186273594246,232
371,smallmouthBass,0.052807200982677216,0.06399949718288357,-0.0013070864637491843,233
372,smallmouthBass,0.05289420637363489,0.0640028099003186,-0.0007744999924038153,233
373,smallmouthBass,0.05336097114618981,0.06530115094529022,-0.0012554891282327083,234
374,smallmouthBass,0.05275492125926745,0.06586323123488938,-0.002644207545724113,234
375,smallmouthBass,0.05256793680665288,0.06671622336694545,-0.0025012507756814128,235
376,smallmouthBass,0.05231942603939357,0.06891839154445327,-0.00490442624028658,235
377,smallmouthBass,0.05225352386393299,0.07064526742158096,-0.005917582841160178,236
378,smallmouthBass,0.05220607052848211,0.07207372748370491,-0.006143450191801451,236
379,smallmouthBass,0.051625626732545254,0.07283939736243744,-0.005548581607213718,237
380,smallmouthBass,0.051007412769463426,0.07280917157422043,-0.006170160540402677,237
381,smallmouthBass,0.051270516282631746,0.07161135744953588,-0.00658702303723826,238
382,smallmouthBass,0.051112105253627124,0.07078038993365747,-0.006793153011580358,238
383,smallmouthBass,0.05094344949888352,0.06877233264041382,-0.006535611086505264,239
384,smallmouthBass,0.05154170538479764,0.07040046679563669,-0.00701793905003004,239
385,smallmouthBass,0.052358098426861815,0.07159077239453776,-0.0064125939498843295,240
386,smallmouthBass,0.052674975550180574,0.06974670078002572,-0.00412833978259342,240
387,smallmouthBass,0.052501522829146996,0.0680783998684966,-0.0035642646718594966,241
388,smallmouthBass,0.05254899226725862,0.06615100250517285,-0.004813852878252716,241
389,smallmouthBass,0.053255356820056575,0.06553293049515044,-0.004630149750850251,242
390,smallmouthBass,0.053555483721462266,0.06701427665356595,-0.0023189028127248443,242
391,smallmouthBass,0.05308397390456778,0.06766779254534439,0.000584321697750309,243
392,smallmouthBass,0.053110729594690306,0.06689562553347662,0.0036255319807337086,243
393,smallmouthBass,0.05400596317816317,0.06718063841756997,0.005424812678483862,244
394,smallmouthBass,0.05453422474367846,0.06747473727284337,0.004864295599054644,244
395,smallmouthBass,0.05436107352497945,0.06785166698633503,0.005073689935830783,245
396,smallmouthBass,0.05475478683960211,0.06846670983305281,0.0033650984548298235,245
397,smallmouthBass,0.05489422718128846,0.06837938471942291,0.0038013126539017876,246
398,smallmouthBass,0.055409842882575985,0.06684945598404587,0.004234460146971991,246
399,smallmouthBass,0.0554466562665258,0.06446321393045447,0.004736649066482299,247
400,smallmouthBass,0.055644344049212986,0.0642985118227628,0.005559129598715817,247
401,smallmouthBass,0.05568713571361732,0.06228174778730464,0.004873904060713094,248
402,smallmouthBass,0.0560914681243674,0.06335506436819549,0.004718333825204969,248
403,smallmouthBass,0.05672344936238534,0.06390551699402242,0.00408885034871701,249
404,smallmouthBass,0.05728353267260185,0.0630563333912352,0.004423564731208871,249
405,smallmouthBass,0.0572556018284673,0.06140623280861281,0.005941071797872828,250
406,smallmouthBass,0.05758162399585269,0.057901317328682936,0.007393429005990029,250
407,smallmouthBass,0.05759300104748408,0.054652944442352386,0.007263343847726762,251
408,smallmouthBass,0.057839929283028745,0.05464382969838,0.005537803983734282,251
409,smallmouthBass,0.05789999493944082,0.053684069473753815,0.003112846819852266,252
410,smallmouthBass,0.05793364839267634,0.0533575875123054,0.0020007062435429676,252
411,smallmouthBass,0.05829198913507472,0.052409341836925714,9.86955062393054e-05,253
412,smallmouthBass,0.059060224785650955,0.049020576034201575,-0.0005211058079356143,253
413,smallmouthBass,0.05905678374121077,0.045613465090689906,0.00012123296732997352,254
414,smallmouthBass,0.059185773152378364,0.041388548478613486,-0.0007330363159515292,254
415,smallmouthBass,0.05933544347695399,0.03667712193012361,0.0010338071908859983,255
416,smallmouthBass,0.05931859288192707,0.0361150204365784,0.0019017399867271366,255
417,smallmouthBass,0.05970747756572784,0.03544874516622641,0.0007093025404393712,256
418,smallmouthBass,0.05925301924413813,0.03215220036547476,-0.0009619333166951374,256
419,smallmouthBass,0.059054160409361026,0.02996710495739537,-0.002690140109070849,257
420,smallmouthBass,0.05853699668330292,0.025342936851266262,-0.0029271911863723893,257
421,smallmouthBass,0.058316918299357624,0.019410904708604144,-0.0033965881570489484,258
422,smallmouthBass,0.05809837197229053,0.014450681189366463,-0.003319913467653966,258
423,smallmouthBass,0.05686528149393385,0.008634028689784164,-0.0030897921631440387,259
424,smallmouthBass,0.056003124016489575,0.009195535472884661,-0.0037674834631777785,259
425,smallmouthBass,0.055465561862730106,0.011018810552948831,-0.0039358283679902534,260
