fishNum,species,PC1,PC2,PC3
LT001,lakeTrout,12.444100333076506,0.6020040748202375,-4.603800170795893
LT001,lakeTrout,32.90890920088915,-0.8571829474403536,-0.5718926427590456
LT001,lakeTrout,14.996299590713754,7.518403160322134,1.314406981170812
LT001,lakeTrout,10.42401852021455,2.539941229114859,-5.095214704361717
LT001,lakeTrout,8.916543537052736,1.1240762405972267,2.1139709335179035
LT001,lakeTrout,11.862600064027589,3.897757879233529,0.41182447518062437
LT001,lakeTrout,13.683293706047573,3.90902060306663,1.7298056057331146
LT001,lakeTrout,15.523451595458418,1.6291004182031492,0.08041227648220495
LT001,lakeTrout,11.013876433327589,3.5065929944337344,1.16862179255221
LT001,lakeTrout,8.579808772060503,5.430316617628091,1.498768461066983
LT001,lakeTrout,6.534783336680337,8.001843814190655,2.3235444342574056
LT001,lakeTrout,2.4642342541434767,10.720732527639665,1.7219717143227755
LT001,lakeTrout,5.417147241589291,2.7157535873265504,-3.249762601752904
LT001,lakeTrout,4.358600707826663,1.3057466673114992,-0.13320451503516972
LT001,lakeTrout,5.341459703511911,4.621019049439536,2.7788027329085065
LT001,lakeTrout,1.7010972540785325,7.804735644940757,3.6586936479296828
LT001,lakeTrout,4.165276508179943,4.718171398122887,4.481318705003905
LT001,lakeTrout,0.5329463635889881,4.141251542973906,-0.6368698211264407
LT001,lakeTrout,11.393177951641519,-5.355500495234558,-3.4085515044640777
LT001,lakeTrout,11.970417539062195,0.3951592745602823,0.7593073696479579
LT001,lakeTrout,10.447821027152754,3.2731805923700277,1.3029418282461163
LT001,lakeTrout,8.42817204754702,4.932222573510893,1.0695605190136028
LT001,lakeTrout,7.633958480463935,6.526350809927428,1.2066022288645042
LT001,lakeTrout,5.872991773173001,4.978681042421989,2.4715415729952226
LT001,lakeTrout,3.74887358513358,2.5474914566610027,-1.5090745459616581
LT001,lakeTrout,12.551553204687359,-0.053379396068968354,-6.275571929795685
LT001,lakeTrout,14.25703916004136,-1.859994778865532,-2.6219588618608025
LT001,lakeTrout,16.0431311475096,-3.849643402458232,-6.692996599858397
LT001,lakeTrout,18.310882693350475,-2.901349457020789,-5.114655450816137
LT001,lakeTrout,17.00715882559104,-5.800246888347535,-3.506995163210597
LT001,lakeTrout,6.685053748142523,2.368738712023211,-4.099578935104709
LT001,lakeTrout,2.3068785608437405,-4.2484166390368685,-1.6027178085963347
LT001,lakeTrout,-1.2759013822067802,-1.9930148979403466,2.6374284077515773
LT001,lakeTrout,8.540036156046813,-2.5767724677931203,1.6334939675961673
LT001,lakeTrout,9.369394290637285,-5.290220317650044,-6.998078580748691
LT001,lakeTrout,8.467447133071161,-0.5071874340054632,-1.2156848101218172
LT001,lakeTrout,-1.693855006809339,2.242778456309106,-1.1300723316630554
LT001,lakeTrout,-3.37416951454061,-1.4537521367323651,-3.64383697714434
LT001,lakeTrout,-2.4823088362098593,-3.483831181680352,-6.29559630853044
LT001,lakeTrout,-3.4369871863216694,3.0366518926433845,-0.5878026300345911
LT001,lakeTrout,6.099090862332769,5.395057270022028,0.3040953923504775
LT001,lakeTrout,13.988887484622872,-0.34960056655042804,-5.624929472741958
LT001,lakeTrout,7.763460530451291,-1.7693247309620779,-3.476414967203373
LT001,lakeTrout,12.19375059781199,-0.6607308245348167,1.4416268908721857
LT001,lakeTrout,10.199944528075175,2.9347063938283044,1.042047733910103
LT001,lakeTrout,8.374186326547578,4.535304707674599,1.0727666758528245
LT001,lakeTrout,5.484164891943217,5.770768510597657,1.344968908270845
LT001,lakeTrout,7.406135918475786,-7.835433588541376,-7.671471875073643
LT001,lakeTrout,13.471279973148878,-3.0043914961943976,-1.2619763931362207
LT001,lakeTrout,13.400139503678705,0.986714580845784,0.9420301861895946
LT001,lakeTrout,11.831900620642488,1.8392561609877331,-0.30894832032180075
LT001,lakeTrout,15.074319191436992,2.0196752611683313,-0.043791576483112354
LT001,lakeTrout,19.986684129869566,-2.4315804025555243,-1.3556877497431166
LT001,lakeTrout,16.52830484322401,-0.725198651757665,-0.2209465611164493
LT001,lakeTrout,22.01938039343674,-3.548911339587562,-1.7032020805070551
LT001,lakeTrout,17.990312590258213,-1.344046407889576,-1.605797795342272
LT001,lakeTrout,17.37917657625809,-0.321629123657178,-0.5822960785791756
LT001,lakeTrout,10.607967734576675,6.670901686589995,0.7942674756577142
LT001,lakeTrout,6.061906026599152,2.7751618071478745,0.7461151358393263
LT001,lakeTrout,-0.7219197516869227,0.7859867132977447,-5.068431247428235
LT001,lakeTrout,6.606936977270209,1.0907806783301317,-3.859675831698945
LT001,lakeTrout,6.8620202299702955,0.1889209320750096,-2.3630467482084896
LT001,lakeTrout,13.45603191807934,7.772053388590226,-1.1475420235010432
LT001,lakeTrout,34.08028807772007,-1.026740957106111,0.5316488401958345
LT001,lakeTrout,12.895138306197705,9.25302846721193,-0.23041783053733533
LT001,lakeTrout,6.704166397489754,13.521622419632505,1.1765348456137568
LT001,lakeTrout,6.778406808623127,13.169881204101019,2.8031871061773
LT001,lakeTrout,10.689843535038486,10.244793444251654,0.8753949364594553
LT001,lakeTrout,19.318475121491307,6.079647631488327,0.8794509224447844
LT001,lakeTrout,34.702711082449056,-1.5045361459806923,0.07955333216079208
LT001,lakeTrout,34.37433428201304,-1.015788240509643,0.4731252969194445
LT001,lakeTrout,38.90356031228534,-3.8921181199467973,0.3804317203541201
LT001,lakeTrout,36.9051551468347,-2.408098264583079,-0.6343831584602494
LT001,lakeTrout,9.119675609596314,-4.503935187619241,-5.8710540986095126
LT001,lakeTrout,12.436292071450369,0.8316243621074642,-0.08995149129578983
LT001,lakeTrout,8.655494953105643,4.283493961992702,2.1616260762772277
LT001,lakeTrout,9.724164830419207,5.098792897189051,2.357462818984588
LT001,lakeTrout,15.6662706769235,0.4670978672441315,2.1310208060481344
LT001,lakeTrout,10.929589010834475,3.356032810699001,1.0301557227651212
LT001,lakeTrout,9.96194670191452,3.3503290099888057,1.356217835238134
LT001,lakeTrout,7.566470281925534,1.2210848295999464,2.5039427368033778
LT001,lakeTrout,0.46429859301260934,0.47133939964109683,-3.120479549121319
LT001,lakeTrout,9.379871848674632,5.5075657301621925,-4.687852956192736
LT001,lakeTrout,7.128080838325701,-4.263481328509661,-8.868008654885022
LT001,lakeTrout,12.945639806754661,-1.8892151528595291,-5.514540170166107
LT001,lakeTrout,12.959121373736895,5.919837529436378,-1.8851522926934678
LT001,lakeTrout,18.23534015105822,5.1257570863516015,-1.8348433619468265
LT001,lakeTrout,11.295602456430135,5.032337554082242,-2.9475277015950287
LT001,lakeTrout,13.270491336805609,-1.7502173224990574,-4.074317209587824
LT001,lakeTrout,8.353860882201957,-6.923582934801978,-5.9976913935416265
LT001,lakeTrout,6.3467742726007215,10.97995375562331,-0.4470425502727109
LT001,lakeTrout,5.58211680098149,-1.332505566327028,5.6989265227014805
LT001,lakeTrout,-6.628040469162617,-6.031975535788207,1.531282898897648
LT001,lakeTrout,-3.4820734111629665,0.09425695931547606,0.3466841215588359
LT001,lakeTrout,-1.6473498602903507,2.052737331371691,-2.496565430680671
LT001,lakeTrout,9.00577006906143,5.127656269359406,-4.270285420642211
LT001,lakeTrout,6.81739412821454,8.03791173888271,-3.152478275505815
LT001,lakeTrout,2.958965839740426,10.66955974478285,-2.1931403002547167
LT001,lakeTrout,-4.288590822184752,12.824522901712651,-4.600806773796831
LT001,lakeTrout,0.8874587283397543,12.030320032024958,-4.08864295482786
LT001,lakeTrout,4.225711518723933,9.628988431639337,-2.330765759197958
LT001,lakeTrout,1.386135946841784,3.0657952424010504,-3.064781025808326
LT001,lakeTrout,12.444259783136328,3.598569551783098,0.4868392895034973
LT001,lakeTrout,8.955410792298222,6.688708111339938,1.235023436318933
LT001,lakeTrout,9.490744386424032,5.018029565180741,0.3356938022570634
LT001,lakeTrout,7.2611190542332515,6.430473333038482,0.7568347047878525
LT001,lakeTrout,5.7673514421743235,8.194182093525443,1.3881869163926952
LT001,lakeTrout,1.1431900311256868,11.128869896961096,2.91090253313397
LT001,lakeTrout,3.1706783795511964,10.740864251503517,3.444365818991118
LT001,lakeTrout,2.206538359942823,10.32829669895373,2.8135187061188685
LT001,lakeTrout,-1.2899035142437936,11.363508023613658,3.0426357847305563
LT001,lakeTrout,5.168146907517084,4.10615904934198,-3.586241277247303
LT001,lakeTrout,7.67928937243795,4.993272129124431,-5.559436226978907
LT001,lakeTrout,9.213986199164562,6.053330235785292,-4.096388539006036
LT001,lakeTrout,6.766124880493379,7.546293339568315,-3.600784130073589
LT001,lakeTrout,5.680836890216723,8.185970355599434,-4.074949828222755
LT001,lakeTrout,5.752658558938315,8.704971202138811,-5.68060887907837
LT001,lakeTrout,6.469506242086019,8.5889044601691,-2.8464695976351924
LT001,lakeTrout,-0.15306806403700524,9.389694598541073,-0.15350065689286452
LT001,lakeTrout,-2.210725822430269,6.313964058017564,-2.997556500532372
LT001,lakeTrout,3.299371282834536,2.5254431596176254,-0.6518959478072932
LT001,lakeTrout,8.74122827306625,3.0591585474627347,1.5438214986605836
LT001,lakeTrout,16.509851651231056,0.881608617664051,1.4161955473686605
LT001,lakeTrout,15.119408095981047,0.858012344568392,1.6773715099804474
LT001,lakeTrout,8.019895757435869,3.1295862006426165,4.3243383145799745
LT001,lakeTrout,7.9167444909158355,-1.3347591629837317,-0.7494154545421724
LT001,lakeTrout,5.267401955419906,4.614791525084095,-2.3459520580405098
LT001,lakeTrout,15.670385169683836,8.940915722135955,0.3583028467187087
LT001,lakeTrout,24.63925343673381,4.303016796722328,1.233711659183897
LT001,lakeTrout,23.45323032747227,4.353603870480622,1.0003668120905518
LT001,lakeTrout,21.976597340574358,4.91847104884225,0.3987650436615964
LT001,lakeTrout,24.67177379760037,3.656146289439559,1.2241485795906162
LT001,lakeTrout,24.69869885675066,5.547667083557074,1.0514762968594273
LT001,lakeTrout,24.987627000832052,5.260449694660179,-0.5336191243264929
LT001,lakeTrout,14.560318829847176,8.096332282459406,-1.2478600798060755
LT001,lakeTrout,15.851795066496463,-0.025905028320003964,-4.517655760487501
LT001,lakeTrout,8.565613501259795,2.7837564452151664,1.5043577371341188
LT001,lakeTrout,7.587359458430645,6.050018477899719,2.783414459140149
LT001,lakeTrout,1.268824559665239,11.55271641409436,3.492575742164111
LT001,lakeTrout,-4.0776435392675285,12.851730519206447,3.6581047213215934
LT001,lakeTrout,-0.36801094819222757,12.53660009016014,2.479217391903026
LT001,lakeTrout,-3.365015157209829,12.900390690952218,1.0592465402989744
LT001,lakeTrout,4.688391329263185,4.918633260466265,-0.1742470052592046
LT001,lakeTrout,2.5310836109254797,6.217686430663066,0.8761106062525079
LT001,lakeTrout,1.4299337153236495,9.686933468066512,4.1086859706906855
LT001,lakeTrout,11.345671242817273,6.990294726768945,1.3250302977049357
LT001,lakeTrout,17.573703851003334,1.8361378302663809,0.7974100371734872
LT001,lakeTrout,1.216401429324188,4.14755997449168,0.7548378326115244
LT001,lakeTrout,-2.843735567305102,5.99060082429519,1.893371258017946
LT001,lakeTrout,0.7613230652290954,8.15793685546839,2.034901559989939
LT001,lakeTrout,3.026320421451228,10.372284081184144,2.289171692554357
LT001,lakeTrout,-0.2974714425322129,11.578926560254772,3.053752233794641
LT001,lakeTrout,-4.441439677017546,12.385253658951461,1.652127993545404
LT001,lakeTrout,-2.360698643560365,9.555993567441147,2.0237837180398786
LT001,lakeTrout,4.077578236031049,7.147046719864112,0.6289835842905723
LT001,lakeTrout,6.694897853897443,6.121513323952037,3.797398450329046
LT001,lakeTrout,18.79807035083485,-0.44712176000555237,1.442294860434594
LT001,lakeTrout,0.04890303932988882,14.799339333351679,1.927056416648015
LT001,lakeTrout,-0.03229282072768758,15.848300600053655,2.982215446974642
LT001,lakeTrout,-1.2720626189804927,10.245857461551553,-2.0485475168450815
LT001,lakeTrout,4.165462910539146,-3.5595991848233552,-0.446539908377778
LT001,lakeTrout,5.8825804330441205,3.599426090694873,-0.537082371547996
LT001,lakeTrout,1.0012095040200988,10.08729834801534,-2.298213330881387
LT001,lakeTrout,3.526754909279273,11.432823914059997,-0.05744545379319449
LT001,lakeTrout,8.996808990692085,4.615807994756635,-0.006910178943053444
LT001,lakeTrout,7.711077157712055,8.339665353342017,1.1329757342926234
LT001,lakeTrout,25.107711263603097,4.836075239260807,0.47092700677082233
LT001,lakeTrout,-0.6792607482517643,3.211738648767052,3.583914293248358
LT001,lakeTrout,-3.4796030605443864,0.1476770093342068,8.517947728950245
LT001,lakeTrout,-2.3178035109062662,4.978037441466483,7.544010707037959
LT001,lakeTrout,-1.2994852105578478,4.376044500398045,4.741362417669457
LT001,lakeTrout,-0.918829301598054,0.22495675042481023,1.025851285614392
LT001,lakeTrout,-22.07499825341386,9.629050756132951,-2.421524631550878
LT001,lakeTrout,-16.802851810882117,7.3406786158150865,-3.55713091057144
LT001,lakeTrout,-12.93625760648931,3.575806642108011,1.2866552683099075
LT001,lakeTrout,-3.4529968875583172,-4.913110184798439,2.4348814798190106
LT001,lakeTrout,-5.577194719918026,5.04490936810592,2.6537538888384455
LT001,lakeTrout,-6.303705042554637,10.886917597608193,2.7368814660249976
LT001,lakeTrout,1.781348514899352,7.070530811834991,6.889130406159676
LT001,lakeTrout,15.269692514197326,8.818860359335238,2.3095378575250933
LT001,lakeTrout,-3.0446493893344413,12.62481722261828,-1.288129737854637
LT001,lakeTrout,-8.77520070532059,5.176938527593219,-7.919943889328206
LT001,lakeTrout,2.1691626460824054,10.638547629791322,-5.324281227049467
LT001,lakeTrout,3.423979795096428,10.6961095845544,-2.4043963871233967
LT001,lakeTrout,26.41135014646583,1.2134051660698812,-0.35341390998366884
LT001,lakeTrout,6.556013308495589,11.526096845188642,1.2298732218970196
LT001,lakeTrout,13.028413865188565,8.344517759868053,-1.056422816167432
LT001,lakeTrout,11.429881645236263,6.982748245111976,-2.9898598855920073
LT001,lakeTrout,12.469648341790647,7.636336871544522,-0.09018075527646907
LT001,lakeTrout,8.82188963672746,4.203811669043127,2.1554249098996294
LT001,lakeTrout,10.039137690519615,5.766036866767577,2.5450528818403875
LT001,lakeTrout,15.718538912518591,2.831932424319204,0.08670796935285152
LT001,lakeTrout,20.692965492922774,-1.1431471057717348,-0.5096930085796132
LT001,lakeTrout,18.70977246826857,-1.4995937189775574,2.077413141935342
LT001,lakeTrout,-13.878280990555835,-5.514907115239021,-4.700972595340917
LT001,lakeTrout,-10.39777114146337,-4.173662820750915,-0.7357642894967846
LT001,lakeTrout,-8.4678840500052,0.8252488142021688,1.2406925661295347
LT001,lakeTrout,-7.821452236451133,5.2705255115903284,11.088655113463176
LT001,lakeTrout,-7.194296793958701,3.1252253811025605,8.998587435039044
LT001,lakeTrout,-14.697687770265297,4.377440813874659,-5.754152839052143
LT001,lakeTrout,-11.556295683280364,2.0453836227016367,-4.46638867401422
LT001,lakeTrout,-14.983049179166471,-1.49840592453006,-2.2479778215214514
LT001,lakeTrout,-12.477571525830616,-7.58726674321174,-5.553973873217806
LT001,lakeTrout,-17.173338628764036,-4.460025671891405,-4.8674578628958365
LT001,lakeTrout,-14.93764962087226,3.2980081357670303,-4.626580732937866
LT001,lakeTrout,-13.627193649096931,3.102207318222133,-2.3597942366372
LT001,lakeTrout,-14.209738746158251,3.6347333548475533,-2.3392583329888215
LT001,lakeTrout,-18.7305495347397,4.358496443767303,-4.29911033323329
LT001,lakeTrout,-18.13181562759743,2.6121077693825985,-6.492723587136669
LT001,lakeTrout,-13.771033832006333,4.203140253331124,-2.350702584231211
LT001,lakeTrout,-20.129977094949382,4.951899685167666,-3.046267444665947
LT001,lakeTrout,-21.030975735365594,1.550109208286858,-3.7018008529164415
LT001,lakeTrout,-26.707566094988074,9.302078420836697,-3.3659307865567802
LT001,lakeTrout,-20.46520944511009,3.833979606495034,-5.311837160233284
LT001,lakeTrout,-18.183823862278032,0.22789430161342317,-7.6260979711974155
LT001,lakeTrout,-11.632527475100057,-0.1444239015587765,-3.8346660168409406
LT001,lakeTrout,-16.83635361509232,1.1317623854653482,-3.370886731150317
LT001,lakeTrout,-21.60649503263822,8.236101978581543,-2.1485484914937074
LT001,lakeTrout,-13.329337920104303,6.903750375951116,2.1489513939622276
LT001,lakeTrout,-7.6732775016381956,2.005332330504684,1.1333559237320352
LT001,lakeTrout,-8.914441657232818,1.1256262809959574,-3.503720926149352
LT001,lakeTrout,-10.473330745400721,2.8758570963836374,-3.709892344083566
LT001,lakeTrout,-15.630052650015678,5.774070333654903,-5.257518714308656
LT001,lakeTrout,-14.421989512019756,7.788948593161121,-2.35915049806615
LT001,lakeTrout,-24.179109392923074,11.920114637173798,-3.9448352642217803
LT001,lakeTrout,-14.097899340347787,7.986151720887976,-0.43345690410668114
LT001,lakeTrout,-9.797625906008872,5.577265526235692,5.7085662932467685
LT001,lakeTrout,-6.437118031066456,1.1833387090535454,5.4149368753252745
LT001,lakeTrout,-7.270176036724776,-3.817535823618395,0.56232271634969
LT001,lakeTrout,-14.784967801206104,0.09471224071559803,0.8245738014811548
LT001,lakeTrout,-11.703615511335496,0.8173741251351951,3.410767665309202
LT001,lakeTrout,-7.130300836965789,4.844950750217345,5.559617326884527
LT001,lakeTrout,-1.6574159918111788,3.689414532981269,-1.3141430941309102
LT001,lakeTrout,-5.53950169975786,4.452880477497397,-1.0828218069658666
LT001,lakeTrout,-11.81640642452099,-1.221565969102558,-4.292773318979407
LT001,lakeTrout,-7.550538636567435,-0.4060268747770217,2.6493191539579146
LT001,lakeTrout,-9.533116518815374,3.1854932085929706,0.6434968593047119
LT001,lakeTrout,-7.029714447851465,-0.4913708293242014,-3.38860655689317
LT001,lakeTrout,-5.676302625930632,-7.978276416663489,-3.6443128181161577
LT001,lakeTrout,-15.243351567198879,-2.687178428043495,-3.2678927711736994
LT001,lakeTrout,-18.33114066867708,-0.24937265239174966,-0.6437184478724473
LT001,lakeTrout,-19.027816305791966,-0.40293147537485785,-3.879259194073187
LT001,lakeTrout,-11.713851936719895,8.970040687943568,1.9386157111712785
LT001,lakeTrout,1.0076137052323257,-2.04794968741841,3.4126493555424013
LT001,lakeTrout,-0.6741351574246451,0.6493013371456423,-3.42080727213405
LT001,lakeTrout,-6.633209063037652,6.283926964801175,1.679743356804904
LT001,lakeTrout,-9.526602957014244,6.938080231894405,3.637443767643696
LT001,lakeTrout,-9.29121744518203,3.036144328040833,6.702175207259108
LT001,lakeTrout,-4.892845605983882,-4.303192332078301,5.389089695650352
LT001,lakeTrout,-9.998206163232988,0.08079683507436564,7.189274303212185
LT001,lakeTrout,-6.071905949152516,3.423058525243702,9.864263132473027
LT001,lakeTrout,-9.826809165115709,3.5918612956939273,9.907479318561062
LT001,lakeTrout,0.725606339780563,-0.015032931824981333,2.8267877607398813
LT001,lakeTrout,-1.5543808238306582,-1.3862154413346177,0.028897232947085676
LT001,lakeTrout,-14.299039262510675,1.454072468409453,0.3848841998209666
LT001,lakeTrout,-14.770109757144251,4.46053275540235,1.3837328185944666
LT001,lakeTrout,-17.793450109644755,5.112576877078585,3.2094111185356833
LT001,lakeTrout,-15.378957078005861,3.4281285942431166,2.768038281137861
LT001,lakeTrout,-9.067214362415216,0.8891115481276803,0.469886727597555
LT001,lakeTrout,-10.979761201683896,2.4559342771827275,0.5027591615592117
LT001,lakeTrout,-0.38292369784789904,-0.7085506532716435,0.8874789694839947
LT001,lakeTrout,1.7683630749094592,-7.652000502877302,-0.23848246436039763
LT001,lakeTrout,9.258735560713024,-2.1368176719430876,5.069673752688792
LT001,lakeTrout,9.30175998243141,-5.87360266263909,-6.19226939556487
LT001,lakeTrout,9.526250722900977,-7.299001539808806,-2.6244385874548075
LT001,lakeTrout,6.200118922098891,-5.475360066633376,-4.948419901950604
LT001,lakeTrout,5.058501541241156,-2.2921237140035235,-5.960401408336484
LT001,lakeTrout,0.1108740565822448,2.4031727948200095,-2.903286694225332
LT001,lakeTrout,-3.1967019228086,3.952413554458537,0.024108738597366675
LT001,lakeTrout,-6.432311448019709,5.544001319175936,2.595707641273218
LT001,lakeTrout,-9.642341452958322,5.59490134790382,-0.26095979268575076
LT001,lakeTrout,-15.463836919159334,9.047272038208291,-3.6768065562552525
LT001,lakeTrout,-7.270891806959831,7.831126159604395,-3.7414993113617303
LT001,lakeTrout,-5.044387173203639,6.218664432352389,-6.7480727549335
LT001,lakeTrout,-0.5649441443567305,6.888917079207508,-4.2191685713995435
LT001,lakeTrout,27.23343896032278,0.8027659751811189,-2.1822315754056154
LT001,lakeTrout,24.367039083992612,4.25582531600166,-0.7664150234489322
LT001,lakeTrout,19.169712364245335,6.820476368940206,-0.6131705867831598
LT001,lakeTrout,6.650169820688096,12.328429628099054,-0.44285041080636584
LT001,lakeTrout,0.29227439536039435,11.983249777978582,-0.1377289381897897
LT001,lakeTrout,-2.1885226830828706,-7.191836941819303,-0.4060230971967987
LT001,lakeTrout,-6.517777110628004,-9.769888614401081,-1.86905755827146
LT001,lakeTrout,-5.61168230400204,-8.20524170239093,1.4306576878086792
LT001,lakeTrout,-7.037696207869239,-7.352042641389247,1.6543319581969638
LT001,lakeTrout,-9.72186137334648,-7.372077034379098,3.4776097024579986
LT001,lakeTrout,-6.047580808178421,-10.457423220090806,2.492903975583106
LT001,lakeTrout,-1.8484599357978766,-10.214532470596081,1.2250473241859288
LT001,lakeTrout,1.712178774112651,-12.799702996124138,0.49495030767138404
LT001,lakeTrout,5.116500821193649,-13.189190041553063,-3.339501862920338
LT001,lakeTrout,-10.674878600532011,0.7738275317301571,1.6420984629820596
LT001,lakeTrout,-6.54744425546943,-1.3559117885727852,0.485521054347142
LT001,lakeTrout,1.5988064875189538,-7.527818897190456,3.5734697915803073
LT001,lakeTrout,12.888814381757584,-9.412056035687423,1.7967293282192842
LT001,lakeTrout,16.645844892971958,-9.485274768962427,-3.6218424803708884
LT001,lakeTrout,12.527873938103962,-11.006358455218908,4.486182552153635
LT001,lakeTrout,0.5466527403554975,-6.138512062606895,-6.75983850542363
LT001,lakeTrout,6.964554015109517,-4.572572581511399,-2.4314061463036345
LT001,lakeTrout,-6.581496133342938,-3.0967995948982923,-5.053836315676001
LT001,lakeTrout,-3.5100369287326982,-2.4425376504209515,1.8298810003377863
LT001,lakeTrout,3.153411910434761,-4.674630788726685,0.007335749382921697
LT001,lakeTrout,2.2046454816715024,-1.9320613820845165,0.37152389288670495
LT001,lakeTrout,-0.6637454798155968,-8.678313911661215,2.7471930304123306
LT001,lakeTrout,-3.8234218343945776,-5.009609703107143,3.095600770509269
LT001,lakeTrout,-8.824386419550178,-3.9538670290498508,1.5780380276719135
LT001,lakeTrout,-1.4100681727466307,-7.564854223903715,-5.478829505059023
LT001,lakeTrout,4.779351823780749,-9.312700363760545,-0.09941899959767353
LT001,lakeTrout,-0.5083551211439576,-3.050722629985926,-0.3504141281572027
LT001,lakeTrout,-4.795373884861391,-6.893309658531973,-0.19098995182788603
LT001,lakeTrout,-15.947215171182162,-2.4495487558904707,5.437474757220205
LT001,lakeTrout,-5.4703077618720215,-8.212090090245185,3.475293435311113
LT001,lakeTrout,-1.5406774953198956,-10.22845139153175,3.000533814192906
LT001,lakeTrout,-4.967113939318629,-8.66841184611689,2.343713449074742
LT001,lakeTrout,-13.339500909216474,-2.698551273127191,0.8722778811084886
LT001,lakeTrout,-5.046465328218507,-5.777062006211264,3.460573149321308
LT001,lakeTrout,-14.212513795564256,-0.964992550281452,-0.7856074473007986
LT001,lakeTrout,-9.977980490389115,0.8330929997407426,0.16850102433670544
LT001,lakeTrout,-4.106861261483687,-4.5173934434242184,6.231619027491836
LT001,lakeTrout,-0.6413352748167971,-6.089950243509729,0.36087012087821957
LT001,lakeTrout,-11.375052645108282,-1.1493769240530338,4.358199382193617
LT001,lakeTrout,1.9707972172306856,-7.586330042594453,1.1245596900505639
LT001,lakeTrout,-13.064350395676849,-3.506220336604122,-2.00620686792056
LT001,lakeTrout,-18.722876162780203,-2.4919657928877794,-2.18253436254646
LT001,lakeTrout,-20.670913716198555,-0.6190165778409193,-0.7984569264870478
LT001,lakeTrout,-13.344163564848536,-1.7749359647273888,2.1576105494595086
LT001,lakeTrout,-11.261609054773164,-1.0668336150256135,1.4648154608293116
LT001,lakeTrout,-1.3214326141000743,-10.055365059583385,0.9702620124640962
LT001,lakeTrout,-7.328759303319313,-4.402879325933924,3.7278809304581526
LT001,lakeTrout,-8.264632809780453,-1.539301258552754,2.987413375579724
LT001,lakeTrout,4.318219493904287,-10.89284412393643,-0.34039300359520885
LT001,lakeTrout,2.273476971983844,-12.139793499615951,1.0579128230287052
LT001,lakeTrout,-12.578807785230635,-1.571071093602578,1.599680976171011
LT001,lakeTrout,-15.309647254977557,-4.0547957570909965,-2.7396308846369903
LT001,lakeTrout,-21.187567921986634,-1.0110999481778054,-1.3788733987657422
LT001,lakeTrout,-19.92172465687328,1.8732209802213844,3.219367389147411
LT001,lakeTrout,-20.29040944358138,-1.4582980436785529,-3.199351770969554
LT001,lakeTrout,-15.982843250636453,-0.32122171529979937,0.013783502224772648
LT001,lakeTrout,-5.473263826636012,0.037813393837775156,4.77290081169825
LT001,lakeTrout,-4.550553867006842,0.2867453413058857,1.8170828696439996
LT001,lakeTrout,-3.2164746223200216,4.133546202323279,3.841365698396876
LT001,lakeTrout,-3.4977662214552465,6.613217453989443,-0.8196519291310962
LT001,lakeTrout,-1.0953136517019217,2.899083200163201,8.660000723782833
LT001,lakeTrout,-1.2484229295816498,5.603455549698536,4.370614629901869
LT001,lakeTrout,-7.569355483289665,3.2601350199609405,3.7296849708688855
LT001,lakeTrout,-2.991331145269041,0.02837677869598587,-0.06591999940426208
LT001,lakeTrout,-15.355506095781514,1.3102221791677735,-0.536029984095574
LT001,lakeTrout,-8.675487952832551,-1.5250999345523506,0.5223435350783652
LT001,lakeTrout,-13.463378869214171,-4.469906026666036,5.139051449182995
LT001,lakeTrout,-14.893038467826514,-6.043073678076612,3.042647331385813
LT001,lakeTrout,-13.86361317212944,-4.018961650987809,1.6135226910345233
LT001,lakeTrout,-4.715047890467524,-7.049555511963324,1.2099618270085835
LT001,lakeTrout,-3.2496436714010786,-4.808067815246415,-1.5568706212861048
LT001,lakeTrout,1.1357668049027978,-1.0331506050789157,2.8025553454352163
LT001,lakeTrout,1.3733359944107328,-2.337612502728879,-1.1238655477479476
LT001,lakeTrout,-8.549015860564419,2.5034955551894207,-2.345272540673803
LT001,lakeTrout,-11.160671189046019,-1.5338923055502756,-2.486242508313531
LT001,lakeTrout,-5.326754307387989,0.44946354411811473,1.2705737284493086
LT001,lakeTrout,-1.7277450656188333,-2.8233369733523617,0.5685010266406936
LT001,lakeTrout,-6.167551097148784,-6.289305861900236,2.9991281070058466
LT001,lakeTrout,-16.48542368955727,-2.4029969413706267,4.068134276800755
LT001,lakeTrout,-14.675090982679992,-3.798101064930081,2.2654437171890454
LT001,lakeTrout,-9.640345563290486,-1.4715430857032032,1.0835904808849397
LT001,lakeTrout,-7.785685531685331,2.226678477937827,2.5704108731615802
LT001,lakeTrout,-5.588103397837957,0.02029133987306602,-2.1468395994938927
LT001,lakeTrout,-2.189146121858329,-5.993697442479383,-1.7674017976242578
LT001,lakeTrout,1.2562048230948408,-1.1217131415717536,-0.8542255656074219
LT001,lakeTrout,0.40486000644376374,0.7336702388716544,-0.05294717474903665
LT001,lakeTrout,-10.408037353753121,-3.126991523352417,-2.397273330958324
LT001,lakeTrout,-4.997347887290802,2.2408373110556976,1.9684148659174294
LT001,lakeTrout,-1.4642440794522704,-0.7571564724876616,-0.5709645451128601
LT001,lakeTrout,-2.503318907869631,-1.9868469213162445,1.966935356710626
LT001,lakeTrout,-3.017706938067304,-1.8400847106713318,2.7281389991234826
LT001,lakeTrout,-6.4316946847084235,-1.1400288410455164,1.1080392364563099
LT001,lakeTrout,-2.7986902997805787,6.809590005508539,1.6370872843472424
LT001,lakeTrout,2.299641562809371,-5.494606933657481,5.949176447869527
LT001,lakeTrout,3.0909881401095456,0.5344108729747462,1.9209778367695363
LT001,lakeTrout,4.650280677727729,-1.2751799517066376,0.26131260766343556
LT001,lakeTrout,2.4776889397166992,-4.090306056287649,-1.0299503633342173
LT001,lakeTrout,-2.562965454069473,0.836159223408486,0.8465199860325898
LT001,lakeTrout,-6.59134390247059,1.4716304534721552,-2.3086376052533537
LT001,lakeTrout,-8.631694206430186,3.0891512818904854,0.5666396013681916
LT001,lakeTrout,-0.9954651807586786,0.42497507022092557,0.6377461359702252
LT001,lakeTrout,2.039108970259651,-11.55721738296765,4.70249710277424
LT001,lakeTrout,1.3318096364087009,-9.269290095555808,4.551584929271621
LT001,lakeTrout,-0.19260341576114293,-9.30095075629655,3.9986623024487074
LT001,lakeTrout,4.180248053170386,-9.105930785909107,4.793760683676666
LT001,lakeTrout,8.392551975533447,-6.019619229606638,-1.5405899113245747
LT001,lakeTrout,-1.9964629036964099,-4.071954039494525,-3.416681725980591
LT001,lakeTrout,-3.3734381567634637,-0.8485718755049303,-0.4469845511706526
LT001,lakeTrout,-8.030923414624477,1.8381174781802352,-1.7674776690237424
LT001,lakeTrout,-10.35800484376799,2.914544863530039,1.802232784482101
LT001,lakeTrout,-7.943506624132549,3.8291637497896915,0.9625806869389709
LT001,lakeTrout,-4.919742237488693,-6.024220661597489,5.5183673997705585
LT001,lakeTrout,-1.8650184499131768,-7.4195490745024095,4.633808436427696
LT001,lakeTrout,-4.902506237661655,-6.773677322654292,0.9204547710565606
LT001,lakeTrout,0.6326553917091182,-8.344715127413151,1.7880503455665449
LT001,lakeTrout,-13.359871774199036,-4.665334412062325,-6.543288997501791
LT001,lakeTrout,-14.77123728709954,-0.05566948749887857,-2.4453786505044017
LT001,lakeTrout,0.4872612367864297,-0.001472066790705523,-0.6155449794627187
LT001,lakeTrout,7.937176413372156,-10.504997928501444,3.4185308209767697
LT001,lakeTrout,-1.5405803065804065,-3.144129031822428,3.4386458730393943
LT001,lakeTrout,0.8846193935863194,-9.85967800875406,-0.8694584779436396
LT001,lakeTrout,-5.869270823550239,-14.455489525723413,1.0190912191041992
LT001,lakeTrout,-4.6343073981431715,-12.732874218155406,0.8096721801293758
LT001,lakeTrout,-15.162945990184392,-7.752864461558184,-0.5905192219337478
LT001,lakeTrout,-14.338879881776974,-10.166322838952269,-1.3797997042448076
LT001,lakeTrout,-11.058719638705412,-8.671082436300672,-2.8323270474396893
LT001,lakeTrout,-8.298986072411152,-5.684030809408548,0.3349209083018695
LT001,lakeTrout,-6.387358864136732,-3.0829959198236487,0.5574924105335711
LT001,lakeTrout,-0.5791843158873182,5.271184027191741,2.638403985853513
LT001,lakeTrout,4.098798825217403,7.27162000531885,1.6064791320869611
LT001,lakeTrout,6.063835237759156,6.4490438463317545,-3.012948118823356
LT001,lakeTrout,19.1051745720368,4.868284586769317,-1.34892131113146
LT001,lakeTrout,6.591196683871972,-1.852379506499499,1.554410858276263
LT001,lakeTrout,8.760179589212946,-1.8517793488398293,-2.5155953242193045
LT001,lakeTrout,5.048800816456422,-9.517588153695746,-3.207266954554238
LT001,lakeTrout,-2.1595889411444533,-1.6361560963934418,1.449221545739103
LT001,lakeTrout,7.099215686862415,-13.134778022256384,2.8205643435994787
LT001,lakeTrout,-0.06641248584217196,-13.151069959994992,2.45905798444095
LT001,lakeTrout,-1.8765516670007323,-8.212056799186774,0.8449804706513813
LT001,lakeTrout,-14.570431825454527,-3.9171856018560347,0.20062313867219528
LT001,lakeTrout,-2.3777926728951106,-8.433203079816607,2.8528421891836593
LT001,lakeTrout,0.474778326211611,-11.786020836142136,1.2601071033347107
LT001,lakeTrout,4.394973324055674,-15.845693037697258,1.4005389505996544
LT001,lakeTrout,1.0423564096631002,-14.662034944941052,-1.6992485486141031
LT001,lakeTrout,4.536721763582589,-15.252639084819686,-0.18537991928828224
LT001,lakeTrout,6.953517066774309,-16.773836239820366,0.4491873751203481
LT001,lakeTrout,3.3145660796319807,-13.206444823390937,2.1626019020992997
LT001,lakeTrout,-4.755738459209492,-8.131655078533818,1.8661184305753822
LT001,lakeTrout,-10.301959170894005,-6.610269686478671,1.1588529061293469
LT001,lakeTrout,-11.764494584230825,-3.507093970102402,4.4139552519183205
LT001,lakeTrout,-2.2799592388939787,-8.05044185666875,3.27298396990267
LT001,lakeTrout,3.150756492314501,-12.342131157605483,0.29140935669706797
LT001,lakeTrout,2.8837356870915705,-9.824890389812662,0.21241200266717442
LT001,lakeTrout,8.912730230154828,-15.64035925229026,1.2992061709471932
LT001,lakeTrout,17.080550557312204,-16.19530893212628,0.20399645147044376
LT001,lakeTrout,13.783823375708984,-16.256764019021436,0.12302971639196947
LT001,lakeTrout,7.710711336364797,-16.89383265969775,4.577383873903823
LT001,lakeTrout,7.414498722763225,-14.765668960591894,4.919950837857514
LT001,lakeTrout,3.5399866822122315,-11.485319431452918,2.3689864809209515
LT001,lakeTrout,0.7372047571756812,-9.826474812907634,2.3332128042745452
LT001,lakeTrout,-14.083826381231415,-3.002333683486594,1.5110871749523667
LT001,lakeTrout,-7.0235489227279615,-6.863789883655432,-4.635360699263233
LT001,lakeTrout,-8.130307408711042,-8.420711045689885,-3.9608916682510564
LT001,lakeTrout,-1.8715417169570034,-8.064533745539151,1.2519026203052452
LT001,lakeTrout,5.085805850820159,-12.458242611435239,1.1668741500621924
LT001,lakeTrout,3.1708553886948176,-8.150734236445938,-0.6641224360229372
LT001,lakeTrout,3.0542895866971285,-4.473617400155046,-0.45434305664752983
LT001,lakeTrout,0.8703135785158935,-2.656628512250313,-1.494481844666904
LT001,lakeTrout,-8.607650470723947,-3.416129047616689,-0.510602819476162
LT001,lakeTrout,-6.391015301217603,-10.712247747773127,-2.335984262665554
LT001,lakeTrout,1.192149239678976,-11.605310901412103,1.5656373223736721
LT001,lakeTrout,13.245182190847427,-13.083429371386224,2.2078841529597604
LT001,lakeTrout,2.313088403640298,-10.294906674568002,1.450346385787033
LT001,lakeTrout,-2.262074456124094,-9.005902757437404,-1.1347307332547536
LT001,lakeTrout,-5.115689403146048,-0.7949826689645257,-0.2846905939989861
LT001,lakeTrout,-9.295090814721764,-0.523019332736022,-0.5118702030627112
LT001,lakeTrout,1.6478231386983264,-7.305681841156545,-2.0859549376352944
LT001,lakeTrout,-0.2653669295436132,-5.191358799128869,-2.4524244355480964
LT001,lakeTrout,-4.3369118958666775,-3.175968742340312,-2.473552479291909
LT001,lakeTrout,-9.627543616468529,-2.763157225214739,-0.041732785573560305
LT001,lakeTrout,-6.858542836590281,-0.7860140417042851,-1.2536041616313756
LT001,lakeTrout,-10.13132201301842,-2.3913929876572717,-4.882838068927995
LT001,lakeTrout,8.448776893180385,-12.08326958570698,-4.06249461546668
LT001,lakeTrout,7.295192849651029,-7.934474302387673,-0.4867008288862556
LT001,lakeTrout,-0.17146593420047426,-1.411334452606837,-2.8618956223643512
LT001,lakeTrout,-1.6761273227964688,-1.1015000416526441,-2.6656034222801326
LT001,lakeTrout,-7.658979583445597,-3.50700440405966,-3.781945651939755
LT001,lakeTrout,-21.676793763601218,-1.3748928419929474,-1.7244899796948125
LT001,lakeTrout,-26.309343193758306,-0.3172470756801271,-0.7348593573258858
LT001,lakeTrout,-25.076997157955134,-2.2827187730229923,0.05968962559506394
LT001,lakeTrout,-24.93495741398682,-4.509099784441,0.9295212380173462
LT001,lakeTrout,-26.51792648113776,-4.806314405090708,0.21069467988447088
LT001,lakeTrout,-36.205112171783526,4.691418372705736,-0.5552382278493089
LT001,lakeTrout,-33.83136610094496,4.777203045386754,-0.6638358626362244
LT001,lakeTrout,-29.93908091505147,3.612459775750623,-0.3558941952821023
LT001,lakeTrout,-28.061640442793745,2.8639061352173467,-0.47981609532619146
LT001,lakeTrout,-27.899011592774116,3.035113292994624,-0.7700802158127376
LT001,lakeTrout,-28.867596512119093,3.165055993980344,-1.1795024427965175
LT001,lakeTrout,2.084284703055474,-11.411501535537402,1.4430665153717495
LT001,lakeTrout,7.436380172812509,-11.877833511789227,0.6838672351450696
LT001,lakeTrout,7.5032776030615205,-11.556808915515344,-0.3763715346822784
LT001,lakeTrout,4.21109454230567,-8.776460507167451,-0.768219653815654
LT001,lakeTrout,6.065420055491762,-6.558996807534312,-0.9526078714004742
LT001,lakeTrout,7.421858144340964,-7.879992657252547,-2.1634736136250226
LT001,lakeTrout,7.966694684513999,-10.434282065841808,-0.996698394246524
BUR001,burbot,1.9317086569291482,1.8485963474398006,-4.750461091699696
BUR001,burbot,4.339203737702117,3.043437837208312,3.4474940136191194
BUR001,burbot,5.250771186415777,1.6229026721411661,1.0028791715214043
BUR001,burbot,10.882835258211609,-3.953798662466059,-2.886274183325332
BUR001,burbot,1.571897287617271,-2.1397357712087293,2.089019360790631
BUR001,burbot,3.795607993211163,0.7461812162146292,-10.96424270864769
BUR001,burbot,3.556122677101962,5.160465275371702,6.854498913966232
BUR001,burbot,12.248111580421359,2.38037059975068,-3.9738764248585783
BUR001,burbot,10.518600081036652,10.908889417695168,-3.027091283347567
BUR001,burbot,2.297383119565421,12.882070613367715,-2.2823940377443437
BUR001,burbot,-3.3339272392746033,12.20692546002656,-6.389524136032722
BUR001,burbot,-9.65130243510542,10.55361312801348,-0.03234772394851371
BUR001,burbot,-6.526627712844318,5.405765017797441,4.132688380309169
BUR001,burbot,-4.390005232128299,4.354068570054742,2.996657693136667
BUR001,burbot,-4.155295305705876,5.13333383512339,2.453055750453941
BUR001,burbot,-4.381087278665391,2.728074337299511,-3.975942478244522
BUR001,burbot,-4.259064408491821,0.8960209524105656,-3.805972276667452
BUR001,burbot,-5.269981283527594,-0.11350025160796828,0.21569205743145864
BUR001,burbot,5.645111122228915,9.59491425409657,1.1171732134239265
BUR001,burbot,5.373349369978314,5.576408306606763,-1.3917586976599035
BUR001,burbot,0.8110290197480707,4.412455425422118,3.3946908369478908
BUR001,burbot,6.416336025564545,4.92102749786026,1.0569051643621816
BUR001,burbot,6.910882179809638,1.7002569771748721,-0.9782740080012282
BUR001,burbot,15.50026375736936,-1.417488954794759,-7.7507364371949805
BUR001,burbot,20.636633377873224,3.504218218790445,-1.3291086993181138
BUR001,burbot,17.310089645097747,1.6501432243528966,-3.268801290762074
BUR001,burbot,13.179175602284019,0.35422400384846586,-6.5591365048854895
BUR001,burbot,14.145331709934728,-6.624473306571176,-4.1523835765457155
BUR001,burbot,-0.09875387302291871,8.14119445460477,1.643563395231581
BUR001,burbot,0.046288028814667204,4.736000273864198,-4.248085579703078
BUR001,burbot,-4.199621168150951,4.272282885501873,5.79710615691899
BUR001,burbot,0.893906997273926,2.2932991075559657,12.513447755773104
BUR001,burbot,0.3681112616450728,-0.019212118763022534,4.152164092514799
BUR001,burbot,-6.554017381164142,0.2508575650722946,-2.136581527097636
BUR001,burbot,-4.039909292085472,6.6911656834926365,3.72765518909108
BUR001,burbot,-4.2898138844785745,5.499494409713124,-0.2182148861357449
BUR001,burbot,-8.390646952086247,7.900571306638013,7.997595022077998
BUR001,burbot,-1.1998936479749975,4.657406442133358,4.116174146722631
BUR001,burbot,-2.1248624442353816,4.638948948387677,5.909426011897361
BUR001,burbot,-2.4983842668667267,3.635104873547151,6.911109024477459
BUR001,burbot,-6.973554380340146,-2.7586771733551174,5.015802120389095
BUR001,burbot,-7.896503417202773,-1.9484293718670154,3.9060767589263787
BUR001,burbot,-9.17589529854478,2.9833042368142975,4.388670223669916
BUR001,burbot,-4.978161305847073,7.591934765342393,4.43118209525446
BUR001,burbot,-5.420505069219457,2.476012793363984,-3.9881582583325192
BUR001,burbot,-10.332515725718428,2.451905760494897,-2.917230079964685
BUR001,burbot,-10.658653102076041,2.4545340543259853,0.3927018385104799
BUR001,burbot,-10.680535857467678,4.817861001925669,3.2375848141583656
BUR001,burbot,-6.720358555593945,2.7736905793499185,-2.9430535471855848
BUR001,burbot,-7.472286084503535,5.2132897705281644,-0.26774390569481143
BUR001,burbot,-10.307495542569114,5.8923992110284065,-1.803917628490137
BUR001,burbot,-8.053063431227319,3.575822108439956,-3.814630834340277
BUR001,burbot,-9.94430346902167,0.8121568039301869,-8.387406262632666
BUR001,burbot,-10.061797087027259,1.0934216037059863,-2.3456696595619144
BUR001,burbot,-8.45183173307829,4.291676061094376,1.4093616914828806
BUR001,burbot,-10.948260686645071,5.293550261718851,-6.9848925867483675
BUR001,burbot,-12.287757664602722,3.999160714614806,-3.266047502962647
BUR001,burbot,-14.499144455559389,2.3891115571396733,-4.852824131136004
BUR001,burbot,-14.167141177881387,1.9346760782516144,-2.675466275602122
BUR001,burbot,-16.517948736084417,1.7333485677886875,-6.456759057334733
BUR001,burbot,-5.016264038393791,3.8848730875668647,-2.970644752400753
BUR001,burbot,-6.817344892312673,3.726033086638137,3.317396805971913
BUR001,burbot,-7.726139681069698,3.877526901659178,2.5737659913622837
BUR001,burbot,1.566599441825178,-7.376092309930291,5.122257700660961
BUR001,burbot,5.852225409041976,-6.999793145448381,3.8625554013136876
BUR001,burbot,7.003094212393004,-4.715261624979507,3.9574342849072464
BUR001,burbot,5.711975759126489,-2.5500952511536408,0.9335001155478608
BUR001,burbot,4.582003392564975,-1.4900666405947698,0.8426951512583957
BUR001,burbot,2.524580693272121,-2.149100768817341,2.034375086588939
BUR001,burbot,3.488782300759591,-3.1211183472983146,3.475839146954911
BUR001,burbot,1.8922050337076528,-5.372561125213938,0.48822020124039
BUR001,burbot,2.3990027880985183,-4.7954222472571395,0.4717185842348803
BUR001,burbot,3.456490766043873,-5.428065513438208,-0.2803207372439593
BUR001,burbot,3.2395927799518267,-5.5417707626933534,-0.6141031181660196
BUR001,burbot,6.630777748584521,-5.00695343736251,1.2065186536050931
BUR001,burbot,7.480784981599033,-4.575083219348675,4.13084645797794
BUR001,burbot,9.879473271765615,-6.7216736278666165,4.20797516476148
BUR001,burbot,10.040269822142086,-8.583568798431966,1.6865088956906025
BUR001,burbot,8.508221645496898,-7.971990598252836,1.4365785463495435
BUR001,burbot,5.082642961623493,-7.545179507239581,1.8449441022959092
BUR001,burbot,4.40355503565367,-6.411791695524803,1.334577889816488
BUR001,burbot,8.066565165832301,-5.7575690960273285,3.3224771538181113
BUR001,burbot,10.978618145977578,-4.686181808462036,2.4459688234003325
BUR001,burbot,18.186835550215847,1.110358116490496,-2.6841934136707524
BUR001,burbot,21.001804850282536,-2.2128623503760276,-1.9639333601161493
BUR001,burbot,20.186031541490383,-2.8066694157450285,-2.8770637977904423
BUR001,burbot,10.271564126167654,-3.4679977708459875,-1.3450956117440176
BUR001,burbot,12.596979889407294,4.741124763225216,-4.736969359565203
BUR001,burbot,16.634833385096332,6.000573194338853,-3.2912549819780477
BUR001,burbot,10.089132639831348,10.269538518061452,2.8318340566980464
BUR001,burbot,18.02473009158626,3.7866549104695335,5.025074201417905
BUR001,burbot,9.420631058182328,-3.4653762231886827,-3.413252201751468
BUR001,burbot,12.197833299353253,-6.193988095038822,2.262529766734841
BUR001,burbot,7.892237012394462,-1.9447464157054328,-3.0075250210770497
BUR001,burbot,3.0493593817337254,2.021003881422503,-4.22816486834506
BUR001,burbot,4.195737413603939,0.6846468812693685,1.2389797456840472
BUR001,burbot,5.009364380034454,1.4285184223112408,0.7247448033955731
BUR001,burbot,3.2143996510271493,-5.670210994427523,-1.7054285230074218
BUR001,burbot,6.006763635257,-1.486816571660992,0.4507704421764357
BUR001,burbot,-2.341730663548183,-0.45853010967644314,4.610841486823095
BUR001,burbot,4.679665198950399,-3.4558942000587463,0.4335443890089289
BUR001,burbot,1.8674604430281403,-7.814928653982899,1.0910652487522545
BUR001,burbot,-5.155389195284453,-12.153966316129598,-5.193475728045825
BUR001,burbot,-4.403753881334411,-7.366734402334714,-1.32963305447695
BUR001,burbot,-8.27789704234834,-4.809072918741463,0.05738410465155708
BUR001,burbot,-9.134799151926034,-8.41034307247006,0.959518346885259
BUR001,burbot,-12.480786473857393,-12.678677993421529,-1.4594201184825843
BUR001,burbot,-16.197356787674238,-10.45416741589508,1.4538967687304902
BUR001,burbot,-14.880379579294372,-9.133998260253893,1.9135519301843895
BUR001,burbot,-20.94319038466245,-8.073506713229856,2.085697455922872
BUR001,burbot,-17.9726019136471,-9.512618695798267,-4.048216784183096
BUR001,burbot,-18.105517149959134,-7.0292334207710425,-2.444532384946683
BUR001,burbot,-18.388363434904903,-4.552852008588862,-6.499909739107208
BUR001,burbot,-14.317725512946847,-1.7470185411104908,2.584786898574138
BUR001,burbot,-7.871428209754484,-6.934531136462425,-1.8126038585504958
LWF001,lakeWhitefish,-18.908745854936697,6.527000989137932,-1.0969230418575382
LWF001,lakeWhitefish,-17.536619593008894,3.543023270445387,-0.40912538364366924
LWF001,lakeWhitefish,-22.119812622755617,4.495695131537934,-1.389210254406759
LWF001,lakeWhitefish,-26.999752166635837,5.6370464067201755,-2.7131573220565635
LWF001,lakeWhitefish,-24.969121377364797,4.1848568480277635,0.554049008602779
LWF001,lakeWhitefish,-22.88419508397981,5.2187632356843014,-1.5186224158548987
LWF001,lakeWhitefish,-23.84703481833347,4.752733341168361,-2.6287977877766684
LWF001,lakeWhitefish,-21.51926944947661,5.101059602836536,-3.1082622642189897
LWF001,lakeWhitefish,-26.032136527051723,4.682827960286565,-1.2839222384865039
LWF001,lakeWhitefish,-27.635228021446498,4.24501429191306,-3.416139254166847
LWF001,lakeWhitefish,-25.740340269583534,7.8189544512980484,-2.345145107655595
LWF001,lakeWhitefish,-23.585450029571657,8.08574544034823,0.39906547728943575
LWF001,lakeWhitefish,-23.051824052994462,8.347325727933733,-2.1189498382643546
LWF001,lakeWhitefish,-25.201395109654936,5.509899458226317,0.699531109997821
LWF001,lakeWhitefish,-27.59919650268943,3.0443068679545338,-1.9565307309560316
LWF001,lakeWhitefish,-25.450140653911422,6.115966825600685,-0.885505236506952
LWF001,lakeWhitefish,-25.709476682495566,4.2682557059237345,-1.0320476442718682
LWF001,lakeWhitefish,-25.25153368889416,3.953432190744146,-2.4633233653964783
LWF001,lakeWhitefish,-25.20129445996449,3.7468358485785025,-3.1540948993460693
LWF001,lakeWhitefish,-21.131109609096672,7.475167582179049,-0.5257510691670264
LWF001,lakeWhitefish,-20.313220158118067,1.6314983334486044,0.9358651840493009
LWF001,lakeWhitefish,-22.050300811156955,4.10402991538678,-0.8619063556528808
LWF001,lakeWhitefish,-21.791900486696225,4.848035931633125,4.742107270502523
LWF001,lakeWhitefish,-24.921123449050757,2.207596923051497,3.075430638139786
LWF001,lakeWhitefish,-19.828657833817335,5.935100523428066,4.824877483101338
LWF001,lakeWhitefish,-22.977940112144978,5.412812979638188,0.2774314914916056
LWF001,lakeWhitefish,-25.09665254456853,7.8989047123895535,-0.3552158188425203
LWF001,lakeWhitefish,-26.430972908873585,4.748139020855621,-0.2410054967294366
LWF001,lakeWhitefish,-28.521511270513628,3.3401300828166116,0.12402129492334257
LWF001,lakeWhitefish,-26.74934018825909,-0.09885467367939071,2.046099521039169
LWF001,lakeWhitefish,-26.253561689032615,0.7334735853342398,0.3401239835390495
LWF001,lakeWhitefish,-26.379503589666747,1.9879989029173162,0.03424457537333314
LWF001,lakeWhitefish,-28.146489704884335,0.19058155490091888,-3.067115109867788
LWF001,lakeWhitefish,-26.197272074965404,1.2261470954274367,-4.002311388889284
LWF001,lakeWhitefish,-27.075462774460433,1.4953195236022943,-1.3110229896416739
LWF001,lakeWhitefish,-25.664592368177683,1.3114060270562016,-1.2746563445438595
LWF001,lakeWhitefish,-30.351039621240673,0.2613590806412258,-5.18074744153509
LWF001,lakeWhitefish,-28.294291462547516,5.419086186621984,-5.384024352909271
LWF001,lakeWhitefish,-31.100137309879344,2.6924533114067017,-7.277359793634035
LWF001,lakeWhitefish,-30.81332806045588,1.5965746477890388,-6.09114262562288
LWF001,lakeWhitefish,-27.414309510006206,0.9106155147114015,-4.6384149847975005
LWF001,lakeWhitefish,-25.513780143775012,1.1131829043327595,-1.5044618248990114
LWF001,lakeWhitefish,-25.831480067524737,0.1263736606906143,-3.6174415353264715
LWF001,lakeWhitefish,-26.570919590242532,-0.30077389328176096,-2.3712589196291347
LWF001,lakeWhitefish,-26.307577976071933,2.6907368845452724,-1.9610215863508493
LWF001,lakeWhitefish,-28.786081646311295,0.6942666082772906,-1.8623571266726398
LWF001,lakeWhitefish,-27.072923014831282,0.9872368586777105,-0.3995047946778003
LWF001,lakeWhitefish,-26.560306337262706,0.25941658181192206,-2.386615779378367
LWF001,lakeWhitefish,-24.544556459658004,-0.4076268761003963,-7.8500868846156875
LWF001,lakeWhitefish,-25.495709200049827,3.6190600503026205,-2.7820040701883855
LWF001,lakeWhitefish,-24.78772990497889,1.818368411661127,-2.579079340961762
LWF001,lakeWhitefish,-28.53547767280896,2.297621230098761,-3.145082004529094
LWF001,lakeWhitefish,-23.405644329160488,0.5873972035846049,-3.860786426942669
LWF001,lakeWhitefish,-20.455907947100087,0.7752447470308477,-1.2503855682335994
LWF001,lakeWhitefish,-17.7407637354782,2.0734847855474676,-2.9373241588577184
LWF001,lakeWhitefish,-16.659520202080465,4.339935631949188,0.7675066214505994
LWF001,lakeWhitefish,-14.281064718385073,4.468795573328828,4.160811681919933
LWF001,lakeWhitefish,-18.693946341409937,-0.24363431984851225,1.0377849363970966
LWF001,lakeWhitefish,-17.580703711678897,4.943461085156402,0.7516526191254833
LWF001,lakeWhitefish,-15.39893124774794,6.997367954988777,-0.34738994550479463
LWF001,lakeWhitefish,-8.716949757841164,7.470664572260527,1.2616786896218992
LWF001,lakeWhitefish,-21.6973008844126,-1.1518039957579935,-4.311991833909973
LWF001,lakeWhitefish,-19.81529249194326,0.8386015351420357,2.610644620223385
LWF001,lakeWhitefish,-12.987441666159276,2.5467839970692974,1.8545401792474072
LWF001,lakeWhitefish,-12.21200958195145,5.280313580497461,5.4908978636421395
LWF001,lakeWhitefish,-14.5528055767766,5.018666183589466,2.703894501931978
LWF001,lakeWhitefish,-10.536889900450499,5.889701955699262,-0.4471501705428893
LWF001,lakeWhitefish,-15.589041072942273,2.5461403923767842,2.8391053716618835
LWF001,lakeWhitefish,-10.873207689600502,5.88568100367425,2.01861317345048
LWF001,lakeWhitefish,-14.135301758637606,3.293753269374565,1.5749937143682815
LWF001,lakeWhitefish,-15.80756840829504,2.1438132692671688,4.328734524245758
LWF001,lakeWhitefish,-14.304703147815546,2.7731029505012557,4.8632251631607435
LWF001,lakeWhitefish,-12.576387442910276,3.664329414059848,3.1412873084435233
LWF001,lakeWhitefish,-12.711454859402306,2.3636083625324655,3.3143996116561256
LWF001,lakeWhitefish,-19.3650071363075,-2.0369800677687024,5.810126883539792
LWF001,lakeWhitefish,-16.454552091121215,1.3356291630864274,5.606524831733669
LWF001,lakeWhitefish,-17.230749473964845,1.7964047757680017,5.241503518002984
LWF001,lakeWhitefish,-16.454489150706063,0.4222974831064228,2.585801173502372
LWF001,lakeWhitefish,-17.180558849800505,0.09572994202308527,5.848158605419377
LWF001,lakeWhitefish,-18.470062978110093,0.7473067034154521,3.1236554687624913
LWF001,lakeWhitefish,-19.0710499032551,1.3081764356984094,4.215920971297063
LWF001,lakeWhitefish,-21.43891046432548,1.8595970098969443,2.170574708110543
LWF001,lakeWhitefish,-18.856936788823987,0.18252652995501517,1.6198598988275452
LWF001,lakeWhitefish,-18.14540424940109,0.8527468681847519,3.91439582576023
LWF001,lakeWhitefish,-18.546584050010704,1.9611279344351753,1.247291068566219
LWF001,lakeWhitefish,-19.22665979625431,2.0353247714898712,-4.76646774439128
LWF001,lakeWhitefish,-19.697479694227233,1.8112379889194306,-2.1691989968471628
LWF001,lakeWhitefish,-17.838747969390145,3.0142576682663984,-4.341590470721112
LWF001,lakeWhitefish,-19.67930172620252,2.5829035755482668,-0.5277824820497745
LWF001,lakeWhitefish,-20.5843254614917,1.2384259944628333,-3.8032949006575985
LWF001,lakeWhitefish,-19.735789817242264,1.8828240170891668,-1.9964406983030196
LWF001,lakeWhitefish,-18.15889426594759,0.8121228750541247,0.7518341914735198
LWF001,lakeWhitefish,-19.319514036590277,1.03762603128799,1.8200351605017122
LWF001,lakeWhitefish,-17.376007886090783,0.7767344650819599,0.583082021066561
LWF001,lakeWhitefish,-18.090255274021985,2.2249654715965326,0.747828420642247
LWF001,lakeWhitefish,-19.80157824993369,3.33801884538432,-1.224273581386175
LWF001,lakeWhitefish,-21.35864184027681,1.9254808149561593,-0.05515189369854223
LWF001,lakeWhitefish,-20.284629726376757,1.2553566335936344,0.5018510827281784
LWF001,lakeWhitefish,-19.147831920268956,0.10891780088322944,2.6352455734481297
LWF001,lakeWhitefish,-18.44310774854919,-1.196879066285065,2.8892250452082577
LWF001,lakeWhitefish,-16.313838363832716,3.0849027131722733,0.1390028198668256
LWF001,lakeWhitefish,-16.83912826648269,3.330576164972501,0.6827954346865823
LWF001,lakeWhitefish,-16.12604807703392,3.6884793035940002,-0.011775450806747578
LWF001,lakeWhitefish,-22.224456362832964,0.18531153244017018,1.931786433683797
LWF001,lakeWhitefish,-19.301890940373216,2.284044106313632,-0.9623346293557802
LWF001,lakeWhitefish,-24.636855454957676,-0.11190062439537218,0.2208765356632325
LWF001,lakeWhitefish,-22.616370725746837,2.209753150255893,3.483802363345285
LWF001,lakeWhitefish,-19.121986952528633,2.7307789906262654,-1.90261945362814
LWF001,lakeWhitefish,-24.4058584563832,3.614506905346274,-1.5761856511179673
LWF001,lakeWhitefish,-26.095185900630998,6.45367547421284,-4.7077089334946
LWF001,lakeWhitefish,-24.728613312986433,5.937904834325655,-0.6101589522659809
LWF001,lakeWhitefish,-21.588502976200758,8.577538589276795,0.5497112499153176
LWF001,lakeWhitefish,-23.145049054758367,2.8274004856375687,-2.85553420383484
LWF001,lakeWhitefish,-24.265041402355006,4.046051271148286,-1.5624978130540024
LWF001,lakeWhitefish,-24.397249083352357,6.493664454003664,-3.6122230409262404
LWF001,lakeWhitefish,-25.565451900849975,3.0200608682224246,-0.9787532564546577
LWF001,lakeWhitefish,-28.017313704862502,-0.5329681413080598,-1.5231253341499862
LWF001,lakeWhitefish,-27.295635716133784,-0.8225662509930691,-1.385627752588526
LWF001,lakeWhitefish,-23.82151107580726,0.8368610255202507,-1.3957073661459516
LWF001,lakeWhitefish,-20.9497023593766,4.958984244301417,1.3124417142998728
LWF001,lakeWhitefish,-27.23212504796401,2.6080281967154804,1.5583981484381892
LWF001,lakeWhitefish,-23.899638167297105,1.1154353924861025,3.002662313778452
LWF001,lakeWhitefish,-27.109937722488354,0.4842388187954132,1.466642534128816
LWF001,lakeWhitefish,-21.500614290271876,2.611926728727292,1.952764559362191
LWF001,lakeWhitefish,-23.694895031177385,5.0928942897219205,-1.6844024024322923
LWF001,lakeWhitefish,-24.043368104304598,4.2485464644399835,-0.28068272387171866
LWF001,lakeWhitefish,-21.481748323121714,2.582966604375334,-0.7749895601328785
LWF001,lakeWhitefish,-19.50907153336689,3.553811449061315,-3.752901701976855
LWF001,lakeWhitefish,-20.549917712096732,3.4346924894017414,-1.3994654774950392
LWF001,lakeWhitefish,-16.56862116368476,3.9886886725327533,-2.177321283274305
LWF001,lakeWhitefish,-14.037568163481772,4.596840098473242,0.3392886200241101
LWF001,lakeWhitefish,-12.87915744537831,3.4137331850142187,8.636786085412524
LWF001,lakeWhitefish,-8.070962492751807,-2.8595656769812288,4.266414554545735
LWF001,lakeWhitefish,-9.533559111757297,-6.3043209427220575,4.9780182017925565
LWF001,lakeWhitefish,-4.479998483898314,-4.326566964179779,2.900201128703374
LWF001,lakeWhitefish,1.8858903059772527,-1.1050197262752657,3.194643467790545
LWF001,lakeWhitefish,3.3143896370936408,-0.992443761577606,3.469890069718291
LWF001,lakeWhitefish,1.4467314476783375,-3.272970150666546,3.6792653821987438
LWF001,lakeWhitefish,0.5667208090429949,-3.293784912293032,2.189550480446589
LWF001,lakeWhitefish,-1.447307849009411,-3.7789338404960215,3.327850560578616
LWF001,lakeWhitefish,-9.314554217944293,-8.563084913784722,5.38797544562778
LWF001,lakeWhitefish,-7.124394543857213,-6.140015168939422,-0.6027942800038568
LWF001,lakeWhitefish,-6.276967956923361,-4.97423242842087,-2.50991078081056
LWF001,lakeWhitefish,-9.752034938789894,-8.015358974881032,1.6545861440629357
LWF001,lakeWhitefish,-9.724628558153597,-0.22869719536772204,0.6264439074127108
LWF001,lakeWhitefish,-13.975892497462237,-1.4598618614953183,-0.29060629397284954
LWF001,lakeWhitefish,-17.147431954905667,-0.1613132943742812,4.312106471324224
LWF001,lakeWhitefish,-10.837361097077634,4.29811974573224,4.4230732724301
LWF001,lakeWhitefish,-18.966851389999654,3.217192908358742,1.5789418798633457
LWF001,lakeWhitefish,-15.990436866991024,4.810999498256415,-1.6703663383640368
LWF001,lakeWhitefish,-12.072656304576796,8.253218290836761,3.545472531958282
LWF001,lakeWhitefish,-18.734789484520263,1.9605718301825346,-0.43821082862423033
LWF001,lakeWhitefish,-18.243326068081004,4.178702481445825,-1.7557862807634619
LWF001,lakeWhitefish,-21.764296341253214,3.3618511724077194,-3.2478015948245975
LWF001,lakeWhitefish,-23.153911430227932,2.968990315522905,3.325194324050242
LWF001,lakeWhitefish,-18.990497578941717,5.437868099339058,3.66895225872613
LWF001,lakeWhitefish,-21.973063277598925,7.330716998727101,0.9543502362291552
LWF001,lakeWhitefish,-26.06931007322848,5.598891959225393,-1.9257883675715703
LWF001,lakeWhitefish,-25.224250616921147,4.404074573026637,-1.537623464792107
LWF001,lakeWhitefish,-20.88638275654005,8.44375492474989,1.9939458684203246
LWF001,lakeWhitefish,-23.1065194598571,5.88914983628638,-0.03806318405127751
LWF001,lakeWhitefish,-20.551372239640614,4.476082279934424,-0.2283376317047825
LWF001,lakeWhitefish,-16.706159013486687,1.187947512410148,6.210112009362184
LWF001,lakeWhitefish,-20.548508852938763,-0.05131813022326348,0.6145050919712904
LWF001,lakeWhitefish,-21.070847169146184,-1.6241761166377904,0.9009233440900744
LWF001,lakeWhitefish,-19.614724246481554,0.6608783776078346,0.6947573765224324
LWF001,lakeWhitefish,-20.87625593124072,1.7095432600826719,-1.6097609697415152
LWF001,lakeWhitefish,-20.699630635926297,0.9376844190473914,2.4915880268217534
LWF001,lakeWhitefish,-20.289274181082842,-1.0364948441168256,1.9704409075941953
LWF001,lakeWhitefish,-19.612269684047277,-0.5875867200507745,-1.02518609404453
LWF001,lakeWhitefish,-18.285831345788218,2.6919399998893554,-1.3293841595572058
LWF001,lakeWhitefish,-23.085614274213437,1.0722347025356385,-3.77696872881046
LWF001,lakeWhitefish,-21.204388670292907,2.7139046659544395,1.208264074610092
LWF001,lakeWhitefish,-18.514564370740377,0.34515184033641333,0.9237285070628363
LWF001,lakeWhitefish,-15.821694888954928,1.9565655890562286,0.8084266201672623
LWF001,lakeWhitefish,-18.469449116471548,-2.03878622420781,-1.1287733647078237
LWF001,lakeWhitefish,-16.159093268506666,-3.9808629716092607,2.273901310347112
LWF001,lakeWhitefish,-13.229357327913768,-3.7219667519856148,1.48598678124953
LWF001,lakeWhitefish,-3.385532517434861,-1.9310780495028872,-0.9467887875180464
LWF001,lakeWhitefish,-1.6462770880321642,1.009477537618451,-3.187516281895396
LWF001,lakeWhitefish,1.5101427309945628,0.7364530879556157,-2.7863168382217927
LWF001,lakeWhitefish,1.9718225202842972,0.2231477673910684,0.2688315722562906
LWF001,lakeWhitefish,-1.8084859198334848,-2.747850763399881,3.0477311095172928
LWF001,lakeWhitefish,0.85368436992568,-2.621251756574413,-1.0457476989003796
LWF001,lakeWhitefish,2.3439377768900282,0.8159845444113062,-6.29692537790809
LWF001,lakeWhitefish,2.003672761652339,2.4975260697940413,-3.510162402270037
LWF001,lakeWhitefish,-1.3443963350522279,-1.3756754811090306,-3.737801394681162
LWF001,lakeWhitefish,-2.8644254262420583,-4.328193704475001,0.36670741271376117
LWF001,lakeWhitefish,-1.6570906269291379,-0.16358741850587433,-2.48653607784717
LWF001,lakeWhitefish,-4.7877168962154055,-2.1921400822944173,-3.064692450232844
LWF001,lakeWhitefish,-3.905021383638613,-0.9841223263528485,-2.1826460554166145
LWF001,lakeWhitefish,-6.305458888059427,-3.465203870241904,-0.8974645144345195
LWF001,lakeWhitefish,-7.8759238404381176,-4.8041642816900545,0.5392977949077078
LWF001,lakeWhitefish,-7.179810706509576,-3.3928401925460845,-0.09664173359191297
LWF001,lakeWhitefish,-6.760230168479707,-4.511416236670603,-2.5160379484103697
LWF001,lakeWhitefish,-5.779948820380817,-7.468118566502985,0.6848797430808999
LWF001,lakeWhitefish,-5.262301152533166,-7.506251003907742,0.7327948894632776
LWF001,lakeWhitefish,-1.0955817822740923,-7.369999752886036,1.382774636938094
LWF001,lakeWhitefish,2.1600788854203072,-6.031965835578835,0.4005621212190391
LWF001,lakeWhitefish,3.7452924206085685,-4.417323077862808,-4.483746973777083
LWF001,lakeWhitefish,4.156458713189661,0.16411878022698895,-3.4314265056007613
LWF001,lakeWhitefish,2.9062684247295327,0.13032685242301037,0.31802530629968273
LWF001,lakeWhitefish,0.6138661007785362,-2.991863896379968,-2.0503821810422815
LWF001,lakeWhitefish,-2.7143690721958365,-2.5444580111549575,2.381554115138398
LWF001,lakeWhitefish,-3.7569684025726957,-4.23847891071164,2.7183164964383386
LWF001,lakeWhitefish,-4.397017495149852,-4.537352302856878,2.9299838214605582
LWF001,lakeWhitefish,-2.443190124139158,-5.159741644861397,-0.9311595193781829
LWF001,lakeWhitefish,1.9812985350376695,-1.9601692375657138,-0.07584578637760914
LWF001,lakeWhitefish,-0.2832120801724223,-3.6092156813748595,-1.864696822258748
LWF001,lakeWhitefish,4.149449078059691,2.438709734701158,-0.31811066475817273
LWF001,lakeWhitefish,2.555414463573756,1.0435282776655441,-0.1601420658778865
LWF001,lakeWhitefish,0.6653071756140534,-2.7743315569776787,-0.043271859124013545
LWF001,lakeWhitefish,-5.604382355524883,-5.861696537430227,1.8521436813989987
LWF001,lakeWhitefish,-9.998579558575521,-8.268123102916237,-2.8135481821090957
LWF001,lakeWhitefish,-8.14774719333396,-5.803627645834331,-0.3400159470349058
LWF001,lakeWhitefish,-9.981450240604344,-7.464468481234723,2.4805072185965167
LWF001,lakeWhitefish,-9.729365546004288,-7.068832722851791,3.9923117391457534
LWF001,lakeWhitefish,-9.915069870169171,-7.359329515007126,2.5871495220713676
LWF001,lakeWhitefish,-11.241723042373405,-8.791511732739284,3.269622535129601
LWF001,lakeWhitefish,-8.4092901577684,-6.378532760237416,-1.8001024389437126
LWF001,lakeWhitefish,-10.180269052720618,-6.313865953524299,-0.18370194827048048
LWF001,lakeWhitefish,-9.838316009491768,-7.716036802373868,0.46790510934774154
LWF001,lakeWhitefish,-3.0750847599980737,-3.3758234305282544,-0.4955312921676077
LWF001,lakeWhitefish,-3.7987187790328347,-5.192276663459124,-0.1711260332766923
LWF001,lakeWhitefish,-3.234158762655529,-4.341521348087301,-0.43178339968631496
LWF001,lakeWhitefish,-7.066215400979399,-8.18477879090581,0.25196954829754103
LWF001,lakeWhitefish,-8.694888746896046,-6.965691706131094,4.245727004260897
LWF001,lakeWhitefish,-10.164373146884781,-8.053565525776957,2.908750062270048
LWF001,lakeWhitefish,-7.577988696750104,-5.2407227932376745,1.8032984877107319
LWF001,lakeWhitefish,-4.404837643739174,-3.4297500582411,4.0871982942759635
LWF001,lakeWhitefish,-4.414413070528327,-3.04624305423053,4.932407632732197
LWF001,lakeWhitefish,-3.047664931901343,-1.52823338424429,3.0645561009186872
LWF001,lakeWhitefish,5.318945411519101,4.0276488867403835,1.4999632503198437
LWF001,lakeWhitefish,7.521313689764348,5.861598341588719,0.20444685222848724
LWF001,lakeWhitefish,6.419200781274855,5.360501288857236,-1.1947410890137884
LWF001,lakeWhitefish,6.360069415599387,4.434623667208353,-0.6244348665067776
LWF001,lakeWhitefish,6.88826374824936,4.199819494551127,1.8746195512501362
LWF001,lakeWhitefish,5.159305875246449,2.25660007927327,1.830313641266745
LWF001,lakeWhitefish,-1.653930049507388,-2.433739682039133,0.79051816797753
LWF001,lakeWhitefish,-11.80079579784497,-9.2028692823336,4.590381254513577
LWF001,lakeWhitefish,-6.414986915199491,-5.029039537914046,-1.3186356386093523
LWF001,lakeWhitefish,-12.554546159113372,-9.16167332570447,2.9739362568215264
LWF001,lakeWhitefish,-11.535918508649072,-0.8195922149796541,-0.13825105656495795
LWF001,lakeWhitefish,-15.204262786272743,-1.8637838372089197,-0.8167290691750115
LWF001,lakeWhitefish,-16.66556860097559,1.2169723819813418,-4.342692990995495
LWF001,lakeWhitefish,-15.862925058306619,3.608159533685974,-3.6913843727162226
LWF001,lakeWhitefish,-14.530621867057164,4.886050321633699,-1.526810199837795
LWF001,lakeWhitefish,-11.288791716683258,4.0515016254540726,3.510112896779691
LWF001,lakeWhitefish,-12.624629038477549,4.157583188364335,2.149288006102056
LWF001,lakeWhitefish,-10.803058710018323,1.985281656608083,1.7226609121569716
LWF001,lakeWhitefish,-9.432606537766443,0.47323748504754304,-1.280742755873196
LWF001,lakeWhitefish,-9.689119773734324,-3.9599487652343957,3.799231611024085
LWF001,lakeWhitefish,-9.187123876792908,-6.023982904175567,2.410462205512733
LWF001,lakeWhitefish,-4.784577742100646,-2.573661919905943,3.9501724230583113
LWF001,lakeWhitefish,-3.5242964569285182,-0.978878015001528,3.8570998894601747
LWF001,lakeWhitefish,-4.704862702015705,-1.5579873819142223,3.711480183483858
LWF001,lakeWhitefish,-5.358896939268943,-2.029175184115793,5.187398786066015
LWF001,lakeWhitefish,-10.229641827088022,-6.511428037097522,2.605508106275817
LWF001,lakeWhitefish,-6.166602678265465,-2.092189673499588,1.4056547348219848
LWF001,lakeWhitefish,-6.893798233785544,-0.622839715842814,3.1543557967974007
LWF001,lakeWhitefish,-6.563267730179474,0.08122655507094301,-0.6661250605390914
LWF001,lakeWhitefish,-4.967968723131098,2.123045713208909,2.5191510281266183
LWF001,lakeWhitefish,-6.548821551059611,2.3645733735404315,1.3467376814233383
LWF001,lakeWhitefish,-6.859916616985071,2.1006137515704144,3.1728778161331768
LWF001,lakeWhitefish,-5.974088360939934,3.2220204261618024,4.804116162055542
LWF001,lakeWhitefish,-5.295851355722183,3.0125055088380566,1.5921551682138944
LWF001,lakeWhitefish,-7.190668261294947,0.576794411415336,-3.6839089827351765
LWF001,lakeWhitefish,-6.831723770048872,0.8594201797310175,0.2721596955443988
LWF001,lakeWhitefish,-5.959522033693697,3.1629167298219594,4.261623665501098
LWF001,lakeWhitefish,-9.837109499723118,1.4842643236292206,4.894614363493934
LWF001,lakeWhitefish,-8.49248576020079,1.9662061405126616,2.598726927177062
LWF001,lakeWhitefish,-6.785028043305606,4.358485853400796,1.645043081748336
LWF001,lakeWhitefish,-14.566043479486531,3.12785657248728,-1.29356926923273
LWF001,lakeWhitefish,-12.320434893945624,11.890201774954646,8.805716164802233
LWF001,lakeWhitefish,-17.8309305967211,4.330124430071291,7.127372752027753
LWF001,lakeWhitefish,-14.380573440958901,6.077532648747735,4.189613442701891
LWF001,lakeWhitefish,-13.726195063076764,6.411374775606519,0.6791694660487786
LWF001,lakeWhitefish,-12.846180103245654,4.962689076555515,1.7977634160806362
LWF001,lakeWhitefish,-12.820682940957141,9.45684737465043,3.8219114641550083
LWF001,lakeWhitefish,-10.450094244542079,7.902225669471073,4.747026980224937
LWF001,lakeWhitefish,-8.102051572148879,5.67271471883035,1.3401181370123711
LWF001,lakeWhitefish,-7.377899710289454,2.696504248822995,-1.9876523191411006
LWF001,lakeWhitefish,-5.66294290076572,2.917696058596913,-0.7212943495187789
LWF001,lakeWhitefish,-3.5112478967383725,5.86931676266832,2.4324285190409864
LWF001,lakeWhitefish,-5.4543670410603236,7.513835748442798,2.065169790146534
LWF001,lakeWhitefish,-3.8369437896555296,9.141922088235766,4.240409472472429
LWF001,lakeWhitefish,-9.622905703319443,9.00018371929362,-4.376814934520286
LWF001,lakeWhitefish,-10.527966507957343,9.527709971910589,-5.474605140542735
LWF001,lakeWhitefish,-2.564121246894515,7.226145818898324,8.383330631554092
LWF001,lakeWhitefish,-2.0722830544189907,9.32128234515708,5.049357372010026
LWF001,lakeWhitefish,-8.454552884859874,8.742674986578034,1.3466803729232635
LWF001,lakeWhitefish,-8.458635894017934,9.724501303030218,0.23489419758091
LWF001,lakeWhitefish,-3.8032734953851124,8.264035205923069,3.9010642096841073
LWF001,lakeWhitefish,-4.128286849213158,7.324201237043677,7.707240976452225
LWF001,lakeWhitefish,-0.8996160933029453,9.059695882252857,4.211839545124663
LWF001,lakeWhitefish,-1.4094835009845732,10.410353401945374,3.7082828729525765
LWF001,lakeWhitefish,-4.487490711255997,11.437864275663738,1.4882089147093693
LWF001,lakeWhitefish,-0.6747089925934437,9.15910630830599,3.990353036750322
LWF001,lakeWhitefish,0.0702779048617872,8.782343004417054,6.524895392559368
LWF001,lakeWhitefish,-8.252544052001596,7.688664561785931,1.5686639084207719
LWF001,lakeWhitefish,-6.935490975493494,7.487332836332852,4.190133739135992
LWF001,lakeWhitefish,-2.3615204515061428,5.285800373614741,0.7261320230150436
LWF001,lakeWhitefish,0.2888734065309153,3.0205556451186784,4.263305041574603
LWF001,lakeWhitefish,-1.567502079228141,0.9577473368272376,7.203118949857261
LWF001,lakeWhitefish,6.116443731279167,5.28024671851483,2.008512289849314
LWF001,lakeWhitefish,10.646626378406928,5.254453444202522,5.084400699683489
LWF001,lakeWhitefish,10.209685017646539,5.224141209460195,2.618924656210033
LWF001,lakeWhitefish,8.79140976696641,4.302203262897158,3.6989128872672237
LWF001,lakeWhitefish,10.284198441452954,8.027093982859538,4.202273766461541
LWF001,lakeWhitefish,8.166358378143602,8.147715998652195,3.8811174386453064
LWF001,lakeWhitefish,-0.08514603965104195,3.769811592237449,5.212953233695634
LWF001,lakeWhitefish,0.9662901334866514,5.28855468591828,2.2766547831942985
LWF001,lakeWhitefish,3.4603930271531347,6.188319631926699,2.6442093324788427
LWF001,lakeWhitefish,-0.07113381150124054,3.4200523083356558,1.8860956163753557
LWF001,lakeWhitefish,-3.078618118343299,3.0951169732964625,0.34973645844749257
LWF001,lakeWhitefish,-1.0926965577323324,5.560200199162407,-4.75529563970403
LWF001,lakeWhitefish,-0.4861293819081008,7.195599661349688,-1.1371036588506371
LWF001,lakeWhitefish,-2.2280495718380213,8.794771124337068,4.1200409077062705
LWF001,lakeWhitefish,-2.5952260546313486,9.595851809902301,2.0999015937328673
LWF001,lakeWhitefish,-2.427996477655125,10.864412391761912,4.22532253704141
LWF001,lakeWhitefish,-3.961204561571337,11.568815223345274,3.8845697781584687
LWF001,lakeWhitefish,-0.40458220454476557,12.740551217470319,2.4613264447835874
LWF001,lakeWhitefish,-1.4356892716952911,10.338523107095188,2.942437857756927
LWF001,lakeWhitefish,-2.0600151357620766,5.09505157770476,1.2563294650093066
LWF001,lakeWhitefish,0.6018126113082177,4.57503836129932,1.1597302526209123
LWF001,lakeWhitefish,5.646487857823694,9.243601832732342,2.180075096792044
LWF001,lakeWhitefish,4.1565575664800125,5.488730168476789,6.962405011383263
LWF001,lakeWhitefish,7.475233413728727,7.353124063940649,3.3834271313089035
LWF001,lakeWhitefish,10.882280526098421,8.707561317283343,4.503581372441958
LWF001,lakeWhitefish,12.531538452062843,8.561688133264214,5.804558102926425
LWF001,lakeWhitefish,11.710619585555149,8.706560374476357,2.874586911765622
LWF001,lakeWhitefish,12.142132007400196,8.892759635448982,2.3253212612326344
LWF001,lakeWhitefish,12.830801062635022,9.332576318833787,3.5882862153367054
LWF001,lakeWhitefish,11.249748639863444,8.24413096965933,5.102138218146885
LWF001,lakeWhitefish,11.200609551364547,8.37323087263512,6.9449704809128665
LWF001,lakeWhitefish,10.473733494079635,8.831615950203027,8.396039848616773
LWF001,lakeWhitefish,7.921948862820047,8.548708503013282,3.7903527813290614
LWF001,lakeWhitefish,8.154417990282019,8.855483866275065,7.139516018490182
LWF001,lakeWhitefish,8.93782080372708,8.516924918530684,6.831771642913491
LWF001,lakeWhitefish,9.022103311344697,7.305767008438719,8.472481527889443
LWF001,lakeWhitefish,13.657543119698701,10.840612116148428,8.504866500678661
LWF001,lakeWhitefish,14.765752358118794,-0.9544341231375089,3.8839342161940174
LWF001,lakeWhitefish,16.761708356440742,1.909355483349883,3.170594625963062
LWF001,lakeWhitefish,15.443914474304153,0.3953782477774894,0.8530060468566258
LWF001,lakeWhitefish,15.34114650709922,-0.2969459092085789,-1.9779670733775907
LWF001,lakeWhitefish,17.427045673295417,2.0274401676292877,1.8572208981622973
LWF001,lakeWhitefish,17.679162933173643,2.5342256788495625,2.4937631159885667
LWF001,lakeWhitefish,13.142838709064891,-3.0146130372264146,0.618439614060267
LWF001,lakeWhitefish,16.00944032378771,2.657681777305459,1.3654273808755253
LWF001,lakeWhitefish,16.52558724953948,1.5913607686853721,2.0655378989932585
LWF001,lakeWhitefish,15.078141224802943,-0.868738104982691,-0.23805269788835481
LWF001,lakeWhitefish,13.216286462939907,-4.052965186714175,0.5509833269357216
LWF001,lakeWhitefish,13.189516526753714,-2.0080506877167004,5.223710730596595
LWF001,lakeWhitefish,10.27093942180779,-0.4881192688993332,2.4568209409130715
LWF001,lakeWhitefish,6.274668858018072,-1.6083202906276415,5.499532682618511
LWF001,lakeWhitefish,6.250240637367564,1.0195830155767374,6.793000079834982
LWF001,lakeWhitefish,5.94933737218564,6.178375914426908,4.818697363246047
LWF001,lakeWhitefish,5.967395096019249,7.2828971087072425,4.4488701948351235
LWF001,lakeWhitefish,-3.18274137303737,2.3779651542918456,0.3443757592848229
LWF001,lakeWhitefish,-1.9773147050924476,3.2103847626111826,-3.1932801920329434
LWF001,lakeWhitefish,1.2817671671701427,7.181662611134653,0.8560701754040174
LWF001,lakeWhitefish,1.9522352121112063,7.2963011544906315,-0.19233771114043105
LWF001,lakeWhitefish,5.0075094257805866,7.810187298144645,4.435496413493492
LWF001,lakeWhitefish,7.285787195910637,-0.7025259082301828,3.363778331976927
LWF001,lakeWhitefish,9.862314345093754,-0.9672660322003481,6.00255653674343
LWF001,lakeWhitefish,16.515496602621738,1.1947496218964528,1.4600279318586198
LWF001,lakeWhitefish,18.60499859017439,6.406769438957617,4.7774867919100625
LWF001,lakeWhitefish,18.201733105311398,7.005154919530281,-3.9111297291405642
LWF001,lakeWhitefish,13.240159921608907,2.4487706297047707,4.165910125225087
LWF001,lakeWhitefish,11.04095766916035,4.950405746670977,-2.75033863899054
LWF001,lakeWhitefish,12.092708687714774,6.2932867134193025,-0.9777066140941408
LWF001,lakeWhitefish,5.129993133319185,2.126663965105294,-0.6261383052678444
LWF001,lakeWhitefish,5.920844080414692,2.5418941344841635,3.0802649987234534
LWF001,lakeWhitefish,5.2400894178410695,2.85246930115668,1.5519504592940212
LWF001,lakeWhitefish,7.187006061610248,5.986566875949905,-0.5810835680236175
LWF001,lakeWhitefish,14.682631902482708,7.003519133935191,2.5582510883226197
LWF001,lakeWhitefish,14.959601454821994,7.502792117526986,-0.12963004201486505
LWF001,lakeWhitefish,15.50466702622293,9.381211116605044,2.0334278474353766
LWF001,lakeWhitefish,13.574646534422975,6.985482374420764,1.2749512727165744
LWF001,lakeWhitefish,7.5115019827289915,1.2338293890146723,2.9387553253918925
LWF001,lakeWhitefish,6.0024378758232615,-1.2610637284213992,6.097339879111489
LWF001,lakeWhitefish,6.930018389877514,-4.650188435693675,3.0354547526939073
LWF001,lakeWhitefish,7.70205073648124,1.0739702427693882,3.8164778904352685
LWF001,lakeWhitefish,7.8877650729109305,3.5712922241204397,2.9638730850052295
LWF001,lakeWhitefish,6.60195055292488,6.959821868617725,-4.6841792056395315
LWF001,lakeWhitefish,5.0174702150723265,3.157826806001005,1.3055282556128702
LWF001,lakeWhitefish,4.130712276891298,-0.02454395433138401,1.3001845531071905
LWF001,lakeWhitefish,6.065524673337156,1.516867838154937,3.7538331530893077
LWF001,lakeWhitefish,8.059947250412783,3.1640071034935375,1.3150859428755415
LWF001,lakeWhitefish,7.274196598978443,2.801976772882976,-2.688673929196943
LWF001,lakeWhitefish,7.274960489080555,4.716116011741197,-5.152004889546657
LWF001,lakeWhitefish,7.966712552378008,5.987059973397879,1.7616702291028132
LWF001,lakeWhitefish,4.234381303953686,2.157545849823909,1.083241279211093
LWF001,lakeWhitefish,6.13712002666243,2.2124658252967015,3.9126413360980017
LWF001,lakeWhitefish,5.709662646490669,4.855797524647522,-1.2133600402873657
LWF001,lakeWhitefish,4.122767330932849,5.485302403452258,-3.3175509700741337
LWF001,lakeWhitefish,3.378537777381426,5.996638523575218,-0.9244598715826814
LWF001,lakeWhitefish,3.3842107132264196,5.912826769604065,-0.853647170304467
LWF001,lakeWhitefish,3.9771352958139903,5.083592874788381,1.0302039872933952
LWF001,lakeWhitefish,4.77868570383957,5.063515247398962,-1.0589775115259374
LWF001,lakeWhitefish,4.938497784504527,4.483889664710543,-2.4801800586482337
LWF001,lakeWhitefish,6.993920075326356,4.960477979305459,2.8891117022340413
LWF001,lakeWhitefish,9.99795873894222,6.345236581898986,0.0016546214721291364
LWF001,lakeWhitefish,9.08941744752012,3.4752795374252443,1.4081973625777957
LWF001,lakeWhitefish,9.989744858528802,3.4127349027840177,-2.8103784928901074
LWF001,lakeWhitefish,12.028332893914962,5.5451128668087595,0.6260455702649681
LWF001,lakeWhitefish,14.995204369997808,11.331933335892563,1.5141039617609815
LWF001,lakeWhitefish,15.707942564445858,10.252952673433446,0.8770582990322469
LWF001,lakeWhitefish,14.648943982836398,9.502597951409092,0.8310392277726262
LWF001,lakeWhitefish,14.861469464168898,9.250549760443402,1.7903708321907263
LWF001,lakeWhitefish,6.835701107940686,3.9794471872526858,3.2133512216805964
LWF001,lakeWhitefish,9.240097783694472,4.80641448165616,1.6973543722529452
LWF001,lakeWhitefish,10.50164786942166,5.882732478816777,0.5777714001585079
LWF001,lakeWhitefish,11.94369033093661,6.918159548872286,3.1929381268121366
LWF001,lakeWhitefish,11.030099973244642,6.139122031597395,0.8457270244220672
LWF001,lakeWhitefish,12.896739154904404,9.10369357006557,3.206493855249426
LWF001,lakeWhitefish,15.422775252446986,10.140218447464374,3.229176430917893
LWF001,lakeWhitefish,19.94887359499339,10.395238105749417,1.2696926131136106
LWF001,lakeWhitefish,24.62612195188437,13.690586112764858,2.693896332785978
LWF001,lakeWhitefish,23.46073655290627,14.335236896601467,2.6367136267938154
LWF001,lakeWhitefish,22.00852832156573,13.024768694951002,2.6302775486155134
LWF001,lakeWhitefish,19.394968661807635,10.934375022308334,4.2131587155343055
LWF001,lakeWhitefish,14.332208088861758,7.1250847238742185,3.117998157296631
LWF001,lakeWhitefish,11.161132231587624,6.201485196472953,6.365219949554719
LWF001,lakeWhitefish,4.9937255282379365,3.9424418036370037,0.927139751384902
LWF001,lakeWhitefish,1.187988415475146,2.8725008562736174,1.7066560841042357
LWF001,lakeWhitefish,0.8851621154223785,3.7061861126759776,1.8524165917701052
LWF001,lakeWhitefish,6.351275756285646,5.172845533878508,3.935981341348379
LWF001,lakeWhitefish,4.050541861419904,2.4276279310468807,-3.4579499735217736
LWF001,lakeWhitefish,9.407300075238753,4.25389312959362,2.978599178723336
LWF001,lakeWhitefish,19.50948906106055,11.640312600871358,4.708602527834743
LWF001,lakeWhitefish,22.78480874264288,12.929951785129994,3.1022610333819394
LWF001,lakeWhitefish,19.82608805054557,10.433210631538671,1.850852339207167
LWF001,lakeWhitefish,14.238457551971415,10.99269994402105,-1.5556078724592872
LWF001,lakeWhitefish,16.183178413905665,10.500553263387978,0.7938422042651583
LWF001,lakeWhitefish,16.56344812550956,10.582747394115191,-0.1554352559812049
LWF001,lakeWhitefish,16.089509440686896,9.322071758422116,-0.5245860783761875
LWF001,lakeWhitefish,15.212617973299752,8.297781133483877,-1.5898452281343785
LWF001,lakeWhitefish,14.828961898648998,11.583506655327062,-2.554587015219807
LWF001,lakeWhitefish,17.821528826175854,12.70847643149904,2.2611455255725295
LWF001,lakeWhitefish,16.874496476300877,12.048847839285433,2.1192285613786765
LWF001,lakeWhitefish,14.476822336991614,10.416352170413287,-2.737696969421572
LWF001,lakeWhitefish,12.94458346126607,10.259186187647915,1.0722485142376792
LWF001,lakeWhitefish,8.9019883957592,5.38451675061553,2.9191536812178227
LWF001,lakeWhitefish,4.338085026325501,2.8927251458248504,-3.908395184600431
LWF001,lakeWhitefish,4.727353156312071,5.515055935663665,3.413773311009388
LWF001,lakeWhitefish,7.787529871538162,8.394530883983492,0.02472708971743698
LWF001,lakeWhitefish,7.2044318126104265,3.6207465559600807,3.677099682845124
LWF001,lakeWhitefish,7.094479886449454,2.330350360058494,-4.195960854081497
LWF001,lakeWhitefish,-0.9313293829240465,12.671699205108194,-3.658205125543699
LWF001,lakeWhitefish,0.8103404292605729,7.340344005181354,2.3511771379903337
LWF001,lakeWhitefish,-8.316380575402283,1.8950942639077288,2.949132840304751
LWF001,lakeWhitefish,-5.017753509361529,1.6956937839018291,2.9710517016648317
LWF001,lakeWhitefish,1.47978269813242,4.23467553085613,-3.2841931941751557
LWF001,lakeWhitefish,4.641560257213186,-1.8840542011695236,3.2039652489878665
LWF001,lakeWhitefish,10.755883240226229,-4.155739470873266,4.275514970486035
LWF001,lakeWhitefish,17.59804375787443,4.485971923734392,-4.4928454723474855
LWF001,lakeWhitefish,16.324736918622314,6.106717505606455,2.677087082050959
LWF001,lakeWhitefish,3.5303374285833766,4.182571636358784,-2.4507169876619472
LWF001,lakeWhitefish,6.691169069953227,0.7704761804938134,2.3410587526784186
LWF001,lakeWhitefish,7.309099922153086,0.178283196514748,4.637239172359039
LWF001,lakeWhitefish,6.2146632458551965,2.852348882925039,1.0994210884007063
LWF001,lakeWhitefish,4.151494776240441,0.6188272246343889,-2.9641039762215273
LWF001,lakeWhitefish,6.823565890237491,-2.7350551118640785,2.6641830575891245
LWF001,lakeWhitefish,6.639830552541666,-3.0678631578920426,3.7782650200536887
LWF001,lakeWhitefish,0.1676781916958625,-9.090848692250287,3.35596350078015
LWF001,lakeWhitefish,3.311301713209321,-3.1542984372376557,-1.3700008973226758
LWF001,lakeWhitefish,1.839871174031328,-1.539623939273544,0.3965466570011109
LWF001,lakeWhitefish,2.599555957355795,3.3763593688644677,-0.026950331524327853
LWF001,lakeWhitefish,1.3836060128167025,1.8179000779727519,-0.10547600116228792
LWF001,lakeWhitefish,-0.8346422114191248,0.1711470983104296,0.41708722280658017
LWF001,lakeWhitefish,-1.7917258074906661,0.9300288464394422,0.9414827249075485
LWF001,lakeWhitefish,-1.8853429855033457,0.4193035091067505,-1.20122899469174
LWF001,lakeWhitefish,0.08062364442590086,-0.6450057803114726,-0.6087002170126365
LWF001,lakeWhitefish,1.2752647439399107,-4.599407646192141,1.4024241030040367
LWF001,lakeWhitefish,5.630957516154348,-4.329015269640449,7.406898115048243
LWF001,lakeWhitefish,5.479573610871058,0.6912171718039706,0.262567655578392
LWF001,lakeWhitefish,4.69359019507868,4.741529984608537,-0.5361555006544725
LWF001,lakeWhitefish,10.437670965256117,2.746965154143264,-1.0812717873983404
LWF001,lakeWhitefish,9.404508410935408,-0.3378888486815681,-0.4753288136256506
LWF001,lakeWhitefish,10.308635517328925,-0.36864239548387073,-4.139402273590917
LWF001,lakeWhitefish,9.343941395608452,-2.1591926680088562,0.8252708740202084
LWF001,lakeWhitefish,9.321081867232854,-3.3296269041518385,-2.5129056054177297
LWF001,lakeWhitefish,13.316831424184114,1.3971429450251525,1.5158312345472966
LWF001,lakeWhitefish,11.817517303951478,-0.2660536148656685,-1.9252402043222376
LWF001,lakeWhitefish,10.458516833277143,0.8523874649558052,-2.113683506703394
LWF001,lakeWhitefish,11.23571843479916,-0.21588627608238298,-3.4762264146392434
LWF001,lakeWhitefish,7.7455905823615065,-1.6824379535398615,2.2287263412681524
LWF001,lakeWhitefish,6.581766254119414,-1.7850577903790188,0.2061390021645435
LWF001,lakeWhitefish,5.092192615603712,0.30969653967668553,-0.33726796216422206
LWF001,lakeWhitefish,2.6497439577268542,-4.423256500529936,3.0043399331425773
LWF001,lakeWhitefish,9.446596393159377,3.561920366348234,-4.396506937602769
LWF001,lakeWhitefish,8.682735828536881,2.781624931629162,-3.644829304217934
LWF001,lakeWhitefish,8.14620574118237,1.4115577484188409,-8.142105966496377
LWF001,lakeWhitefish,8.775078217692164,0.8488536753582885,-8.35369543985225
LWF001,lakeWhitefish,7.633211307934919,0.877382129235267,-9.467263648579866
LWF001,lakeWhitefish,7.204614656984038,0.7157290898322892,-8.484331915116151
LWF001,lakeWhitefish,7.922978817129912,0.6880036134362076,-8.487559558519479
LWF001,lakeWhitefish,8.547514755755646,0.6056054364099839,-4.201242088799279
LWF001,lakeWhitefish,10.655623544798704,1.593560956233027,-4.0600556783672594
LWF001,lakeWhitefish,10.71048340438862,1.1219692285352338,0.3540423859997337
LWF001,lakeWhitefish,9.07548901041695,0.6859729597692454,-2.318530085127098
LWF001,lakeWhitefish,9.942838718760356,3.720744620197229,-2.719812707245703
LWF001,lakeWhitefish,5.723754266932694,2.1090055312118423,-2.4399050504754616
LWF001,lakeWhitefish,7.05667051741969,3.3243075465016645,-0.5001025759765156
LWF001,lakeWhitefish,9.645924424897585,0.44021906956855017,2.7833881638764186
LWF001,lakeWhitefish,10.74605664163186,0.8315560538815436,2.3406635887544285
LWF001,lakeWhitefish,9.80942666109948,-1.3659031078639845,1.6704349112663541
LWF001,lakeWhitefish,9.706222756694908,-2.269326823010502,-0.21095517722063128
LWF001,lakeWhitefish,11.0150148256477,-0.5923925268182095,0.6837494955579344
LWF001,lakeWhitefish,10.95787646395666,-1.3099680259974167,0.5114336526361583
LWF001,lakeWhitefish,12.333625869077679,0.829386022936379,-1.4280247770765553
LWF001,lakeWhitefish,11.940349933401624,2.294664697130928,-2.962106257195037
LWF001,lakeWhitefish,13.190697566781937,3.378150952410812,-2.379427004449494
LWF001,lakeWhitefish,9.63477612753322,-1.1329135708544387,-1.8194000653425988
LWF001,lakeWhitefish,7.2540488959307,1.5463505906392767,-2.038202697666052
LWF001,lakeWhitefish,10.299386593633292,4.718664740896107,0.6220763352331677
LWF001,lakeWhitefish,-38.13159807209225,5.172158201737053,0.3762254861811929
LWF001,lakeWhitefish,-25.387356372949924,4.582761362768496,-1.6330672103381048
LWF001,lakeWhitefish,-26.936739013461448,2.416003943714238,-2.9930558427171476
LWF001,lakeWhitefish,-24.252126992481344,1.916709424168352,-1.488109745200636
LWF001,lakeWhitefish,-22.19650242366815,1.485399561232935,-5.206884433339084
LWF001,lakeWhitefish,-20.72368057512017,2.6292583623803107,-0.5903496229212735
LWF001,lakeWhitefish,-22.88817481654262,2.916411538427494,-3.988639538388121
LWF001,lakeWhitefish,-27.898734887116717,1.9180535512557846,-6.535729529557223
LWF001,lakeWhitefish,-29.812462220647767,2.6261019896942157,-2.18275304469927
LWF001,lakeWhitefish,-29.36227319379678,2.64538461535974,-0.4339801674028685
LWF001,lakeWhitefish,-28.297978325995146,2.3651677930077337,-3.700486222048921
LWF001,lakeWhitefish,-26.287695242349624,2.676899359855942,-3.605523468456137
LWF001,lakeWhitefish,-26.795258381148,1.2760307650066425,-2.571654921643179
LWF001,lakeWhitefish,-26.404914399297354,1.2444920007232474,-1.7162538843769966
LWF001,lakeWhitefish,-27.465872333895653,1.227977604742847,-4.780606751173975
LWF001,lakeWhitefish,-27.16975692607186,1.5942734483509664,-2.6710719588715355
LWF001,lakeWhitefish,-27.1358046744234,1.2538197156391178,-2.356094109038792
LWF001,lakeWhitefish,-27.74776167362603,1.1738714223702083,-2.5442689525877267
LWF001,lakeWhitefish,-27.943604110632183,2.158736206122926,-1.1636760902525598
LWF001,lakeWhitefish,-28.517306744337652,2.2696600575937484,-2.3664999515367846
LWF001,lakeWhitefish,-27.388190854472576,3.0530637239164564,-1.7716727221233048
LWF001,lakeWhitefish,-29.25980614302145,2.852798451556181,-1.34069693713991
LWF001,lakeWhitefish,-30.23117352743609,2.9211489502647012,-3.959231166432284
LWF001,lakeWhitefish,-31.29180888566746,3.2025489422863345,-2.2980807307993754
LWF001,lakeWhitefish,-28.387011275949284,3.981411521670566,-3.972079278037496
LWF001,lakeWhitefish,-2.3569798225821836,-10.510604793226308,4.319414167651095
LWF001,lakeWhitefish,-1.8887703589313578,-7.677262221750152,3.412660965520092
LWF001,lakeWhitefish,0.008518189643993423,-5.669015171764189,2.099164017819861
LWF001,lakeWhitefish,1.644885625491105,-3.634831660270261,1.0836047775159199
LWF001,lakeWhitefish,2.029967131251505,-2.1885036218212566,2.08046655061838
LWF001,lakeWhitefish,-0.7400141476425433,-7.709484164997663,-0.8241412581527632
LWF001,lakeWhitefish,0.7985893814176477,-7.423450693691824,-1.1185216941981435
LWF001,lakeWhitefish,1.2389403686280571,-5.711586151890554,0.9389277757263459
LWF001,lakeWhitefish,3.8558368298000154,-3.553160664128823,-3.1515320890413374
LWF001,lakeWhitefish,0.33419272145511525,-5.1824100863585905,-0.42502584563335594
LWF001,lakeWhitefish,3.8172093373982596,-1.863808889860652,-1.4174211433688604
LWF001,lakeWhitefish,1.1685181620317144,-2.5381295270841857,-3.3413697277317187
LWF001,lakeWhitefish,0.5696354595507458,-4.152917539782941,-6.973252892935593
LWF001,lakeWhitefish,5.087620135524341,1.8414510252702303,-4.412362722744579
LWF001,lakeWhitefish,4.945886549548877,-3.1055105206357068,-1.7291684209460643
LWF001,lakeWhitefish,2.08081336220364,-10.48576909249849,-2.694835483058327
LWF001,lakeWhitefish,-1.1676612385565612,-8.844843114960934,3.868979172696424
LWF001,lakeWhitefish,0.6833410649504126,-8.037332537703165,4.765864928875546
LWF001,lakeWhitefish,-1.5621114606599484,-7.809130823338942,3.833751109504571
LWF001,lakeWhitefish,-3.2554485211347335,-7.322507330788186,0.8954268307635842
LWF001,lakeWhitefish,10.479801630416313,5.794522834501799,-3.209733206400991
LWF001,lakeWhitefish,16.831168229735326,9.644205350261588,-1.7678512586772763
LWF001,lakeWhitefish,18.59145401926088,11.005229776699977,-2.2170471246382313
LWF001,lakeWhitefish,15.718606582836806,9.074535829441686,-4.31504919113657
LWF001,lakeWhitefish,12.842816858366167,7.983985251242931,-6.712806865141262
LWF001,lakeWhitefish,10.79611820117754,7.094481364258856,-8.824963161619348
LWF001,lakeWhitefish,13.926287894162561,9.280217450492358,-7.311458460824634
LWF001,lakeWhitefish,15.395324534388662,10.02642659314289,-7.0417080446572555
LWF001,lakeWhitefish,15.773097520088063,11.0229898905454,-6.0036486712004695
LWF001,lakeWhitefish,16.32997136317831,12.005563129282393,-3.2070848076237954
LWF001,lakeWhitefish,16.350097327239652,10.881189344235533,-2.964557142862152
LWF001,lakeWhitefish,13.761846726138348,6.224761169835315,-1.656782431740972
LWF001,lakeWhitefish,10.686818027978974,0.4053196114005839,-0.47202922931950475
LWF001,lakeWhitefish,13.002907982240018,2.384452992782667,0.2943599503136176
LWF001,lakeWhitefish,12.942892800122475,0.4943221794357431,0.2549196849716604
LWF001,lakeWhitefish,13.093102318444718,0.6464263731984667,1.5630410332571278
LWF001,lakeWhitefish,13.199680222561291,-0.08764058929624463,2.4097739850682953
LWF001,lakeWhitefish,11.222036358705985,-3.55854633701249,3.298891898462588
LWF001,lakeWhitefish,13.801269894640189,-1.1557506952061338,2.4926151457283945
LWF001,lakeWhitefish,9.931580087273252,-3.1550073217967185,4.191431605222648
LWF001,lakeWhitefish,7.290495559543052,-3.2324661603806133,5.73048716792706
LWF001,lakeWhitefish,7.484241080979981,-1.6089562173095797,3.411112843926473
LWF001,lakeWhitefish,5.81007287686538,1.994818001120744,2.246919907949516
LWF001,lakeWhitefish,5.930852513082957,3.8185831907252847,-0.30618970639571486
LWF001,lakeWhitefish,3.5747070105498455,0.7943169854047829,1.630604368471563
LWF001,lakeWhitefish,2.6762828429134475,-2.129518355159095,-5.470456781302121
LWF001,lakeWhitefish,8.851820239795,2.8076172162102653,-5.36720755711512
LWF001,lakeWhitefish,6.737525734307837,0.5238850071861703,-1.2823864379292007
LWF001,lakeWhitefish,5.345933941453977,-0.11240241714683186,-1.6568103436534778
LWF001,lakeWhitefish,3.986992430217497,-0.8988497760100009,-0.9964119406636545
LWF001,lakeWhitefish,4.900366814082973,-0.8358526047008774,1.0626465434444854
LWF001,lakeWhitefish,6.606356425308924,1.3738422073906227,1.4216029224275804
LWF001,lakeWhitefish,7.46902759509674,3.334951945645472,-2.369290884924832
LWF001,lakeWhitefish,7.766738244624642,2.5905308768700603,-3.399688013289735
LWF001,lakeWhitefish,7.079444602389377,1.5361064923364585,0.5106996041988463
LWF001,lakeWhitefish,7.319966332439917,3.1712713125418537,3.5949776685595154
LWF001,lakeWhitefish,6.733591317152737,1.561931388181992,3.465071323880352
LWF001,lakeWhitefish,9.068096798282252,1.653885258369919,3.55557116074017
LWF001,lakeWhitefish,6.200183863176457,0.07117600540332814,3.731105976736671
LWF001,lakeWhitefish,8.019659421338629,2.1476078941456747,3.2980623264069537
LWF001,lakeWhitefish,9.013215043369533,1.6612059080352528,4.089561065526442
LWF001,lakeWhitefish,8.94811779455857,0.7948808018884652,1.9442346937446504
LWF001,lakeWhitefish,6.906289131184117,-2.639625723709977,3.3750899510737717
LWF001,lakeWhitefish,7.782328056691107,-1.9232765354030144,2.3381449371205063
LWF001,lakeWhitefish,8.461592174430285,-2.4260821868685882,4.504347491803342
LWF001,lakeWhitefish,7.102256254944182,-3.1141683934961497,1.1075351604651953
LWF001,lakeWhitefish,9.081821778988584,0.6713964655934495,3.2172977358815626
LWF001,lakeWhitefish,6.759246962924936,-3.417575950345488,0.626276167017404
LWF001,lakeWhitefish,7.576415496201228,-2.1066949322880006,2.421567664152546
LWF001,lakeWhitefish,6.711211591194686,-2.930495181606488,4.185580346743851
LWF001,lakeWhitefish,8.37332337037087,-1.1755686077055794,4.8507443028540616
LWF001,lakeWhitefish,9.215269684540422,-0.4709178976174373,4.50160326438503
LWF001,lakeWhitefish,9.26091741965579,-0.7136364205535002,4.4811477372654025
LWF001,lakeWhitefish,10.621566492344776,2.6498082788279906,3.9611357289710263
LWF001,lakeWhitefish,11.521822543084753,2.660769242850593,4.285130543523634
LWF001,lakeWhitefish,10.348341205900114,1.3724642416447081,1.868199152763471
LWF001,lakeWhitefish,11.429353983397842,2.0803946969223945,4.75791034210874
LWF001,lakeWhitefish,10.33041811284012,0.3058576228030596,0.6160049371570873
LWF001,lakeWhitefish,10.640292215173798,-0.28823791429877543,0.9522903189163703
LWF001,lakeWhitefish,11.725533480560825,3.3836875482589432,3.6314581213178063
LWF001,lakeWhitefish,11.582480648039006,4.0177746281601685,4.020686442881646
LWF001,lakeWhitefish,10.560931927695618,3.1364521906921823,3.1331217500721875
LWF001,lakeWhitefish,9.96455689107781,1.7007683640074736,4.722969384012945
LWF001,lakeWhitefish,10.158830842425326,0.29526893575684277,3.554818275154566
LWF001,lakeWhitefish,9.282798479131912,-0.7849322706379842,1.468152913525051
LWF001,lakeWhitefish,13.458308863095915,3.635829518378373,4.802983221313314
LWF001,lakeWhitefish,12.767075056168796,2.368174332531573,4.090083116630817
LWF001,lakeWhitefish,13.865116876993309,4.56201040829065,3.9607542783344254
LWF001,lakeWhitefish,11.427447441450727,3.640486582308938,0.254729655135725
LWF001,lakeWhitefish,11.665212062446827,3.7085716978392984,2.9110327610057953
LWF001,lakeWhitefish,10.480990439856072,0.6933332377580981,0.6114246572327997
LWF001,lakeWhitefish,11.97777860128956,3.4626813435394226,3.943410870141479
LWF001,lakeWhitefish,13.044676216550695,4.027478247915343,4.434888348018325
LWF001,lakeWhitefish,14.471638376347967,4.619894904068071,3.951588231496781
LWF001,lakeWhitefish,14.795230609769872,4.9275256010786705,3.9430291670971505
LWF001,lakeWhitefish,15.269638375112283,6.438268603476545,3.9183882515060464
LWF001,lakeWhitefish,15.672801688782137,7.102135373458343,3.8086438477417763
LWF001,lakeWhitefish,14.90109511442461,5.453008176713848,3.8525715676258434
LWF001,lakeWhitefish,14.835820272470464,5.103112687014962,3.786309493840522
LWF001,lakeWhitefish,14.603770030184243,4.923050283982034,4.12838386367352
LWF001,lakeWhitefish,17.011954802156367,6.334704417870505,3.715709197491069
LWF001,lakeWhitefish,15.198230554726177,3.900909393461602,3.6421269344247866
LWF001,lakeWhitefish,17.91446075243913,7.482605657337382,6.144339150893062
LWF001,lakeWhitefish,16.09563352390836,6.031222580726222,4.223293492713966
LWF001,lakeWhitefish,16.18089500308087,4.9409567289677705,3.6320390781716263
LWF001,lakeWhitefish,14.108677041978169,3.588726920469318,2.894068605847729
LWF001,lakeWhitefish,13.156384458861735,1.1777069049439248,1.4044749589815275
LWF001,lakeWhitefish,15.061510940252022,3.2885196167891273,3.7676985589438443
LWF001,lakeWhitefish,17.369433294460777,5.467046089173316,3.3850518306436026
LWF001,lakeWhitefish,18.27549213584157,7.241698348678252,1.9094060343452437
LWF001,lakeWhitefish,16.837203840837944,4.688025267240295,4.395883179031771
LWF001,lakeWhitefish,17.11492321671683,5.767710688051622,2.2498989327251326
LWF001,lakeWhitefish,16.028872054099345,4.964669497578313,3.187057112324312
LWF001,lakeWhitefish,15.889312684323624,4.567839467116646,1.2654495647330979
LWF001,lakeWhitefish,12.808509388909117,2.5529237851917337,-3.22723727606966
LWF001,lakeWhitefish,18.59256638695181,7.382016769317207,4.39830689428538
LWF001,lakeWhitefish,15.254765663681837,4.553260519736764,-1.6076589502686542
LWF001,lakeWhitefish,16.835448745947932,4.960927302759665,2.2231787035339954
LWF001,lakeWhitefish,18.245097421895196,7.034371468033811,3.5886611018214403
LWF001,lakeWhitefish,16.49868641519789,4.983863840513559,4.675094692222478
LWF001,lakeWhitefish,17.0601536397803,5.640580833129574,2.6112080490161924
LWF001,lakeWhitefish,17.32700422069399,5.187987406150471,2.053210589383852
LWF001,lakeWhitefish,18.262277038935864,7.003626049171945,6.027253559534504
LWF001,lakeWhitefish,18.404220233959315,6.970216619439265,3.198695430967179
LWF001,lakeWhitefish,17.18541649870795,6.619071323081741,3.6785021211932287
LWF001,lakeWhitefish,13.933282591169313,2.2426561237343323,2.20055999282272
LWF001,lakeWhitefish,15.058582923180936,5.372446872701422,4.664423711988899
LWF001,lakeWhitefish,15.229762586556738,6.130771117905967,5.104613677440593
LWF001,lakeWhitefish,15.73667725864627,7.930242174704151,5.192573962705752
LWF001,lakeWhitefish,16.038823750270666,9.997769748474699,5.296316363811349
LWF001,lakeWhitefish,15.931897998136037,12.501606766193861,2.9142171864591573
LWF001,lakeWhitefish,15.482371356839913,13.569544833616433,5.933212223197803
LWF001,lakeWhitefish,-11.729574258672285,19.425961474740625,5.7623126141157925
LWF001,lakeWhitefish,-13.729048784258879,17.71019171145863,6.960469222164438
LWF001,lakeWhitefish,-13.879654188967994,16.57209051639995,6.712652124019281
LWF001,lakeWhitefish,-12.26593152253126,16.27545460979337,6.372412344007392
LWF001,lakeWhitefish,-12.255899449915056,18.008131728090355,6.8800971194222305
LWF001,lakeWhitefish,-14.584604086369723,16.87733282924371,5.899377713863698
LWF001,lakeWhitefish,-15.3765271417452,17.118288688324462,5.930452762067284
LWF001,lakeWhitefish,-15.989172582531584,16.642016980895328,4.580484289869144
LWF001,lakeWhitefish,-14.317515327047412,18.37044076119211,6.070997445546432
LWF001,lakeWhitefish,-16.418398621226125,17.630193972879695,7.436275459904614
LWF001,lakeWhitefish,-17.689376803053197,20.21520735564436,7.504923950654568
LWF001,lakeWhitefish,-19.443714553469746,20.6377177945885,7.149864539209329
LWF001,lakeWhitefish,-17.95738010103346,21.765162142440587,7.648752434128361
LWF001,lakeWhitefish,-16.663749501975843,21.076615639624258,2.7413642206765947
LWF001,lakeWhitefish,-14.60411744106066,19.92892980319909,2.733610031836625
LWF001,lakeWhitefish,-17.23888682017492,16.276632764996716,4.489053047216207
LWF001,lakeWhitefish,-17.20458986445525,17.684833116200004,5.146029871196509
LWF001,lakeWhitefish,-14.881082128884934,16.997769011625778,7.2804314405637935
LWF001,lakeWhitefish,-14.185819539142047,17.563010691123033,5.6355872930357105
LWF001,lakeWhitefish,-14.366418060723284,17.63437692550736,6.020674509268236
LWF001,lakeWhitefish,-16.53863582162043,15.62924420172428,5.798781520991316
LWF001,lakeWhitefish,-18.715821762714903,16.183111996965454,4.291026077193888
LWF001,lakeWhitefish,-19.62331002434437,16.08711245479499,4.566988473163396
LWF001,lakeWhitefish,-15.458457944491908,13.964945585664474,6.663038304313656
LWF001,lakeWhitefish,-14.506108499615193,14.192336399823365,7.52003781013183
LWF001,lakeWhitefish,-14.761273765302827,14.382983518684082,7.974030583237234
LWF001,lakeWhitefish,-16.317424988207634,16.427102463520317,5.602317573939322
LWF001,lakeWhitefish,-16.60995343528832,14.768737288117318,6.175460672574543
LWF001,lakeWhitefish,-16.191935693368997,14.20209844238155,6.328883106217086
LWF001,lakeWhitefish,-15.772899006044199,14.329538566324144,4.823661819340841
LWF001,lakeWhitefish,-18.44955743379265,13.14977180715645,4.995299491059654
LWF001,lakeWhitefish,-19.169689273153615,17.248582037061265,2.6693049209369812
LWF001,lakeWhitefish,-19.092540828625157,18.90717437585899,1.0043414855295958
LWF001,lakeWhitefish,-18.955876564042107,16.226035891153874,4.272274711075555
LWF001,lakeWhitefish,-19.002979982092754,16.80987689220826,-1.1601478080018355
LWF001,lakeWhitefish,-17.196700391401325,16.585700204277742,1.221630884014078
LWF001,lakeWhitefish,-16.473691555758435,16.609639993456,2.6202930893824172
LWF001,lakeWhitefish,-16.031683791225365,16.093383328529676,3.461026129615599
LWF001,lakeWhitefish,-18.306366387642623,16.002816590680577,4.999208910169114
LWF001,lakeWhitefish,-20.46547289116281,15.795418560475913,6.075297125093224
LWF001,lakeWhitefish,-19.052255306138477,15.756762481040516,6.400042002683545
LWF001,lakeWhitefish,-14.741981190580326,15.281064073544925,5.2560874251884995
LWF001,lakeWhitefish,-16.0557928471592,16.09752893339213,4.548422399927303
LWF001,lakeWhitefish,-18.1557129201233,14.383306328008478,2.7618415797836184
LWF001,lakeWhitefish,-21.777460951117764,13.69800020788206,2.250406749496432
LWF001,lakeWhitefish,-23.89222956349781,10.144000385965047,1.4956788933629612
LWF001,lakeWhitefish,-21.144826827946808,8.208316237362137,4.556026893324264
LWF001,lakeWhitefish,-20.336272502019096,7.737478251101237,3.321850907024462
LWF001,lakeWhitefish,-20.39442560151837,10.719305110377714,3.53533842532031
LWF001,lakeWhitefish,-21.468792327475736,14.265264097186618,2.4245664760295385
LWF001,lakeWhitefish,-20.59236715588346,13.665996518517618,1.8706362311222762
LWF001,lakeWhitefish,-22.800805312967086,9.976365846568267,0.6020732757603406
LWF001,lakeWhitefish,-21.98727834359219,8.983653591844224,-0.7720954896867438
LWF001,lakeWhitefish,-22.371988412257167,9.661995182976403,0.6423641942709164
LWF001,lakeWhitefish,-21.820071038957693,12.290916859855189,1.0748875354966811
LWF001,lakeWhitefish,-22.491486681908064,13.881991337579,0.5525793311318745
LWF001,lakeWhitefish,-22.067666943668893,10.840581556450314,-1.6602259193245015
LWF001,lakeWhitefish,-24.243664214578544,10.700542397814843,-1.381641380204223
LWF001,lakeWhitefish,-21.491469726714563,9.31090455109611,-3.7762455626671274
LWF001,lakeWhitefish,-16.69752165237618,6.00400950648166,1.6867606043859715
LWF001,lakeWhitefish,-17.497014850662765,6.546548363628943,1.3506410328745
LWF001,lakeWhitefish,-17.755236426497582,4.545860972459151,-2.096391807662865
LWF001,lakeWhitefish,-23.055108817594895,11.89741844705549,2.236190810338079
LWF001,lakeWhitefish,-22.56555845708544,10.6208430275904,0.8967682700325179
LWF001,lakeWhitefish,-20.13604543296589,11.60814532148268,1.1901869767481865
LWF001,lakeWhitefish,-19.14171556805971,10.366195188079052,-0.019139510761022827
LWF001,lakeWhitefish,-18.64481426244124,9.660899825831324,-1.4498721761657265
LWF001,lakeWhitefish,-19.50014259463685,9.9824217670936,-0.3169685189116853
LWF001,lakeWhitefish,-22.926279495369375,11.673889973747213,0.5717678809698832
LWF001,lakeWhitefish,-25.219414861300475,12.555507165198044,0.8678615056414953
LWF001,lakeWhitefish,-20.06071781353013,5.354896873145344,0.24299181348502596
LWF001,lakeWhitefish,-20.936673255741425,2.213813853033036,1.160112620420704
LWF001,lakeWhitefish,-21.189695829626995,2.670612748402642,0.4252450606007159
LWF001,lakeWhitefish,-23.935052520830183,1.9479724833591732,2.1869621452510337
LWF001,lakeWhitefish,-21.93209530129301,4.688166726454492,1.0683671088136704
LWF001,lakeWhitefish,-26.774309128500676,4.34707901364377,-1.9020070981400696
LWF001,lakeWhitefish,-28.77340701005989,9.120816228820384,-0.13640643598340496
LWF001,lakeWhitefish,-30.52100792583967,7.483598018572235,-0.07380326238185209
LWF001,lakeWhitefish,-29.87599853451836,7.441367342842332,0.014997762642970258
LWF001,lakeWhitefish,-24.84965282878174,8.190076159169395,-0.31429587974025175
LWF001,lakeWhitefish,-20.93272990710345,6.222415161117535,0.35500270517388444
LWF001,lakeWhitefish,-20.950871000599374,4.793459322004403,1.6709658683522504
LWF001,lakeWhitefish,-21.22136260880806,3.649730681989167,2.881839474015964
LWF001,lakeWhitefish,-21.40507870946584,3.914853022170221,0.31924036920181553
LWF001,lakeWhitefish,-35.5939412009532,5.67447699923054,-2.803529859143933
LWF001,lakeWhitefish,-29.40442820015948,6.980509653089749,-0.020154812897623664
LWF001,lakeWhitefish,-13.740733338745983,3.135369339182101,-0.008672650126718029
LWF001,lakeWhitefish,-11.23369318394446,4.3520747102210615,2.338039273873859
LWF001,lakeWhitefish,-11.12394413283871,5.321901134467284,2.2514135292938446
LWF001,lakeWhitefish,-10.11334035185424,5.059361949720637,1.4036743221369519
LWF001,lakeWhitefish,-10.709207610440846,4.570622125805397,2.178856755200319
LWF001,lakeWhitefish,-8.687236016371267,6.158710701058442,1.4330443364774543
LWF001,lakeWhitefish,-9.772064400425355,8.251261882800396,1.1543953501128539
LWF001,lakeWhitefish,-13.780434447700133,7.6263597100748095,2.542700842180712
LWF001,lakeWhitefish,-13.078078564199124,7.410049300557171,-1.1690155733724592
LWF001,lakeWhitefish,-11.785155889760095,8.260523688360102,-1.4245247550057742
LWF001,lakeWhitefish,-8.203847789190966,7.968660416398132,-1.2925626364101697
LWF001,lakeWhitefish,-8.498096739878639,11.578439855061305,2.2288736090002224
LWF001,lakeWhitefish,-7.382694699784741,12.602340765087064,1.7976998828684714
LWF001,lakeWhitefish,-8.77492584853559,13.284456578921642,1.8491569466082134
LWF001,lakeWhitefish,-9.8728695719454,9.833923141218666,-1.8245953353135465
LWF001,lakeWhitefish,-12.429595902440585,10.309153046856714,-0.06142117289675131
LWF001,lakeWhitefish,-9.757768688183367,10.574623015804516,-0.7936269617088745
LWF001,lakeWhitefish,-9.213413667777132,9.363610148296186,-1.677068702518625
LWF001,lakeWhitefish,-9.4472195335133,9.489904625556782,-2.072126787147883
LWF001,lakeWhitefish,-10.379818595690423,7.07297786194094,-1.3525993224272135
LWF001,lakeWhitefish,-10.032909359100042,6.957534952261728,-3.1310856802917493
LWF001,lakeWhitefish,-9.987626754601042,7.735537235251113,-3.457334086505723
LWF001,lakeWhitefish,-8.725336142297799,8.04384719772228,-2.266478032727364
LWF001,lakeWhitefish,-8.701843905165097,11.127022304226676,-0.47416663985288143
LWF001,lakeWhitefish,-7.0699455963515305,11.829489110882282,0.45674775296229353
LWF001,lakeWhitefish,-7.430037906735762,10.93894375629812,-1.1703206811600793
LWF001,lakeWhitefish,-7.08035751210801,13.249918368110771,0.27257641822283885
LWF001,lakeWhitefish,-7.870551620922003,10.18012258865712,-1.5856398584300397
LWF001,lakeWhitefish,-11.151975725497337,8.753616431413585,-0.8535903841515848
LWF001,lakeWhitefish,-10.18875213497526,5.883928533036516,0.42756208397852724
LWF001,lakeWhitefish,-11.390622975928068,5.639709493189184,0.1164813112649663
LWF001,lakeWhitefish,-9.58512896113279,4.254177348283651,1.4261217105762765
LWF001,lakeWhitefish,-9.83195342757831,2.1609716886463195,2.318917529433585
LWF001,lakeWhitefish,-13.058373237949858,1.1204012012116853,2.511858006775146
LWF001,lakeWhitefish,-12.577389122275182,2.7225357317808045,2.222213384702728
LWF001,lakeWhitefish,-12.458127572253199,2.864885792465528,-0.5633985662255201
LWF001,lakeWhitefish,-8.654172693101845,2.245839922438689,3.0083114055532922
LWF001,lakeWhitefish,-12.163736726786027,0.8171461106959286,0.31416586528702783
LWF001,lakeWhitefish,-11.498697098440473,0.864873291273722,0.2877237677905935
LWF001,lakeWhitefish,-12.375144671011697,2.2794648255118153,3.276253996322075
LWF001,lakeWhitefish,-10.615641702541524,0.6067239174282493,-0.2483924084519864
LWF001,lakeWhitefish,-12.760314184258947,-0.33571621707952515,0.4345243145210915
LWF001,lakeWhitefish,-9.706040864778076,0.7994960483790998,0.48036747287593684
LWF001,lakeWhitefish,-5.846141291070578,3.3758545302010403,2.1193192020246063
LWF001,lakeWhitefish,-3.737772558204272,2.5608223525839837,3.4955492867518347
LWF001,lakeWhitefish,-6.035569314789522,5.159798726184584,-0.015242694811380852
LWF001,lakeWhitefish,-6.0052626014476145,3.245232419587462,0.027410865273290064
LWF001,lakeWhitefish,-10.455734875611505,1.9739792671936593,-3.5733817283708063
LWF001,lakeWhitefish,-4.487112317241566,3.7431849049282353,-1.8411963451864601
LWF001,lakeWhitefish,-4.037515367114218,3.759810669338307,-1.32815780911366
LWF001,lakeWhitefish,-2.6106371764641203,4.6179352476489886,2.402585127882362
LWF001,lakeWhitefish,-4.326913981683192,2.0375344440077687,-1.6018744126352105
LWF001,lakeWhitefish,-8.924103178517509,0.6497435155756832,-5.358408629482433
LWF001,lakeWhitefish,-13.440981400569864,-0.009965937107233813,-11.185612861179033
LWF001,lakeWhitefish,-8.340492197038976,0.23032892025679286,3.4566941328782175
LWF001,lakeWhitefish,-11.749801240791097,1.502930510120343,-1.2614575916174902
LWF001,lakeWhitefish,-10.175828395413534,2.425559019586712,0.2283805682469402
LWF001,lakeWhitefish,-10.506025719381103,3.0903448394768684,-0.9152913990177249
LWF001,lakeWhitefish,-10.833066035455898,2.092778932315114,-3.184860761818268
LWF001,lakeWhitefish,-12.187706088035732,0.16586777877969094,-9.099795946921503
LWF001,lakeWhitefish,-13.51950509574976,-1.545525935225227,-4.8736780023386554
LWF001,lakeWhitefish,-11.682304283680399,0.5417698847816603,-8.737926213134509
LWF001,lakeWhitefish,-9.103522505332192,1.795724549274445,-1.1508960263938732
LWF001,lakeWhitefish,-9.436466113252699,3.1106727411962307,-4.447676199707903
LWF001,lakeWhitefish,-9.854655962965326,3.308658887011762,-5.31700589110719
LWF001,lakeWhitefish,-11.88243255783389,1.9243238927070085,-8.952312461590008
LWF001,lakeWhitefish,-11.988589295848207,2.2751551482744334,-7.144757851804465
LWF001,lakeWhitefish,-12.105040432613357,2.357080597978354,-6.411865111550782
LWF001,lakeWhitefish,-11.586690602113709,2.9719775261183345,-7.076264128196734
LWF001,lakeWhitefish,-10.639035919098815,3.562729603118031,-8.065971007600554
LWF001,lakeWhitefish,-12.26404638502169,1.469892471779926,-3.186211161644911
LWF001,lakeWhitefish,-11.282278040320266,2.051706423339977,-0.40977375871072175
LWF001,lakeWhitefish,-12.776997250397594,1.238294347768123,0.6118702278895558
LWF001,lakeWhitefish,-5.842677396544906,2.999243712577255,0.2031168549535176
LWF001,lakeWhitefish,-3.4427160453496106,3.1351267122384567,-1.5556303155369549
LWF001,lakeWhitefish,-5.309358801297576,1.8773883573260948,1.8141188737565566
LWF001,lakeWhitefish,-8.938469278424556,0.41929975930646,0.35117228341241
LWF001,lakeWhitefish,-14.750156616535197,-0.793825641545844,-4.26990678139095
LWF001,lakeWhitefish,-15.65524733766447,1.1946547869773423,-1.8109750458233869
LWF001,lakeWhitefish,-17.888563870990346,0.9723701461074956,-1.9521663114101315
LWF001,lakeWhitefish,-16.721074569359935,1.505393528058389,-0.35890848352953153
LWF001,lakeWhitefish,-6.322558280180999,3.082842770534417,0.17101843567703878
LWF001,lakeWhitefish,-5.616295413688638,2.2156448957590804,-0.437594012662031
LWF001,lakeWhitefish,-4.580239720812207,2.771612780591438,2.0839473859384476
LWF001,lakeWhitefish,-5.199793024351833,0.9771985477247311,1.2193827042001784
LWF001,lakeWhitefish,-5.148019896235486,2.318853895739517,2.1949587781684317
LWF001,lakeWhitefish,-6.857969545277425,4.01312004746991,1.1739915419508575
LWF001,lakeWhitefish,-6.121419623385425,4.708664218125778,2.0461491059180683
LWF001,lakeWhitefish,-6.763071333969472,4.41047762518139,-1.2898857833912984
LWF001,lakeWhitefish,-5.60809662046389,4.889910157316345,2.030464322750999
LWF001,lakeWhitefish,-7.342034228264006,4.027894230033892,0.5806502183805446
LWF001,lakeWhitefish,-7.628025274005414,3.110454226741483,0.513789633839715
LWF001,lakeWhitefish,-4.168935423549866,5.149239020037748,1.3302609932222245
LWF001,lakeWhitefish,-3.4693030858437193,5.436932366733003,2.8619973250404316
LWF001,lakeWhitefish,-3.4518669191037703,4.5100935782795695,3.0915453692714707
LWF001,lakeWhitefish,-3.1808113435823473,3.228874986587585,1.7609951107441748
LWF001,lakeWhitefish,-5.600104963490519,1.6944297296533264,-0.2797696272245884
LWF001,lakeWhitefish,-7.069276236190576,0.3268093317464802,2.3322968045788377
LWF001,lakeWhitefish,-10.202466222345551,-0.8023224955261519,0.5817434199376508
LWF001,lakeWhitefish,-8.655379724334171,0.8765810927338098,1.6254564451624964
LWF001,lakeWhitefish,-9.531259542140567,-0.015808135458811545,1.299062065258311
LWF001,lakeWhitefish,-11.536141704124383,-2.4808494486977373,0.9782162001564751
LWF001,lakeWhitefish,-9.720945413619924,-0.08883561248703176,-0.4333972932018244
LWF001,lakeWhitefish,-6.634995280080704,2.86084923640309,2.036817416884057
LWF001,lakeWhitefish,-8.599189946028343,1.4753536128818836,0.2407637629588717
LWF001,lakeWhitefish,-10.837656156880588,1.0285114013462526,-3.540253877651443
LWF001,lakeWhitefish,-13.015796520864491,-0.34307504812953526,-2.6302601455868317
LWF001,lakeWhitefish,-14.158212286860078,-2.3620126734977642,-3.558265896179211
LWF001,lakeWhitefish,-13.406342089362571,-1.7515447051083628,-0.8782129461682766
LWF001,lakeWhitefish,-11.40909042507769,-2.079764891011861,0.6996085371588228
LWF001,lakeWhitefish,-8.648543071709414,-1.9519232137114635,-0.8764697998538333
LWF001,lakeWhitefish,-10.167200839750754,-1.5334331600184123,-4.5227687650818025
LWF001,lakeWhitefish,-13.014304375696721,-2.8798939427504595,-8.456811685470342
LWF001,lakeWhitefish,-12.050741645004589,-2.2523337503467786,-6.290194745862707
LWF001,lakeWhitefish,-12.63031428199068,-3.280085343713732,-4.865799206436572
LWF001,lakeWhitefish,-10.75154944672704,-0.6932457118021933,-6.255208081267559
LWF001,lakeWhitefish,-10.289664355470727,-0.17422877635472833,-2.6671070277933815
LWF001,lakeWhitefish,-10.407393538164857,1.7263130879753898,-1.0642330912226114
LWF001,lakeWhitefish,-11.400824414091954,1.2637645281122039,-3.988683550560493
LWF001,lakeWhitefish,-9.774388314231345,1.7071973038356338,-1.3454112966158798
LWF001,lakeWhitefish,-10.309890113341757,0.6897884362110402,-4.446202596092844
LWF001,lakeWhitefish,-9.760473198941181,-0.8085521894033834,-3.1633277486474203
LWF001,lakeWhitefish,-12.021565047904053,-2.398540740268047,-1.1962560674609999
LWF001,lakeWhitefish,-9.722321373034562,-1.6159530248126557,-0.8538165139484866
LWF001,lakeWhitefish,-9.878052039586319,-0.9503195113877378,-1.218130436808988
LWF001,lakeWhitefish,-10.440478032716427,-0.23652436194802506,-4.6479753352349995
LWF001,lakeWhitefish,-11.581526916723018,-3.42870549875134,-2.327367798636116
LWF001,lakeWhitefish,-9.448883895909264,-1.3547353370158635,0.7782069916333543
LWF001,lakeWhitefish,-9.109185748768343,-0.9901257131196903,0.9230582737252846
LWF001,lakeWhitefish,-13.472501524021883,-3.8748787175020416,-3.444678012773939
LWF001,lakeWhitefish,-14.561554575129572,-2.9023229242542823,-3.407367223066877
LWF001,lakeWhitefish,-13.640308430371505,-1.6058922594360432,-2.1619885994483603
LWF001,lakeWhitefish,-13.697077886972913,-1.3359741926665505,-2.0340208862726437
LWF001,lakeWhitefish,-10.818280181516787,0.6317500581339077,-1.5434322301544614
LWF001,lakeWhitefish,-12.41957889366206,-1.313719037512472,-1.2415552675490358
LWF001,lakeWhitefish,-12.578131886909478,-1.1316993759300793,-4.868387773158971
LWF001,lakeWhitefish,-13.181704453012795,-2.3486769479554908,-1.1439915580512028
LWF001,lakeWhitefish,-14.48151551411571,-4.269178031249501,0.8684665846499731
LWF001,lakeWhitefish,-14.592810037614292,-2.7650459360670383,-2.398934319674657
LWF001,lakeWhitefish,-10.14724510584697,-0.10721575705387165,-3.7154771546866425
LWF001,lakeWhitefish,-13.147403839440061,-2.40343551187756,-3.9436878685908647
LWF001,lakeWhitefish,-14.61391122874393,-1.7266738087997497,-2.077922751632671
LWF001,lakeWhitefish,-14.157260755844138,-0.4374403635276849,-1.6361579478653168
LWF001,lakeWhitefish,-14.630584489956581,0.18568842524880225,-2.9757396381751624
LWF001,lakeWhitefish,-14.52658265034536,1.3292134602902044,-3.3517068410842867
LWF001,lakeWhitefish,-15.884816246152125,-1.23373500746096,-5.802235563503455
LWF001,lakeWhitefish,-14.431740149021708,0.676936534999053,-5.09188296231616
LWF001,lakeWhitefish,-14.716042036507964,-5.421964453851782,-2.701887112562072
LWF001,lakeWhitefish,-14.32484067424988,-8.874408012225793,-0.5873281406847717
LWF001,lakeWhitefish,-14.005146839475831,-9.359888593314968,3.2501251859392317
LWF001,lakeWhitefish,-11.613271962883626,-7.018919637089512,1.7444203304369625
LWF001,lakeWhitefish,-16.946253899985766,-2.432027469266493,-2.762378470596647
LWF001,lakeWhitefish,-11.033853910536706,-7.676962677742727,3.163606292803637
LWF001,lakeWhitefish,-6.783457543765261,-7.677300050155113,6.4181087986773715
LWF001,lakeWhitefish,7.06631169734646,-9.542022633239107,8.480247166015682
LWF001,lakeWhitefish,-5.7627017341779645,-5.2095747939502965,-0.8926133596868973
LWF001,lakeWhitefish,-19.50240076295941,-5.2373407419491675,-4.165475957559707
LWF001,lakeWhitefish,-13.596619067758372,-5.892228995639634,-5.480863089344403
LWF001,lakeWhitefish,0.05945519845026631,-3.4194014883811086,0.6359672866988688
LWF001,lakeWhitefish,4.277039578697423,-7.410499258480412,5.294956730985532
LWF001,lakeWhitefish,14.707195280618208,-6.365084220764984,3.621519490999528
LWF001,lakeWhitefish,14.918990744304907,-10.83567885027387,3.8753256596841505
LWF001,lakeWhitefish,13.145225279948278,-12.60951615293518,5.2898404778076245
LWF001,lakeWhitefish,22.54150303723135,-7.643615622141732,0.1658639792934773
LWF001,lakeWhitefish,-1.0293156830178343,-11.072407290865133,3.392544942243453
LWF001,lakeWhitefish,-6.392731056518977,-0.0254690783354381,-6.550941792422932
LWF001,lakeWhitefish,-2.4610014440115,-4.928165300135502,3.0467035724239984
LWF001,lakeWhitefish,-0.3588861781489705,-3.867780310005592,4.589736639580563
LWF001,lakeWhitefish,7.206867329837559,-5.008025207502532,6.605571607329107
LWF001,lakeWhitefish,11.58545758766852,-5.157024707219846,5.1743116105490925
LWF001,lakeWhitefish,10.790169061142254,-8.912789329498471,5.143144486665622
LWF001,lakeWhitefish,7.43029598580097,-9.286304511569545,3.7423346053316107
LWF001,lakeWhitefish,1.9305471917162853,-4.657539680268251,3.1345158831936257
LWF001,lakeWhitefish,6.263362859991154,-5.787023046863243,2.571346057714371
LWF001,lakeWhitefish,26.7726116395118,-0.531387745100016,-0.7310560512133177
LWF001,lakeWhitefish,7.495571765455096,-6.516532779313472,4.159292211512415
LWF001,lakeWhitefish,0.31229782163685726,-15.117505272193743,2.557697987465499
LWF001,lakeWhitefish,9.427632333089557,-11.063947966153542,0.7068306682894703
LWF001,lakeWhitefish,7.415979494703282,-5.152440066373659,-3.12425379663323
LWF001,lakeWhitefish,6.066438945982496,-9.885953557758588,5.130854956753181
LWF001,lakeWhitefish,3.526553811435735,-0.5891610482111248,-8.868293337553638
LWF001,lakeWhitefish,-4.807796577698721,-4.996018414433493,-1.219751325587908
LWF001,lakeWhitefish,-17.388038619186478,-3.5756924617035506,-0.5786891544374413
LWF001,lakeWhitefish,-10.55123288312334,-0.28979421710499176,5.927672196097392
LWF001,lakeWhitefish,-3.7051417519061585,-4.750354360483708,7.824174427224366
LWF001,lakeWhitefish,8.014590617287636,-0.17907611314352945,3.358672595335583
LWF001,lakeWhitefish,10.883095543753807,-0.4652954509993097,2.83388983143924
LWF001,lakeWhitefish,8.020973037861747,-3.0292552578235328,5.467230939894727
LWF001,lakeWhitefish,2.9141725391904654,-4.446847128923796,3.988568283229756
LWF001,lakeWhitefish,4.797376502373253,-2.2263134958456874,4.161532776312352
LWF001,lakeWhitefish,0.7335851713192534,-4.289963754897508,4.688643233305859
LWF001,lakeWhitefish,-1.064441022033628,-3.391133652345731,4.371790916474791
LWF001,lakeWhitefish,0.7300620750601583,-1.5380112641686123,5.6305281662808575
LWF001,lakeWhitefish,2.4013864827459344,-2.63927324500519,4.336989194604459
LWF001,lakeWhitefish,4.026133319488265,-3.4311278703691803,6.063933705067391
LWF001,lakeWhitefish,4.749550940452963,-3.525042413643418,6.477466373737101
LWF001,lakeWhitefish,1.9955616756211025,-4.292250443635562,5.085936396864997
LWF001,lakeWhitefish,3.6362817091670436,-2.0414526147600376,2.558614458386905
LWF001,lakeWhitefish,3.485405280378969,-4.335246017186862,2.9289294964434807
LWF001,lakeWhitefish,5.281491567655917,-3.7373678812506252,3.0046979881539313
LWF001,lakeWhitefish,3.3132637568961387,-3.8002792787043735,3.9660969618098303
LWF001,lakeWhitefish,5.843654919162722,-3.6153881026562678,4.687277526449661
LWF001,lakeWhitefish,7.286810544573704,-3.640114543199501,4.992984885011737
LWF001,lakeWhitefish,6.7147763553828,-3.946573818091829,4.774006869539955
LWF001,lakeWhitefish,6.557705246967277,-4.6717526737519295,6.001229356761496
LWF001,lakeWhitefish,2.8791859874098904,-9.44609177553938,8.737625798892715
LWF001,lakeWhitefish,6.241196662637245,-3.558007446049774,4.937933885409949
LWF001,lakeWhitefish,5.8436480814567915,-6.626252006611414,6.333421709591009
LWF001,lakeWhitefish,6.175887779530754,-4.698819478018101,4.398501186649703
LWF001,lakeWhitefish,7.831183919995121,-2.944543836179217,2.726644697969531
LWF001,lakeWhitefish,4.191381036600831,-2.627997396742091,0.7510056948786411
LWF001,lakeWhitefish,-0.6891921285413708,-4.493533776001069,-3.210462165634886
LWF001,lakeWhitefish,-2.16024896167124,-5.7179091899534225,-0.6952833004996917
LWF001,lakeWhitefish,0.9779565775035957,-7.844340424738707,3.682609229928421
LWF001,lakeWhitefish,-2.49314676154107,-9.598824488426242,5.182437071638791
LWF001,lakeWhitefish,1.1909087632237791,-4.2231145713882805,3.514184418565141
LWF001,lakeWhitefish,2.463404928626462,-6.766077231191475,4.227491881789157
LWF001,lakeWhitefish,2.6454519832559664,-10.925759782110239,4.289176858206142
LWF001,lakeWhitefish,5.383169068492472,-8.016895450044611,2.03798728417455
LWF001,lakeWhitefish,0.12445050614770858,-10.285893103229347,2.1356227248300366
LWF001,lakeWhitefish,-0.44975098015308546,-9.207082026410271,2.1084620893416286
LWF001,lakeWhitefish,2.12396321810043,-5.380610692315232,0.09543696551936398
LWF001,lakeWhitefish,2.1039799771205763,-9.221769651915114,2.6482401688685044
LWF001,lakeWhitefish,5.452179891820663,-7.8778222914860985,1.2502173686904594
LWF001,lakeWhitefish,6.702224023712752,-6.928581004086148,1.929572591994978
LWF001,lakeWhitefish,6.161762454083261,-8.080682505173638,1.6706747303603435
LWF001,lakeWhitefish,7.430343433834263,-2.953265575723778,-0.3551740414784821
LWF001,lakeWhitefish,6.243981088918067,-1.349990875863352,-0.871120348952074
LWF001,lakeWhitefish,0.4585791742815301,-6.83607644694811,5.045990017301806
LWF001,lakeWhitefish,0.534899449350679,-6.322337248478649,3.1468410175735886
LWF001,lakeWhitefish,-1.1655703880699455,-5.8336220051871495,2.1176094825189637
LWF001,lakeWhitefish,-4.481678099509535,-6.043820460945895,0.5983148259050994
LWF001,lakeWhitefish,-5.160045735113537,-9.08949205558476,1.9159706111374049
LWF001,lakeWhitefish,-2.1478875535357953,-7.658097551167264,1.4018385584640296
LWF001,lakeWhitefish,-5.272859278630289,-9.805175833391583,-3.5134764068933793
LWF001,lakeWhitefish,-3.6091458399484386,-6.880571632062782,1.565664754075272
LWF001,lakeWhitefish,-3.9625655795978925,-8.15600752899161,1.523808833863131
LWF001,lakeWhitefish,-2.973235670484322,-6.596957627549546,1.6202976304061547
LWF001,lakeWhitefish,0.3745622055705673,-3.1932845048212988,2.0338560288040313
LWF001,lakeWhitefish,-3.7852579822962884,-8.330652039792644,6.806058449098387
LWF001,lakeWhitefish,-1.9604787113265085,-7.466819647329287,6.129823573182261
LWF001,lakeWhitefish,-0.12176992550936139,-4.9911407529102965,2.656052167438217
LWF001,lakeWhitefish,1.9124363317070885,-3.968059144596251,2.4216482126633285
LWF001,lakeWhitefish,-0.5344594509487677,-7.501773274704735,1.1275678357859793
LWF001,lakeWhitefish,-1.4465941317866917,-7.0065156979583625,1.9157416667923237
LWF001,lakeWhitefish,2.0042613098959645,-3.3021084049341747,2.6875568478721616
LWF001,lakeWhitefish,-0.1691492706869041,-6.531830122240752,5.397326387521844
LWF001,lakeWhitefish,-4.837998672747979,-11.939875354814196,7.255524326835898
LWF001,lakeWhitefish,-0.2499818649436946,-6.097500035673333,3.722604212122091
LWF001,lakeWhitefish,-0.9779992077381324,-6.679550920892317,1.8492499602678376
LWF001,lakeWhitefish,-0.14144205435166934,-4.702909972185367,1.5779863117860993
LWF001,lakeWhitefish,-1.9946049105810997,-6.864831534326624,2.691889677148517
LWF001,lakeWhitefish,-3.9111367595387154,-8.459673859205207,4.22802706775956
LWF001,lakeWhitefish,0.19140379054244067,-4.527358483507504,1.0035224297245102
LWF001,lakeWhitefish,-3.1386301233889085,-9.304370923742201,5.646705560152085
LWF001,lakeWhitefish,-3.2434759491271556,-9.208654397526491,4.542225227576976
LWF001,lakeWhitefish,-2.048865699696512,-6.376676555998752,4.234761705020118
LWF001,lakeWhitefish,-3.126346355362442,-6.025898976643637,3.020894778679591
LWF001,lakeWhitefish,-5.493208851330371,-8.76226587039271,1.8138489735341186
LWF001,lakeWhitefish,-1.933928750122165,-5.116757455011554,2.376399287014886
LWF001,lakeWhitefish,-0.8358705549547725,-6.352160768128886,2.027052997307915
LWF001,lakeWhitefish,-2.328624220145036,-9.153808070928669,4.079576691888716
LWF001,lakeWhitefish,-1.3330072130469353,-7.762030365920459,2.907104005546036
LWF001,lakeWhitefish,-2.08286671750545,-7.642504013249381,0.3588537323764698
LWF001,lakeWhitefish,-5.790385906611406,-10.52542865888804,4.674917294471429
LWF001,lakeWhitefish,-4.612155272985738,-9.560740693246604,3.7977452575920947
LWF001,lakeWhitefish,-4.3772625199406505,-10.136838862520865,4.071676721400001
LWF001,lakeWhitefish,-5.5390894258548755,-10.731016457273897,3.4789286055561353
LWF001,lakeWhitefish,-8.103233310840988,-10.36442601464353,4.143664853027937
LWF001,lakeWhitefish,-7.704259294857562,-9.684832675719342,4.492183746117714
LWF001,lakeWhitefish,-9.528906079824425,-10.761034184315578,4.074525332630174
LWF001,lakeWhitefish,-9.057419873730044,-11.340984082739407,5.21201946980727
LWF001,lakeWhitefish,-7.01544262292196,-10.331090365635232,3.590313149202487
LWF001,lakeWhitefish,-8.756705846674237,-8.115504362023156,3.113516626865604
LWF001,lakeWhitefish,-1.6088062124175617,-3.5709492696626945,2.332087364947968
LWF001,lakeWhitefish,1.2092051301672362,-2.9199125069389833,2.5775776047315118
LWF001,lakeWhitefish,1.0220249248820208,-2.194148791805776,-0.31247297682341213
LWF001,lakeWhitefish,2.3348076645134346,-1.512789510568493,-0.012347540845191407
LWF001,lakeWhitefish,2.197846040398567,-2.901026436633743,1.0407095538179711
LWF001,lakeWhitefish,0.5930888968353782,-4.783516641901232,-0.254671429557509
LWF001,lakeWhitefish,-0.09162473510270192,-7.3801757024967705,-0.14571819951908127
LWF001,lakeWhitefish,-3.396239318483211,-11.798189256338894,1.7383258917828552
LWF001,lakeWhitefish,-4.064487935505553,-9.83436158042868,1.6349103023850695
LWF001,lakeWhitefish,-3.5729627107362174,-7.742357510457893,1.3844222209235646
LWF001,lakeWhitefish,-3.075787217896556,-7.20743648430863,1.1891431646954405
LWF001,lakeWhitefish,-3.3603641520822793,-7.356542804759366,-0.033538326610945995
LWF001,lakeWhitefish,-0.7517368680943207,-3.7303713769771654,0.547930144088024
LWF001,lakeWhitefish,2.453180601920896,-0.13278448255945008,-3.0073628879308036
LWF001,lakeWhitefish,7.701712508690855,3.196558910912372,-0.3094368641348244
LWF001,lakeWhitefish,8.446791855520534,3.0828911130973387,-4.9046781097929735
LWF001,lakeWhitefish,10.278678129721573,2.3868309685000124,-1.538359385839292
LWF001,lakeWhitefish,10.840367014446116,2.132590189446889,-2.690729081644508
LWF001,lakeWhitefish,11.14184480114721,1.9693406649406833,-4.420448712000986
LWF001,lakeWhitefish,11.699304255472322,1.797853920910212,-3.321060470149016
LWF001,lakeWhitefish,10.01593576626143,-0.40290370207499726,-4.456542693567401
LWF001,lakeWhitefish,7.259288472662292,-4.635230455573238,-4.899838304781654
LWF001,lakeWhitefish,7.194552129340639,-5.133837298125466,-7.017126866389745
LWF001,lakeWhitefish,9.153053408074776,-3.2882236250522476,-5.011981849268434
LWF001,lakeWhitefish,11.280562192458671,-0.9109360668601818,-1.7659018315000536
LWF001,lakeWhitefish,11.549914002047267,-1.1827871543981439,-1.3469827317091279
LWF001,lakeWhitefish,6.849550676004541,-7.070094407032109,-2.862289089722115
LWF001,lakeWhitefish,11.440942111917767,-1.8763275859771453,0.05258093301865907
LWF001,lakeWhitefish,11.245516387819208,-2.411321568310464,-1.0024986850935276
LWF001,lakeWhitefish,11.033496328489887,-3.768838139564865,-1.0499762434606263
LWF001,lakeWhitefish,9.610890329017462,-5.616114450434482,-1.4777036404618045
LWF001,lakeWhitefish,10.789641380867671,-5.174360570599141,-2.455231285917817
LWF001,lakeWhitefish,10.438068009948138,-5.517627810713719,-2.259153631163196
LWF001,lakeWhitefish,11.598785223975238,-4.091804760515329,-2.4819987283028495
LWF001,lakeWhitefish,11.174170105009122,-4.347532100723387,-4.2866035789784105
LWF001,lakeWhitefish,11.128491333566421,-4.007660907315233,-2.9396456380242983
LWF001,lakeWhitefish,10.824623601948467,-2.6551177182668666,-3.077094158829582
LWF001,lakeWhitefish,10.37924331042775,-2.869821457652768,-3.0050970867767646
LWF001,lakeWhitefish,9.653197065964754,-2.538166158771768,-3.577946277910608
LWF001,lakeWhitefish,9.708591997270352,-1.7768117971613937,-3.3610840585275277
LWF001,lakeWhitefish,10.282791148408787,-1.1971136971508578,-2.7327909774957044
LWF001,lakeWhitefish,8.800044475358504,-2.6832124035142324,-3.1792936959492684
LWF001,lakeWhitefish,9.03309474779254,-2.22137588893813,-3.166993332678733
LWF001,lakeWhitefish,9.436583313689782,-2.1624899911275093,-3.698911472147176
LWF001,lakeWhitefish,9.629508776137085,-2.152710121405946,-3.769278457414443
LWF001,lakeWhitefish,7.369574589676063,-4.6401629405306135,-2.4378835819532245
LWF001,lakeWhitefish,9.0382115595983,-0.7459224568471798,-2.5140656923886398
LWF001,lakeWhitefish,9.252418084661242,-1.2933065890067115,-2.163273873637182
LWF001,lakeWhitefish,9.189889743636463,-2.2309943333890447,-3.5729483363204206
LWF001,lakeWhitefish,10.334595018713769,-0.7665352560595442,-2.0883766638920886
LWF001,lakeWhitefish,9.298450172392453,-1.574432328285165,-1.746166551778127
LWF001,lakeWhitefish,6.1362706170329355,-5.369959452293692,-0.28185618050242905
LWF001,lakeWhitefish,9.395033094565767,-1.1126512348285655,-2.773457829909466
LWF001,lakeWhitefish,8.979952443457657,-2.496203302679085,-1.7998789454873827
LWF001,lakeWhitefish,5.122047539512382,-4.920109718993981,-2.3953539311031142
LWF001,lakeWhitefish,5.553593173400764,-3.559284373302148,-4.40490183581662
LWF001,lakeWhitefish,4.77607385232571,-5.312207837518969,0.4234167069624666
LWF001,lakeWhitefish,3.813108014450584,-4.996702277182875,-2.943744705723504
LWF001,lakeWhitefish,4.528903143501828,-4.555543662749607,-1.8089131995788055
LWF001,lakeWhitefish,5.56283862458275,-3.5338044472608416,-1.6149803877450322
LWF001,lakeWhitefish,4.479259389613243,-4.307190470977324,-0.8559109528829671
LWF001,lakeWhitefish,5.051670056085945,-3.8014096204611616,0.7650124895248998
LWF001,lakeWhitefish,5.60249524321308,-4.012811079248726,-0.40100150568464504
LWF001,lakeWhitefish,4.926272587795024,-4.351778911957966,0.6750821419582448
LWF001,lakeWhitefish,6.60854626023859,-2.0454966576910967,-1.0373440332085986
LWF001,lakeWhitefish,7.200702223594204,-0.8763447283072079,-3.1207543514110894
LWF001,lakeWhitefish,4.178494314044445,-2.756289396269822,0.9437034680957641
LWF001,lakeWhitefish,5.477950810864069,-1.960920333455503,0.30942105785186613
LWF001,lakeWhitefish,7.278167236687165,0.04342186906039869,-0.9414031935001905
LWF001,lakeWhitefish,6.059006305684689,-3.4786089550541477,0.44708121244982113
LWF001,lakeWhitefish,5.928931261504712,-4.744171958133042,-1.7170185736833568
LWF001,lakeWhitefish,6.435057727615624,-3.37933667849266,0.4357283479740186
LWF001,lakeWhitefish,5.416398369805058,-4.592470985747228,-0.17456546821437757
LWF001,lakeWhitefish,4.610127113162041,-5.300643156551171,1.1364016627900408
LWF001,lakeWhitefish,5.331144626585137,-3.9972187809946544,0.4178196699972023
LWF001,lakeWhitefish,5.024949351212357,-4.088232444004717,1.2993105489960275
LWF001,lakeWhitefish,4.335514031718977,-4.7775646287764495,0.7650914213643041
LWF001,lakeWhitefish,5.540485638925294,-4.495796890978076,1.1140116657494228
LWF001,lakeWhitefish,5.93357548277274,-4.40335855096247,1.1388657386696153
LWF001,lakeWhitefish,5.518490197055902,-4.404171203082841,0.5794194874454913
LWF001,lakeWhitefish,3.3585966479498945,-7.635903371789108,-0.3913278611054889
LWF001,lakeWhitefish,7.2919900987642166,-1.9980300141075344,-0.7192268198485727
LWF001,lakeWhitefish,5.893416498109704,-2.723805267017942,0.3990934375587658
LWF001,lakeWhitefish,7.163630089569154,-1.3877664093464352,-0.20689182666332262
LWF001,lakeWhitefish,6.977868726638674,-1.827257768109764,-1.6950323202338025
LWF001,lakeWhitefish,5.622766297454795,-4.705676331431302,-1.9361023361055587
LWF001,lakeWhitefish,5.5732264503761995,-3.9360526353640037,1.194616664172129
LWF001,lakeWhitefish,6.0123067401003425,-2.671670255206789,-0.1907486516052057
LWF001,lakeWhitefish,5.3213836327102655,-4.090435104651851,0.6124352626340415
LWF001,lakeWhitefish,7.243445672756907,-2.928405857603252,0.9905319712507625
LWF001,lakeWhitefish,7.252717319099805,-4.142603595325433,-0.5225916501070951
LWF001,lakeWhitefish,9.983641229242382,-2.332991166806483,1.5215506949329234
LWF001,lakeWhitefish,10.395659694022179,-4.390088745469216,0.019641803093185306
LWF001,lakeWhitefish,9.315372763178056,-3.567461819172958,-0.9435771687875483
LWF001,lakeWhitefish,7.466290016492751,1.520663525403134,0.6226881502785515
LWF001,lakeWhitefish,5.31421448693095,0.659125535870767,-0.7721010442593914
LWF001,lakeWhitefish,3.472298556562496,0.8793484435844476,2.658006192789735
LWF001,lakeWhitefish,-4.528951757792296,-3.7838874007077896,4.662635509568661
LWF001,lakeWhitefish,6.127323917982812,-1.1673190825761273,2.1240812507317854
LWF001,lakeWhitefish,7.046973046819623,0.9954219413600633,-0.8938526905166035
LWF001,lakeWhitefish,6.590192686838892,3.6065505289081603,-1.8256723402357253
LWF001,lakeWhitefish,-10.02967447333342,-1.5349301862705689,1.6015156431668816
LWF001,lakeWhitefish,-0.702413619401465,7.666492508886477,-1.334568177096294
LWF001,lakeWhitefish,-4.559340853784175,3.9352544620059877,3.733305805528392
LWF001,lakeWhitefish,-2.87578125748468,6.848834489353866,1.0596658691448542
LWF001,lakeWhitefish,-10.477668472889489,5.333440640214358,0.48322207856985755
LWF001,lakeWhitefish,-12.35544075309011,11.583754517515302,0.6367288315389246
LWF001,lakeWhitefish,-17.172842182585057,8.575546783352344,-3.2311826111239825
LWF001,lakeWhitefish,-20.097193897135256,5.9081100304578165,-4.616553613332216
LWF001,lakeWhitefish,-21.743718299914907,2.45586409123644,1.5552152814906344
LWF001,lakeWhitefish,-27.07290609335375,6.734804784163001,1.28162243039199
LWF001,lakeWhitefish,-25.815200418378485,9.114688615771566,2.5336908269215286
LWF001,lakeWhitefish,-27.701397434906873,10.58871882376654,3.1622843484458354
LWF001,lakeWhitefish,-28.505920240185997,7.8256083964171985,-1.7912013080743154
LWF001,lakeWhitefish,-32.86004160615415,7.010804252412934,-3.3299030216699013
LWF001,lakeWhitefish,-34.46216975617088,4.578126552493241,-3.750372640250246
LWF001,lakeWhitefish,-31.972764972465516,5.305302685262005,-5.439522169105026
LWF001,lakeWhitefish,-28.74158940224497,5.923587951303995,-3.1912975152084524
LWF001,lakeWhitefish,-27.564341855078492,6.587634859319729,-0.006519836221438702
LWF001,lakeWhitefish,-28.364260155637,8.011619536674964,0.8305873416326763
LWF001,lakeWhitefish,-31.57712857758132,8.181481559030715,0.4890519257884671
LWF001,lakeWhitefish,-29.00583461932751,9.079205736385209,0.5416771631430288
LWF001,lakeWhitefish,-29.231683784595894,9.36927155080396,-0.5514356437829724
LWF001,lakeWhitefish,-26.037409862746433,11.988095748527833,-1.1330723954030857
LWF001,lakeWhitefish,-15.381303908412878,5.979097686584105,-1.8628592255095713
LWF001,lakeWhitefish,-14.550997237625467,5.2508303400434055,-2.833299819124101
LWF001,lakeWhitefish,-13.168443660464456,7.520248448774582,3.6214291329136854
LWF001,lakeWhitefish,-12.52324853908192,7.41208232818145,1.3288910972476815
LWF001,lakeWhitefish,-12.53896572261755,10.810431656018674,0.0515174648736032
LWF001,lakeWhitefish,-12.536202541305085,4.147936147270542,2.292120601173096
LWF001,lakeWhitefish,-11.509607708410943,7.017263857025226,3.231864749982515
LWF001,lakeWhitefish,-14.240906550588617,3.6034507084085208,2.2099215801173493
LWF001,lakeWhitefish,-12.989521656171583,4.56652653452689,3.6604268303887895
LWF001,lakeWhitefish,-12.18852745456366,3.3823648064870007,4.679409913123529
LWF001,lakeWhitefish,-12.881148522510856,2.392283886017413,3.379000478627084
LWF001,lakeWhitefish,-10.546074358769353,1.2244753443528418,1.3640089846732548
LWF001,lakeWhitefish,-9.610395344417913,1.6642537099637131,2.9818793697508634
LWF001,lakeWhitefish,-8.142306417959238,2.8786634235585815,3.583850267790109
LWF001,lakeWhitefish,-8.098356189330802,2.7248828456576892,4.650561415460809
LWF001,lakeWhitefish,-7.449799075611803,3.863336487539713,3.6789210861261816
LWF001,lakeWhitefish,-8.520516372324833,2.9907270144359837,0.08444009194729318
LWF001,lakeWhitefish,-8.107316093278788,4.16793545201811,-0.26634037790921194
LWF001,lakeWhitefish,-8.76757138701224,3.1699992412341262,-0.9445721485888634
LWF001,lakeWhitefish,-6.508399775242931,3.7990664097782383,1.96700695748914
LWF001,lakeWhitefish,-8.158117567644473,0.3516563686629861,1.5565793190567832
LWF001,lakeWhitefish,-7.8117181434808485,0.2567216812882471,2.9918756677222813
LWF001,lakeWhitefish,-9.987186503951984,0.1238075263520606,2.2939159624862455
LWF001,lakeWhitefish,-22.828065095466897,6.979786195322887,-2.2015844246286127
LWF001,lakeWhitefish,-18.92973133035365,3.1422118726731685,-0.21501819149574608
LWF001,lakeWhitefish,-18.013254996909367,2.645916930600347,-0.3695856695812374
LWF001,lakeWhitefish,-20.92201000928683,0.07896406159371105,-0.005995203926190129
LWF001,lakeWhitefish,-23.929291188178198,-1.9968939147863765,2.967302091983287
LWF001,lakeWhitefish,-26.87600003326206,-0.849924300179679,-0.046533570143258984
LWF001,lakeWhitefish,-21.295676189837934,5.771701816852627,-5.084018857541457
LWF001,lakeWhitefish,-27.85916014936506,-0.4897095698809464,-3.8394874063221387
LWF001,lakeWhitefish,-29.518350590991155,-0.07929248291252566,-2.919153434539048
LWF001,lakeWhitefish,-26.84444719600163,4.752196496904109,-8.582026698462801
LWF001,lakeWhitefish,-28.507557096775272,2.503740317864299,-7.832836525646865
LWF001,lakeWhitefish,-28.270505235643522,-1.250178177236105,0.10102601677606948
LWF001,lakeWhitefish,-20.857345156336983,2.838029635804485,1.479178127872801
LWF001,lakeWhitefish,-20.925831300665738,0.16542916077176706,-0.9095885435112185
LWF001,lakeWhitefish,-16.82708536327683,4.29362116680685,0.789309859111953
LWF001,lakeWhitefish,-20.20427827196638,10.571845878714653,-1.7088164290473076
LWF001,lakeWhitefish,-17.73662224188879,8.969584826841816,-3.4738119709686752
LWF001,lakeWhitefish,-16.87855419056273,4.332770894618779,-1.110838490136687
LWF001,lakeWhitefish,-18.464590103252338,3.0046099901058376,4.215515643256584
LWF001,lakeWhitefish,-17.472372852099042,2.1814735861804815,1.4400556222986793
LWF001,lakeWhitefish,-18.394775764494113,0.4561176768996158,-1.3682322017480084
LWF001,lakeWhitefish,-22.380588031095886,4.516479603511013,2.501616309972631
LWF001,lakeWhitefish,-16.340706303810073,7.499477738268748,-4.104813353929995
LWF001,lakeWhitefish,-21.051041843352895,5.724327896659998,-4.7905321443878695
LWF001,lakeWhitefish,-22.01159850874787,7.204009413889549,-5.975814884282153
LWF001,lakeWhitefish,-24.81258462103333,6.39579979452669,-4.573456096983442
LWF001,lakeWhitefish,-29.618195555468088,2.6918131551005775,-1.1473715130695794
LWF001,lakeWhitefish,-4.370004419569673,13.376601771442175,-0.9492086558696882
LWF001,lakeWhitefish,-3.518031707217354,9.970343412812465,3.9728891709218392
LWF001,lakeWhitefish,-6.3632049252445215,11.237642345365524,-2.789035042587317
LWF001,lakeWhitefish,-10.424122642172106,3.8765636880956027,1.4202727446158738
LWF001,lakeWhitefish,-8.4125855723926,4.878825124813178,-1.1807685869743687
LWF001,lakeWhitefish,-5.330239081001133,-0.12955507027853064,0.29941941011258844
LWF001,lakeWhitefish,-1.5822655396169463,2.5822333395066557,-1.2800100989306995
LWF001,lakeWhitefish,2.505472069722119,6.112930185231063,0.4718747874564051
LWF001,lakeWhitefish,5.541122619916264,8.14623676092478,0.5456025389540473
LWF001,lakeWhitefish,4.686312611266479,8.740345884939789,0.27682213495544783
LWF001,lakeWhitefish,-0.9176764150001655,16.083008786390813,-1.3295666603519507
LWF001,lakeWhitefish,0.5871626291013792,14.239952213981603,3.890027491879616
LWF001,lakeWhitefish,-2.0060243700128355,11.595411234785137,2.2162264186261953
LWF001,lakeWhitefish,-5.176836012196398,8.617615670764856,0.9589098355124028
LWF001,lakeWhitefish,-9.974011038431254,2.7994059665329596,1.0999283634408246
LWF001,lakeWhitefish,-8.449127002649718,6.695928315935289,2.8504217346967664
LWF001,lakeWhitefish,-8.221462044954238,3.2547929358911096,-2.163180327095178
LWF001,lakeWhitefish,-4.206942952679645,6.24583599887462,3.0763016220306296
LWF001,lakeWhitefish,-5.669084095439025,6.307930110772744,-0.2045039523074339
LWF001,lakeWhitefish,-3.7131352886980165,7.8177929261289405,3.729047198364603
LWF001,lakeWhitefish,-5.639760842121953,8.562225446359804,0.2796778246467113
LWF001,lakeWhitefish,-8.636581217417504,7.501758239042,0.14490101626569096
LWF001,lakeWhitefish,-8.110984095415409,11.055801689038118,-2.424565768831811
LWF001,lakeWhitefish,-7.753621259777549,10.943472045206706,-0.28568191080029437
LWF001,lakeWhitefish,-12.1724406738898,8.773754534631102,2.505523440523377
LWF001,lakeWhitefish,-11.734861934674488,8.31027954610363,-1.6586214514820035
LWF001,lakeWhitefish,-9.34014721215523,9.277712281848501,3.9300953873760482
LWF001,lakeWhitefish,-5.559597115090147,9.588527036914142,0.51561823067404
LWF001,lakeWhitefish,-7.534154606372746,8.298811393080808,1.379443256839303
LWF001,lakeWhitefish,-7.719789729531454,7.4718405479485765,1.6830312969860364
LWF001,lakeWhitefish,-9.026805340920955,4.386554692143631,1.259562729112342
LWF001,lakeWhitefish,-10.78263247239427,-0.9765325442222541,2.407907825326346
LWF001,lakeWhitefish,-4.388432490013076,5.6316909913962245,-1.5124645047886838
LWF001,lakeWhitefish,-5.162904468315009,0.6875320062119423,0.00969799427904161
LWF001,lakeWhitefish,-6.160255727842401,-3.0774022210039536,0.15591759554343176
LWF001,lakeWhitefish,-7.345581392761035,-2.607709199434678,-1.2142175313855166
LWF001,lakeWhitefish,-6.409810917871001,-0.42031092184857766,0.4636860710949873
LWF001,lakeWhitefish,-6.815766284899491,-0.2550229603176241,0.7173653137617181
LWF001,lakeWhitefish,-7.108849508420013,0.6411451988321377,-2.920133087603898
LWF001,lakeWhitefish,-7.057589154894522,-0.040880591042697034,-1.019801658297356
LWF001,lakeWhitefish,-6.290696030827572,0.812868746745268,-5.716094835212179
LWF001,lakeWhitefish,-5.454493407825334,2.103808081944762,-1.0409209898365956
LWF001,lakeWhitefish,-4.743934109880495,3.3979693203934915,-2.214414883446419
LWF001,lakeWhitefish,-6.035563424632668,3.4664889162775427,-0.45020021223759454
LWF001,lakeWhitefish,-6.287945379572546,3.0407926937991405,-5.127168840041331
LWF001,lakeWhitefish,-6.440183987057764,3.3149671865418053,-2.1725500979117567
LWF001,lakeWhitefish,-6.789738872095869,1.582351612095834,-2.9380226759587424
LWF001,lakeWhitefish,-5.782673149788932,0.9789613364700214,-2.963204021249993
LWF001,lakeWhitefish,-3.6034241547434482,-1.2000096231715172,-2.418616317434635
LWF001,lakeWhitefish,-4.051305035010831,-4.952149886712945,0.7958351659947668
LWF001,lakeWhitefish,-3.5819305825128565,-5.201292442696394,0.8271633051508067
LWF001,lakeWhitefish,-0.8861936580058862,-2.8771734229221937,-1.5247009784483563
LWF001,lakeWhitefish,-1.8642039328980526,-3.727007564271446,0.7932979330972544
LWF001,lakeWhitefish,-2.09307133149021,-3.8525907398975288,-0.3983210850005843
LWF001,lakeWhitefish,4.90575625213969,-2.4598221480351876,-3.594391177529669
LWF001,lakeWhitefish,6.017964888047768,-3.59275027458525,-5.945392459866719
LWF001,lakeWhitefish,9.083828769459618,-2.5127674884816624,-1.7373694819320147
LWF001,lakeWhitefish,11.646062850083592,-0.702272007885389,-1.121427140956106
LWF001,lakeWhitefish,9.759951415166341,-1.2287748581434939,-7.416065961720198
LWF001,lakeWhitefish,11.259079968326613,-0.05815427524505301,-1.1821217314087828
LWF001,lakeWhitefish,8.903744125551636,-2.4274656282938754,-2.705566798461178
LWF001,lakeWhitefish,5.858643504932486,-3.9003379837375336,-4.9428282510595025
LWF001,lakeWhitefish,2.8684913172982016,-6.320675616793325,-6.263018130123161
LWF001,lakeWhitefish,3.9479311674220865,-4.812180104396669,-4.785743629508312
LWF001,lakeWhitefish,4.691523062292137,-0.8556730094279095,-4.793177353057104
LWF001,lakeWhitefish,-1.0268789703972878,-1.0119075221460172,-4.6171905425446464
LWF001,lakeWhitefish,-2.4285024137606808,-1.343130048764313,-4.535085869463008
LWF001,lakeWhitefish,-1.3473644020398177,-1.0952927454570516,0.8055144368485516
LWF001,lakeWhitefish,-4.273594617794913,-2.672057239380883,-0.898260616769152
LWF001,lakeWhitefish,0.8012929917574074,1.4382007664335101,-0.2826282142879706
LWF001,lakeWhitefish,0.07732496557330837,-2.2940296972705316,-4.461687106247897
LWF001,lakeWhitefish,-1.0887970940505434,-5.165949620476522,0.09043160105544401
LWF001,lakeWhitefish,6.795047636670844,-2.948520906534472,-3.9971095734852526
LWF001,lakeWhitefish,11.661447006475516,-0.8022704407062253,0.7523048469351785
LWF001,lakeWhitefish,14.656304917083084,-1.7766386294655874,-2.4320307086015096
LWF001,lakeWhitefish,16.62694614154601,-1.471318725560259,-4.774211091119935
LWF001,lakeWhitefish,18.41943772523498,-0.4545730869107434,-1.9803369749606556
LWF001,lakeWhitefish,17.748367796821007,-0.2923194716072919,-2.598290585701538
LWF001,lakeWhitefish,10.512259575441744,-4.537620029643515,-5.633940738074132
LWF001,lakeWhitefish,10.672415062134135,-3.270931164799111,-2.5081252872663837
LWF001,lakeWhitefish,5.6825274117620195,-5.689377775485975,-4.255502527110485
LWF001,lakeWhitefish,9.645555457429102,-3.882617567522024,0.2991491755085307
LWF001,lakeWhitefish,4.354983252785109,-7.003994849148205,-7.951793726539888
LWF001,lakeWhitefish,4.343847549217751,-6.236255799683422,-1.9242490713744258
LWF001,lakeWhitefish,5.688879112090549,-5.5658661302492956,0.35005239773068864
LWF001,lakeWhitefish,7.367072534117165,-3.6002230260229715,-3.658043279152044
LWF001,lakeWhitefish,8.41146347034421,-3.032663140565326,-3.7214868500800273
LWF001,lakeWhitefish,9.101036287911315,-3.2396434266955083,-0.42395883622085706
LWF001,lakeWhitefish,7.146989982401824,-5.610699444155232,-1.7605980711663907
LWF001,lakeWhitefish,4.789030278548504,-6.376797527053429,-5.858366260835467
LWF001,lakeWhitefish,6.545620567653533,-2.7838699962223665,-2.925251627306337
LWF001,lakeWhitefish,4.136260408467018,-4.639584540349682,-3.0468230222883874
LWF001,lakeWhitefish,2.195727124598787,-4.564216534980011,-4.048965680867931
LWF001,lakeWhitefish,2.1999359770073363,-4.029285230442985,-4.020239515736686
LWF001,lakeWhitefish,-1.8521599156722495,-6.631599825970856,-0.7728952716827113
LWF001,lakeWhitefish,-3.718511766418644,-6.308610554149166,-1.753533584775589
LWF001,lakeWhitefish,2.1160866003491225,-1.2354496008620695,-0.1826161287382543
LWF001,lakeWhitefish,4.135852098658975,-0.6762375979278055,-3.2133629907936987
LWF001,lakeWhitefish,7.553668185961655,-4.100723543067689,-2.747670271738293
LWF001,lakeWhitefish,9.28525894442724,-5.386589636645345,-6.536245225380652
LWF001,lakeWhitefish,14.180383100788463,-3.6508068684583455,-6.867358288756799
LWF001,lakeWhitefish,16.07299341440781,-3.794597336624166,-3.4939820993530195
LWF001,lakeWhitefish,18.83879393912407,-3.9131611730892533,-1.8652008503055675
LWF001,lakeWhitefish,13.914588637214056,-4.506895649849554,-5.409657512216702
LWF001,lakeWhitefish,6.647458835843385,-6.642836264846218,-4.010097980266627
LWF001,lakeWhitefish,1.7337841912413166,-9.49798799589174,-2.6156839144006936
LWF001,lakeWhitefish,2.2310979557661943,-7.920626391773636,-0.958109341888181
LWF001,lakeWhitefish,-2.8467214676150845,-9.197483244923706,2.7489689950275604
LWF001,lakeWhitefish,-5.993843894044652,-9.57016780334422,1.5165312392974015
LWF001,lakeWhitefish,-6.580320156737468,-7.696588075968721,-1.946353069394552
LWF001,lakeWhitefish,-5.249364462080706,-8.517113351759752,-0.6627023460115988
LWF001,lakeWhitefish,-0.26489154332009646,-5.510903797832815,-5.345670662388948
LWF001,lakeWhitefish,3.1868428173441927,-4.545243369710098,-2.4892693008231284
LWF001,lakeWhitefish,6.603759972796644,-5.202745011677275,-4.240022045520975
LWF001,lakeWhitefish,6.641850612611584,-8.729099406845165,-7.872834868078565
LWF001,lakeWhitefish,13.139151069820905,-5.130834188472882,-7.866794043248859
LWF001,lakeWhitefish,17.015909503189604,-1.424046360460825,-2.0872271010939016
LWF001,lakeWhitefish,15.933669517226749,-2.599694337756912,-2.523411203774648
LWF001,lakeWhitefish,11.732456832391675,-3.418596016862916,-3.565416633428212
LWF001,lakeWhitefish,6.971837363234689,-6.994593757634546,-6.94190348478829
LWF001,lakeWhitefish,15.427255557599798,-4.46576350260606,-5.323583866059464
LWF001,lakeWhitefish,9.357222071076329,-6.56165403646746,-3.403259460251335
LWF001,lakeWhitefish,4.800515753921855,-6.42106385302881,-0.8941141287522357
LWF001,lakeWhitefish,2.110204045082309,-7.196411359199768,-1.4564931098365084
LWF001,lakeWhitefish,0.8346731016011955,-5.653584078566401,0.18968126081250147
LWF001,lakeWhitefish,-6.831385521874724,-5.927162723489707,2.1045970547865176
LWF001,lakeWhitefish,-8.732270734822112,-4.137845393836651,-0.5958719347765209
LWF001,lakeWhitefish,-9.273139872051729,-4.691768557297683,-3.7737181306161647
LWF001,lakeWhitefish,-7.939016683615481,0.5714673363771086,-1.564098114430602
LWF001,lakeWhitefish,-9.722696363893103,0.47873959252877185,-2.942995594994851
LWF001,lakeWhitefish,-10.239703419791578,1.1677958121301852,-2.830086403005242
LWF001,lakeWhitefish,-7.52084026289134,1.4384135345797553,-2.78844157193545
LWF001,lakeWhitefish,-9.36419320189917,-6.512626956679061,-0.9698543247231692
LWF001,lakeWhitefish,0.28220295095618464,-5.108639836798002,1.6921216846878275
LWF001,lakeWhitefish,2.3753721054711754,-7.47815314557703,2.481124165600704
LWF001,lakeWhitefish,3.808296276984996,-7.328006208223012,0.7652877240558467
LWF001,lakeWhitefish,4.257607480629327,-6.968726506242428,0.9414927857961254
LWF001,lakeWhitefish,3.971576599393698,-5.6899012290883695,1.867816059271102
LWF001,lakeWhitefish,5.2228743668977335,-5.213905555327306,0.4527058542345932
LWF001,lakeWhitefish,4.58313665930763,-8.233213533155123,1.0628127112517112
LWF001,lakeWhitefish,1.7965504113218558,-9.980195092539503,2.502036537074366
LWF001,lakeWhitefish,3.949728960602654,-6.376375046848104,0.44819513482296447
LWF001,lakeWhitefish,0.6285147510318928,-8.127012501646817,2.0706589851068626
LWF001,lakeWhitefish,1.9645242978538398,-6.046606567280152,1.2269642432762367
LWF001,lakeWhitefish,3.978508889302373,-4.410842651406737,0.1290548757806289
LWF001,lakeWhitefish,5.566457481033634,-2.610829650233299,-1.0139034131567555
LWF001,lakeWhitefish,1.885957912952554,-4.484488696917577,0.6610263346012141
LWF001,lakeWhitefish,-2.0429100034899306,-4.633051616798979,1.5624587986729663
LWF001,lakeWhitefish,-8.212442561118355,-9.395454066778425,3.66201819866194
LWF001,lakeWhitefish,-1.7335788471202493,-5.101179523881447,1.4270345942476643
LWF001,lakeWhitefish,-7.6268819979580895,-13.4954596040679,5.631711398563664
LWF001,lakeWhitefish,-0.14656984667483242,-9.03655474600284,2.21786625131375
LWF001,lakeWhitefish,2.978396098547443,-8.18246377634485,1.299087592995593
LWF001,lakeWhitefish,4.131988384469607,-7.436841345601735,1.2417960556540053
LWF001,lakeWhitefish,5.781722459043777,-5.7125999990482645,0.951189549561084
LWF001,lakeWhitefish,4.0084744877110765,-7.021522889304134,2.420134770409718
LWF001,lakeWhitefish,0.9129942764908794,-11.330852695210165,6.903829367807784
LWF001,lakeWhitefish,1.0145493024343453,-10.36078015153174,6.811950524687051
LWF001,lakeWhitefish,2.1365117009378016,-6.361081828383488,4.927043578945144
LWF001,lakeWhitefish,1.3566249748346189,-5.325154056779591,6.138179342683323
LWF001,lakeWhitefish,-1.1613319953129402,-2.714149915235713,5.554053443438074
LWF001,lakeWhitefish,-2.041319416237161,-3.5927350608483644,6.54516128136472
LWF001,lakeWhitefish,-0.6409739267413318,-3.7050417068113557,6.164899921170121
LWF001,lakeWhitefish,-6.768567463438458,-9.993327426333423,7.918533080321284
LWF001,lakeWhitefish,0.1437291823385647,-6.19974143183939,4.745919451060669
LWF001,lakeWhitefish,-0.4041171933463844,-10.336374745909952,5.898400771625029
LWF001,lakeWhitefish,6.4146477010363245,-10.735774279906574,3.7039295701494193
LWF001,lakeWhitefish,10.536938392823846,-8.822568919921347,0.11828840666958129
LWF001,lakeWhitefish,16.317461903222487,-2.0993158700897103,-3.913070168801643
LWF001,lakeWhitefish,8.087710308728619,-9.899102491680292,2.516560773669826
LWF001,lakeWhitefish,9.669794455868631,-6.342585844027811,1.7497961548261722
LWF001,lakeWhitefish,10.708396162266082,-6.6222063127743604,0.8032856168603175
LWF001,lakeWhitefish,13.947927601557568,-8.455568094003063,1.313198948692429
LWF001,lakeWhitefish,7.211103650363436,-11.42888339292861,4.489781941638059
LWF001,lakeWhitefish,4.531558823869789,-10.374594540913643,4.690227628400237
LWF001,lakeWhitefish,6.392931521343988,-5.480216986934579,3.740664319076039
LWF001,lakeWhitefish,6.462806823957008,-3.4478629727832972,3.5191536722780166
LWF001,lakeWhitefish,1.9941680633892407,-3.073751834842967,3.7846996117174148
LWF001,lakeWhitefish,2.933747272273107,-2.507180121902448,3.7357594330837474
LWF001,lakeWhitefish,4.323264366878494,-3.1714847500702414,3.212401693573745
LWF001,lakeWhitefish,5.075026991501807,-3.249859943904246,3.107489915272119
LWF001,lakeWhitefish,3.587351560326606,-5.079377701611631,4.298196005570027
LWF001,lakeWhitefish,-1.5035421780381446,-9.064885073165586,5.419170608889171
LWF001,lakeWhitefish,0.2996593642263691,-8.584919318602152,4.439773432559774
LWF001,lakeWhitefish,5.7341023058567435,-8.426191675813985,2.8152447155496816
LWF001,lakeWhitefish,8.126115681924176,-8.399256595579535,2.9407622430311258
LWF001,lakeWhitefish,5.852593097475592,-10.331265846646476,3.837468185615778
LWF001,lakeWhitefish,4.603510764517164,-11.997191087389535,4.746943081333139
LWF001,lakeWhitefish,5.5367747529596,-9.364221887974388,4.379260084216805
LWF001,lakeWhitefish,3.8660262847443536,-9.206451772243959,4.57694435663387
LWF001,lakeWhitefish,3.892105379780804,-8.018999485033948,4.496298610138433
LWF001,lakeWhitefish,1.570022631444247,-11.023763910278268,5.725328228163383
LWF001,lakeWhitefish,4.8130300620671385,-6.965525501761746,3.843692409494141
LWF001,lakeWhitefish,2.7241121086175477,-7.153210018819292,4.84680414829757
LWF001,lakeWhitefish,3.133288761150852,-5.82244605582958,4.416725593475123
LWF001,lakeWhitefish,3.1681752525068188,-4.6820324659584225,3.8891616608859967
LWF001,lakeWhitefish,-1.7341512121339133,-9.059825003076034,7.22436006842115
LWF001,lakeWhitefish,1.2498872027855823,-6.615140111852237,4.336676989623493
LWF001,lakeWhitefish,-0.46450735692135353,-8.73073028765455,4.813784826405359
LWF001,lakeWhitefish,-0.6665349674089199,-11.475253470957815,5.876045380238453
LWF001,lakeWhitefish,3.955600885915992,-9.408919756165194,4.824236998892442
LWF001,lakeWhitefish,8.779668467568676,-8.043151653450256,3.5801967684354543
LWF001,lakeWhitefish,10.612129171391752,-6.595805638279432,2.448052297840659
LWF001,lakeWhitefish,13.275890229608878,-3.613465974108987,-0.9853756024326241
LWF001,lakeWhitefish,10.484868377193926,-7.086208189538009,2.548870661631881
LWF001,lakeWhitefish,7.144897700010785,-10.290839029688325,4.122874700873184
LWF001,lakeWhitefish,10.366512632309762,-7.226646775705936,2.7183877521638937
LWF001,lakeWhitefish,8.003702306835311,-9.82398935168814,4.126902251057178
LWF001,lakeWhitefish,7.36323455941745,-12.418683757633703,5.231252530660899
LWF001,lakeWhitefish,10.030662033105033,-7.620243354111155,4.098301994122413
LWF001,lakeWhitefish,10.963400605345079,-6.450672341326682,3.1849107150700853
LWF001,lakeWhitefish,5.925422344128829,-7.404116653185872,3.606703159746698
LWF001,lakeWhitefish,4.665764679964005,-7.068712917526219,4.17636511947072
LWF001,lakeWhitefish,3.2398943687861834,-8.84127203612868,5.18517649199431
LWF001,lakeWhitefish,3.913229911201621,-7.474691888969264,4.043181860708584
LWF001,lakeWhitefish,2.809157488075459,-7.543811447244525,3.792705023114176
LWF001,lakeWhitefish,-2.0611402909852647,-11.445553537723717,5.0481105082279765
LWF001,lakeWhitefish,0.203505810561475,-9.332298030009715,3.5440729909560726
LWF001,lakeWhitefish,4.8965076274874555,-10.094858286617225,3.9113289883554487
LWF001,lakeWhitefish,7.858090653609962,-8.358710157776352,3.8785099843714232
LWF001,lakeWhitefish,5.1390074215857755,-10.8685530119027,5.554959435311928
LWF001,lakeWhitefish,3.7723683063783247,-9.67192170390027,5.17733086866475
LWF001,lakeWhitefish,3.065248960865556,-7.909745918835998,5.918192184043143
LWF001,lakeWhitefish,-21.25085051008076,-0.8263475866586498,-3.7748298565253045
LWF001,lakeWhitefish,-16.806707937721526,0.6507689408778745,-4.015587967337609
LWF001,lakeWhitefish,-13.813758647609541,0.00658385625108826,-3.246320095311936
LWF001,lakeWhitefish,-11.40388444796596,-1.8557995904361482,2.055460243806504
LWF001,lakeWhitefish,-9.989262768622567,-1.9680757463469214,1.2490317717719295
LWF001,lakeWhitefish,-11.48381445578408,-2.736473398906104,1.0078024117796516
LWF001,lakeWhitefish,-11.63350691756418,-0.9845808314367326,2.3987720263208168
LWF001,lakeWhitefish,-11.313566641632077,1.305656329359278,-4.629226557505256
LWF001,lakeWhitefish,-17.42997229953488,-0.6822919377406298,-7.327407556988309
LWF001,lakeWhitefish,-12.12635880791921,-0.787915733841448,1.6940651413609837
LWF001,lakeWhitefish,-12.138727287845734,-0.24478286431466234,-0.4864728402930525
LWF001,lakeWhitefish,-11.805198020039846,0.16642730545762463,-2.5062519765678655
LWF001,lakeWhitefish,-12.36430207195588,-0.8992846494563407,0.9299582385964862
LWF001,lakeWhitefish,-13.3536221820089,-2.903464949496699,-0.6495489768994052
LWF001,lakeWhitefish,-11.960700229108488,-1.1709597382905816,2.7447525687183782
LWF001,lakeWhitefish,-16.972312122694373,-3.9854595689219603,2.22123379742001
LWF001,lakeWhitefish,-15.118791134401086,-1.8652905963029855,1.750412187912088
LWF001,lakeWhitefish,-15.253697676434834,-1.2131140939384748,0.2768541180770452
LWF001,lakeWhitefish,-18.61554803909737,-1.4248691536022253,-0.9077137352071372
LWF001,lakeWhitefish,-18.134845307540523,-0.8206166026379695,-2.103758512438411
LWF001,lakeWhitefish,-15.65721770618936,-2.335126176980483,1.058147089569431
LWF001,lakeWhitefish,-12.973600880793798,-0.8578195098409322,0.19611715442118705
LWF001,lakeWhitefish,-11.733184760095469,-0.8434739886511018,3.138212523043604
LWF001,lakeWhitefish,-14.507406744823507,-2.867713343186328,3.114256524755685
LWF001,lakeWhitefish,-11.325626157675277,-1.2872945016717856,3.100242988267552
LWF001,lakeWhitefish,-9.822220498776055,-0.6011560433851693,0.3210883137488738
LWF001,lakeWhitefish,-10.096503635746863,0.423483652483311,-2.6337907452171643
LWF001,lakeWhitefish,-11.781977452675541,-0.3465331201545041,1.471223892462108
LWF001,lakeWhitefish,-9.874089803352787,-0.04428201138154364,2.7292834771479333
LWF001,lakeWhitefish,-7.976549082880675,0.0374184249167524,3.795347064001021
LWF001,lakeWhitefish,-7.540676410167595,-0.4328623911018241,4.260119814885205
LWF001,lakeWhitefish,-6.527942870089859,0.4703608321240287,3.272175338741559
LWF001,lakeWhitefish,-12.721930053969686,-2.934230578776755,5.946038906925643
LWF001,lakeWhitefish,-18.28542066630085,-4.5226920189614646,6.946394266354747
LWF001,lakeWhitefish,-14.09832116764256,-3.679321313967458,5.246475898768661
LWF001,lakeWhitefish,-8.960344186093447,-2.4685671866691954,3.8949023368559357
LWF001,lakeWhitefish,-8.6487163854564,-0.8427286360495347,3.66953244250989
LWF001,lakeWhitefish,-13.96855910057625,-1.8688554602556129,3.698926770261435
LWF001,lakeWhitefish,-12.821760005481371,-0.6321533057967179,2.7978743219737994
LWF001,lakeWhitefish,-10.597477610630616,-1.2973646317341134,0.7781760793685524
LWF001,lakeWhitefish,-10.801798236055706,-2.081102958771855,-4.651415669187374
LWF001,lakeWhitefish,-9.896294287752104,-0.7577512841883547,3.621166037096803
LWF001,lakeWhitefish,-12.535434351240115,-1.9923053093278105,5.300778727256306
LWF001,lakeWhitefish,-12.675348399484148,-2.363811186292902,4.982730519630816
LWF001,lakeWhitefish,-7.668242550858364,0.6045970685887474,4.919285646487177
LWF001,lakeWhitefish,-7.827174782844765,-0.5964462205642143,2.6588846770810246
LWF001,lakeWhitefish,-11.003249958322277,-1.2596792945363906,3.675554235815776
LWF001,lakeWhitefish,-19.13568109728135,-6.592856466658285,5.687014940505379
LWF001,lakeWhitefish,-13.568644759458003,-0.6215183523512515,5.96001377333705
LWF001,lakeWhitefish,-8.753769174653941,-2.0878876705631297,5.194393344839002
LWF001,lakeWhitefish,-7.486360905040903,-1.3401313360495464,2.594976269870225
LWF001,lakeWhitefish,-5.451026326785794,-0.6579611510543939,3.921150782206773
LWF001,lakeWhitefish,-6.086595225317534,0.19282471072248875,3.8201621868276985
LWF001,lakeWhitefish,-15.206746099538769,-1.2916566014659283,-2.968519182459176
LWF001,lakeWhitefish,-18.209536715991376,-3.108952915973163,-3.8436785554815174
LWF001,lakeWhitefish,-18.680651523753983,-6.8234736920454635,-3.358958617070317
LWF001,lakeWhitefish,-16.01956862069892,-4.158318684696369,-4.0974597822657275
LWF001,lakeWhitefish,-5.895608746417482,-2.387081888326829,1.5375412102466322
LWF001,lakeWhitefish,-4.22799422707368,-2.5422901385374037,3.7479203453669374
LWF001,lakeWhitefish,-8.579442483885856,-2.7921226443958123,0.3680170181545277
LWF001,lakeWhitefish,-10.869554806371525,-1.6052206733100025,1.8213802905762315
LWF001,lakeWhitefish,-12.027475467015092,-2.8124940736003365,2.173354900871174
LWF001,lakeWhitefish,-15.262663364142362,-7.117672106904143,-0.4514454481685375
LWF001,lakeWhitefish,-13.836564934778856,-5.267001721549303,-0.3947280241856408
LWF001,lakeWhitefish,-15.3320994067471,-5.393921972547407,1.6384260479996826
LWF001,lakeWhitefish,-14.538959923888822,-4.043538284517151,0.6569055421193943
LWF001,lakeWhitefish,-15.260331655086464,-4.1611331748454266,-3.6323501749117217
LWF001,lakeWhitefish,-10.853374169666735,-1.5551097013606026,0.08480885857770737
LWF001,lakeWhitefish,-7.556693566590449,-2.3363349168906304,2.306264504589545
LWF001,lakeWhitefish,-8.18807962436076,-1.4678427424267406,-0.4099133010745084
LWF001,lakeWhitefish,-10.363026148418491,-4.256826153545905,1.3761191075332229
LWF001,lakeWhitefish,-7.940953845423801,-1.0778324078559767,0.729493823933711
LWF001,lakeWhitefish,-6.33698069404601,-5.925441128379102,4.5561727538328896
LWF001,lakeWhitefish,-5.199577543819183,-6.504046457874332,4.674627808939437
LWF001,lakeWhitefish,-4.889629742902659,-3.282685039063991,4.784038816938722
LWF001,lakeWhitefish,-8.98456122893837,-5.034718486601262,1.880128703722393
LWF001,lakeWhitefish,-3.4610460549705957,-2.564497183317967,3.572034959493096
LWF001,lakeWhitefish,0.5958402316248508,-4.173015652296725,5.371489522403288
LWF001,lakeWhitefish,1.9097220692695263,-4.193930028556483,4.750086997028589
LWF001,lakeWhitefish,1.8017581151927038,-3.3723611187964107,4.054320991864688
LWF001,lakeWhitefish,-9.537536201634149,-9.264226137076783,6.347787868696736
LWF001,lakeWhitefish,-5.784617488132142,-3.084845429898431,2.853270677703514
LWF001,lakeWhitefish,-4.595627180932613,-5.217922582841512,4.472086005931459
LWF001,lakeWhitefish,-4.573808867544841,-5.056982447315358,3.2751889266024543
LWF001,lakeWhitefish,-8.5547138325594,-2.5139661721762665,0.2542236295113085
LWF001,lakeWhitefish,-10.714398291803397,-3.4431093220399265,-1.1726276560920708
LWF001,lakeWhitefish,-9.923182412415475,-3.1637470036732163,-1.5896451499593751
LWF001,lakeWhitefish,-6.729418296131003,-4.230216714702463,1.4432178413612458
LWF001,lakeWhitefish,-6.12637611603627,-6.130375429932265,3.0178152616548575
LWF001,lakeWhitefish,-6.981994258900116,-3.0129952312447896,1.291625540310939
LWF001,lakeWhitefish,-10.793237651629694,-3.968234127299862,-0.7171382058093219
LWF001,lakeWhitefish,-12.72970819143233,-7.16553431563281,-0.5902212331330308
LWF001,lakeWhitefish,-9.469745350155275,-4.1350709413920645,0.8259489793423982
LWF001,lakeWhitefish,-9.866325546145069,-5.593351625278429,-1.168739166098815
LWF001,lakeWhitefish,-11.406005574764848,-6.072767646435981,-0.5476113435432257
LWF001,lakeWhitefish,-13.497389129503599,-6.199579781941344,-1.9643402291826568
LWF001,lakeWhitefish,-13.862935786145705,-5.220850862412895,-1.2410303200403816
LWF001,lakeWhitefish,-9.152066008569415,-7.954783280712217,0.04761318021023753
LWF001,lakeWhitefish,-5.659091690992446,-7.024592885839583,2.2468855748417496
LWF001,lakeWhitefish,-11.249259064916567,-9.385555078163089,0.07990581623924475
LWF001,lakeWhitefish,-12.20275890539821,-3.801609374918712,0.39701847598710316
LWF001,lakeWhitefish,-8.278051329745315,-4.745229944864211,1.1545172498544019
LWF001,lakeWhitefish,-6.058732407344648,-7.785543038941208,2.3783530014575733
LWF001,lakeWhitefish,-5.404606015371792,-4.986794403004561,1.3622171028557992
LWF001,lakeWhitefish,-8.170752124212171,-3.2644277854949,-0.060600820633788466
LWF001,lakeWhitefish,-9.043865895706166,-3.933123972286581,-0.860901809101339
LWF001,lakeWhitefish,-5.5805983890906665,-8.67867708241875,2.020628584873492
LWF001,lakeWhitefish,-7.000500694888261,-13.986530749711854,5.845785527293717
LWF001,lakeWhitefish,-3.525445695204036,-9.282711053605425,2.463489627467729
LWF001,lakeWhitefish,-6.863865394279291,-9.029092003551346,2.8507347030736065
LWF001,lakeWhitefish,-7.4741288960778505,-8.820223834910747,2.9801171576221144
LWF001,lakeWhitefish,-3.7173378172499536,-8.305694569585883,0.8615347399819145
LWF001,lakeWhitefish,-1.8675486397757375,-7.5839487084329305,1.0894783752900592
LWF001,lakeWhitefish,-3.757857395411385,-6.919230541066734,0.5127485570828262
LWF001,lakeWhitefish,-5.620202677789686,-4.156895351919276,-1.7597833104207439
LWF001,lakeWhitefish,-6.235737937414852,-6.6023412098754335,-2.0006077075151594
LWF001,lakeWhitefish,-5.098655736278565,-10.660469728540033,1.5933284601932076
LWF001,lakeWhitefish,-3.212163238928254,-9.768232365864787,0.5141711247504881
LWF001,lakeWhitefish,-4.011437026024275,-7.684190284725791,0.16168405997990254
LWF001,lakeWhitefish,-6.315818835853225,-7.102049024809804,-1.2884420912043804
LWF001,lakeWhitefish,-4.455160027995019,-7.767879908960225,-0.6986299609266606
LWF001,lakeWhitefish,-2.4428925343939274,-8.421166402730567,-1.7240166038657172
LWF001,lakeWhitefish,-1.8109716277099226,-7.348823266430896,-1.2488745447045415
LWF001,lakeWhitefish,-2.52730010758029,-0.5937004273942379,-5.265706480279657
LWF001,lakeWhitefish,-1.6541805169544388,-3.6337074406244128,-6.809870772203814
LWF001,lakeWhitefish,1.111527181626001,-6.124203328216795,-2.7941856251949355
LWF001,lakeWhitefish,0.2899823406119231,-6.9440618238108405,-1.6771157811113209
LWF001,lakeWhitefish,-6.802013398683101,-12.735910403351376,1.991513639261322
LWF001,lakeWhitefish,-2.9426462962445874,-9.78313631937933,-1.5202886217122247
LWF001,lakeWhitefish,2.555523067808626,-7.681258930197316,-5.105692928130537
LWF001,lakeWhitefish,6.238484143504238,-6.47224956843458,-5.510596691181479
LWF001,lakeWhitefish,4.13486499400125,-7.145003502302279,-7.553293671767024
LWF001,lakeWhitefish,6.456705131470682,-3.9727876177910053,-5.113053341587667
LWF001,lakeWhitefish,9.32157186522703,-5.7410855307749085,-3.3444988422147155
LWF001,lakeWhitefish,16.85179790116512,-2.4935087619382936,-3.774846948435948
LWF001,lakeWhitefish,15.304989731276525,-4.339764390546254,-2.758065550712482
LWF001,lakeWhitefish,18.46127105242028,-2.3285262506924918,-1.180001627514708
LWF001,lakeWhitefish,22.856108800860984,1.9914152368451097,-4.7672447066482135
LWF001,lakeWhitefish,20.017714283814172,-0.32041037076475654,-7.615525686192784
LWF001,lakeWhitefish,11.069614198158405,-7.101561695315649,-8.672069543309211
LWF001,lakeWhitefish,12.134763210106538,-4.921190885410628,-6.339787047368337
LWF001,lakeWhitefish,9.949926704386817,-5.765825043481701,-6.525650175493035
LWF001,lakeWhitefish,8.420820664357581,-6.168940434899396,-3.71823063538829
LWF001,lakeWhitefish,-0.6226075678593535,-7.998135030339807,-1.3488554851934293
LWF001,lakeWhitefish,-2.9432267364627034,-9.382423206385567,-1.2352920261570328
LWF001,lakeWhitefish,-0.7124000665063202,-5.9125896738682755,-8.875564114791857
LWF001,lakeWhitefish,0.4658351395116324,-5.321930551639231,0.47017756784414233
LWF001,lakeWhitefish,1.4259926251775998,-4.823214872664341,0.6370858468492773
LWF001,lakeWhitefish,1.8003742100926532,-2.9472220697614246,-2.956360600257626
LWF001,lakeWhitefish,0.7370467589423115,-4.879713000480832,-3.220647962394403
LWF001,lakeWhitefish,0.3708012050653071,-5.067878055867208,-3.95955088350184
LWF001,lakeWhitefish,2.457605219649606,-2.5625067034493565,-6.049368319407625
LWF001,lakeWhitefish,3.953247433004058,-0.9206451907297885,-5.794403118338866
LWF001,lakeWhitefish,3.9413181566022013,-1.3986140924497141,-5.88197133898932
LWF001,lakeWhitefish,5.796839096861805,-1.3758497881187943,-1.1985408838487905
LWF001,lakeWhitefish,5.832660895402363,-0.7606397587075345,-5.785192564725788
LWF001,lakeWhitefish,7.871842922931979,1.6756884042842586,-3.8970629214198125
LWF001,lakeWhitefish,7.8150696305908305,2.0746067956949092,-6.656621090584826
LWF001,lakeWhitefish,9.262945285684411,2.4364984504585903,-1.936417945106882
LWF001,lakeWhitefish,9.487121401693567,2.191883333697149,-2.75511814758638
LWF001,lakeWhitefish,9.139700174604297,2.377010533279884,-3.477818043983704
LWF001,lakeWhitefish,7.900133335445572,1.9164975593601894,-4.371426396991156
LWF001,lakeWhitefish,9.616525085012626,3.63812433517907,-0.5269326618495165
LWF001,lakeWhitefish,8.972606835731693,2.064539636708921,-0.9627288052368712
LWF001,lakeWhitefish,7.811420253219527,0.7618956147759854,0.9650700392159814
LWF001,lakeWhitefish,9.02250752294498,2.138971443647882,-1.8333326304577584
LWF001,lakeWhitefish,10.551550214154222,3.281478268970654,2.81629342646601
LWF001,lakeWhitefish,10.032749213124452,3.297926666963618,0.5182501203717456
LWF001,lakeWhitefish,4.794039435795948,-0.8399059054591385,-2.6847434766941687
LWF001,lakeWhitefish,5.763753664807345,-0.18572741032521511,0.8050481358601438
LWF001,lakeWhitefish,5.323308342419819,-0.844802403078426,-1.6520373046256627
LWF001,lakeWhitefish,6.694766009317567,1.7754372703918173,-2.6886818267756145
LWF001,lakeWhitefish,3.7995438831964155,-1.7931564446127386,-0.738429211496338
LWF001,lakeWhitefish,5.571632016971523,-0.8511483240389908,-1.0311176347260025
LWF001,lakeWhitefish,6.080287826228238,-0.7669979474915146,-1.4700439713960696
LWF001,lakeWhitefish,6.966451937297028,1.5474709085059115,-1.7969255182567763
LWF001,lakeWhitefish,6.5508937749074505,0.2218784374200493,-0.010175155524483781
LWF001,lakeWhitefish,8.005627380575067,1.6970866697068847,0.13814083385436815
LWF001,lakeWhitefish,7.473321696401905,0.3638646941106287,-1.5436680457378056
LWF001,lakeWhitefish,5.5562221753383705,-1.4126436772255024,1.001834719414825
LWF001,lakeWhitefish,4.64585098375461,-2.0117340719246926,1.443745999665103
LWF001,lakeWhitefish,4.467384757476154,-2.097551040923882,1.5968490441006007
LWF001,lakeWhitefish,4.008211890061014,-2.674347973903164,2.0917087816421214
LWF001,lakeWhitefish,4.9018788144685415,-1.92184568252028,1.2646374217080625
LWF001,lakeWhitefish,1.8281408900208067,-4.176535657730045,2.2244566086604376
LWF001,lakeWhitefish,2.598717384882463,-2.863996385879411,2.0216507993514226
LWF001,lakeWhitefish,2.2072893742062845,-3.496237268116539,0.9608265212535996
LWF001,lakeWhitefish,4.596727480941523,-1.9938682981071267,0.8637948862157667
LWF001,lakeWhitefish,2.9256419032478207,-2.6690354055089185,1.1284032010959697
LWF001,lakeWhitefish,1.602501968583059,-3.40739786906059,1.015285787728534
LWF001,lakeWhitefish,1.4560184335596917,-3.375071693734923,3.147859042094348
LWF001,lakeWhitefish,1.6147262688011264,-3.001496464196455,1.8890890238282612
LWF001,lakeWhitefish,1.9500183973727847,-2.0980509963070615,3.399572885969615
LWF001,lakeWhitefish,1.7478131728434463,-2.364936844633567,1.6856451929904508
LWF001,lakeWhitefish,0.9599265224346765,-2.4975621239052925,4.091481567061539
LWF001,lakeWhitefish,0.7516225615820823,-0.4412837272712258,1.4551855950443633
LWF001,lakeWhitefish,4.3099082371806645,2.643846853980554,-1.7137271512199836
LWF001,lakeWhitefish,3.5573622617647587,2.6600077277968577,-2.6813588872501795
LWF001,lakeWhitefish,5.876616513688145,6.144919998959466,-0.6132718522064351
LWF001,lakeWhitefish,5.719710706692101,6.531547490388109,0.1462732816999135
LWF001,lakeWhitefish,4.729757894764644,6.489674073674795,-1.1683455244953076
LWF001,lakeWhitefish,4.788002463567066,7.308814879434217,-1.6928669118172142
LWF001,lakeWhitefish,4.91917335527234,7.65214987094593,-1.5308125844096772
LWF001,lakeWhitefish,4.641860114555136,8.531970492335674,-2.3708632384127633
LWF001,lakeWhitefish,5.3267249587903684,9.353984704969104,-1.2542431486598622
LWF001,lakeWhitefish,5.359872054265354,11.044791119222527,-0.8090880835181307
LWF001,lakeWhitefish,5.331652283224704,11.88687421259947,-0.39199821185022055
LWF001,lakeWhitefish,5.978862712781114,11.00733923806643,-0.8068091517426401
LWF001,lakeWhitefish,5.60377729046923,11.252046430895241,-0.2276215288186556
LWF001,lakeWhitefish,5.125732661305431,10.589592678011623,-0.5586325010484319
LWF001,lakeWhitefish,5.040869042172461,11.116103596578741,-0.2420720976553823
LWF001,lakeWhitefish,5.160370795437542,10.417036788456684,0.5477602322120991
LWF001,lakeWhitefish,3.090144772583871,9.279606681835379,-2.3382289467168618
LWF001,lakeWhitefish,4.435196436362181,10.51669826310829,-1.4806644559387454
LWF001,lakeWhitefish,3.644330916709248,9.464680411965775,-0.7114832226491765
LWF001,lakeWhitefish,3.3560455468764543,9.20733435980024,-1.9730020251961544
LWF001,lakeWhitefish,3.3673425895343705,9.320584051517498,-2.4805568774885143
LWF001,lakeWhitefish,3.043928688632511,8.61853027160159,-4.2722099551827455
LWF001,lakeWhitefish,4.826135958663246,9.411848223763982,-2.0015347297699737
LWF001,lakeWhitefish,4.090592266978269,8.149959906423627,-2.908754352018978
LWF001,lakeWhitefish,4.5390497997434185,9.268959006932153,-3.3830844855168496
LWF001,lakeWhitefish,6.434722735834045,10.37586059150651,-3.174928582076286
LWF001,lakeWhitefish,8.010640747952118,11.293682733618306,0.14783850266681364
LWF001,lakeWhitefish,5.747407731097958,10.186574593121756,-5.731866080822659
LWF001,lakeWhitefish,8.827337867078604,11.807191370747145,-0.6068172460646188
LWF001,lakeWhitefish,7.883172754447448,11.205337132228522,-3.9483714546441213
LWF001,lakeWhitefish,8.062814263215579,10.733272754469944,-2.876198860292743
LWF001,lakeWhitefish,9.160887325268508,10.744917179821702,1.2009119242692292
LWF001,lakeWhitefish,8.486224705886656,9.905674698156453,-1.5271209926848228
LWF001,lakeWhitefish,9.678415907432196,10.28876177222048,0.2129895008558247
LWF001,lakeWhitefish,10.29946279699739,10.221283009862724,1.8495828261878136
LWF001,lakeWhitefish,7.891553026250337,8.706366224771333,-3.697420574695014
LWF001,lakeWhitefish,8.068395191482118,8.47172810046193,-0.6373463847998533
LWF001,lakeWhitefish,7.906698684963188,8.545830464108885,0.7384372822544489
LWF001,lakeWhitefish,7.592206745122962,8.77939346507108,-0.7188275199335505
LWF001,lakeWhitefish,8.08698132255962,9.174546726136962,0.6342317557466761
LWF001,lakeWhitefish,9.030682977469024,10.22402338037962,0.8425694630017708
LWF001,lakeWhitefish,9.896394140822355,11.126337015107282,1.205111799330659
LWF001,lakeWhitefish,10.747849589543048,11.789193038660988,1.6280017289632176
LWF001,lakeWhitefish,11.181251732074328,12.175978967352616,1.5591259018042618
LWF001,lakeWhitefish,11.081690247481022,12.735544407510819,-0.8362111598336699
LWF001,lakeWhitefish,12.128330830637703,14.119220992498425,0.9602879175735861
LWF001,lakeWhitefish,11.422987780051118,14.404919403252837,-0.7807112157422358
LWF001,lakeWhitefish,11.427258678836925,14.850928102883978,0.16552639325427076
LWF001,lakeWhitefish,11.55681418984693,15.34549580835008,1.6891606968946302
LWF001,lakeWhitefish,10.281800843131084,13.939458547560527,-0.478722858278235
LWF001,lakeWhitefish,10.31701350929038,13.554457241611804,2.5303936517954657
LWF001,lakeWhitefish,8.67387216160703,12.401990961075644,0.030826890001301344
LWF001,lakeWhitefish,8.182289731499665,12.979202055866672,0.08879166267149552
LWF001,lakeWhitefish,6.751811808325671,12.257842243037615,-2.2834402028262035
LWF001,lakeWhitefish,7.223733433440886,12.032619080721961,-2.3151280078411007
LWF001,lakeWhitefish,8.119190236753589,12.794629020263299,0.6748760916488385
LWF001,lakeWhitefish,8.00206292150289,12.27876328512045,-0.033578922792685706
LWF001,lakeWhitefish,8.989167921508269,13.887892383435775,1.617652673087946
LWF001,lakeWhitefish,11.469268308984503,16.18101361599004,0.503317735673722
LWF001,lakeWhitefish,11.212046229967093,15.666133488500884,-1.508014918276078
LWF001,lakeWhitefish,10.71094063273155,13.845299475934844,-2.9326236973806554
LWF001,lakeWhitefish,10.87360429197744,12.236457564162338,0.959522468956763
LWF001,lakeWhitefish,11.10783434571094,11.647391124394204,3.654421419078859
LWF001,lakeWhitefish,11.64293022520495,11.745384659944346,2.6621756836379866
LWF001,lakeWhitefish,11.32830312380963,12.325057578646764,2.7574881282505457
LWF001,lakeWhitefish,10.075291384866714,12.125761546360021,0.9870780906788408
LWF001,lakeWhitefish,10.354103048538752,12.455717972878933,0.8630061186224021
LWF001,lakeWhitefish,11.19998402452739,12.751814614227488,2.1485291259058643
LWF001,lakeWhitefish,13.248329350776656,14.546486416926822,3.2259000850612622
LWF001,lakeWhitefish,13.842260589590742,16.001039202891874,4.067105372206306
LWF001,lakeWhitefish,13.821699010445837,16.741958304857583,3.2514668869377292
LWF001,lakeWhitefish,14.067846551854894,17.467066706163106,3.5872475239077275
LWF001,lakeWhitefish,13.04657615021374,18.06378824204728,2.482100233005564
LWF001,lakeWhitefish,11.353707340849725,17.835181251841593,0.573230478125704
LWF001,lakeWhitefish,11.808018097288485,16.973187442358814,3.1194197964225383
LWF001,lakeWhitefish,12.318427110226043,16.922935628103513,3.405820795016931
LWF001,lakeWhitefish,11.928485296440481,16.52636269234031,2.0700445566712284
LWF001,lakeWhitefish,12.256611084022992,17.272123477007707,2.4449869323079705
LWF001,lakeWhitefish,10.963510712468985,16.31479887891445,1.6855867090830783
LWF001,lakeWhitefish,10.397040625422962,15.365327685918494,1.2173434795790365
LWF001,lakeWhitefish,11.684041521893253,16.372005307503645,4.3009809733329645
LWF001,lakeWhitefish,10.72517952268232,16.320369691626226,3.009355208477049
LWF001,lakeWhitefish,12.403492464771261,17.829397293049745,5.4558244229858035
LWF001,lakeWhitefish,12.841499597189223,18.40133180744874,2.192956682802704
LWF001,lakeWhitefish,14.875653986015207,19.535583721417648,5.167432433402853
LWF001,lakeWhitefish,14.700545284427076,19.99385545664223,4.088326968655103
LWF001,lakeWhitefish,13.906239471261777,19.111435386010683,5.5552478528046105
LWF001,lakeWhitefish,13.7360704994196,18.623919828108384,4.659004935308287
LWF001,lakeWhitefish,11.763467302133236,18.78203790799907,4.146588499080319
LWF001,lakeWhitefish,11.921221914385342,19.27680633434088,1.2384207641727825
LWF001,lakeWhitefish,11.576472353687493,18.617482828308958,4.423242367757069
LWF001,lakeWhitefish,8.765865498284606,16.509575806473357,3.3359785829786124
LWF001,lakeWhitefish,10.66172494004072,17.83865838257246,4.941113032509792
LWF001,lakeWhitefish,11.461209481912046,18.17586586282359,5.016154110114384
LWF001,lakeWhitefish,11.927074246695817,18.51718688513627,5.223620270699578
LWF001,lakeWhitefish,12.095591328828878,19.099034046369994,4.03006272684969
LWF001,lakeWhitefish,12.151689927319392,19.21671532238622,4.549499166495683
LWF001,lakeWhitefish,7.097816407054894,17.31203296865467,3.3995439157196827
LWF001,lakeWhitefish,-9.645242618926318,-8.419722696483472,3.753396540420635
LWF001,lakeWhitefish,-8.607233353310026,-7.886776081215582,1.7633646128253453
LWF001,lakeWhitefish,-8.84977151070829,-6.093507925903255,2.4342568125405415
LWF001,lakeWhitefish,-7.521828945866095,-5.246857278844205,1.792279395081519
LWF001,lakeWhitefish,-9.08756477505038,-6.8270988605915015,3.345732941487183
LWF001,lakeWhitefish,-7.5397361845758635,-6.790941398319857,3.4968850786431416
LWF001,lakeWhitefish,-7.902666531468003,-7.144781612397807,2.8371026232284993
LWF001,lakeWhitefish,-8.787436949491497,-6.859290475355259,2.8573502419391925
LWF001,lakeWhitefish,-8.825088079680723,-7.567622771693966,3.490096767123483
LWF001,lakeWhitefish,-9.912037569068795,-7.212569835752449,3.304319052955065
LWF001,lakeWhitefish,-8.459635034229175,-4.380421255551612,2.4096066066771016
LWF001,lakeWhitefish,-8.702346847398779,-4.326595689431293,2.0278827939931006
LWF001,lakeWhitefish,-6.873827573784079,-6.4943017934830145,3.3992936900624886
LWF001,lakeWhitefish,-6.406772306686454,-5.935424340487449,1.792269935207846
LWF001,lakeWhitefish,-6.617861749377559,-6.852832990174877,2.915885834411027
LWF001,lakeWhitefish,-5.753585976506569,-6.025089042879809,2.6181998073926818
LWF001,lakeWhitefish,-7.771256981378071,-6.167397163796907,2.123992991467613
LWF001,lakeWhitefish,-7.254485654065237,-5.75032693525872,1.821317250043301
LWF001,lakeWhitefish,-7.248033438871515,-5.749431695711258,0.9199505756370565
LWF001,lakeWhitefish,-7.761093062686469,-5.703302747757227,1.2680076169473151
LWF001,lakeWhitefish,-7.340643240971077,-3.8480448597032444,1.0299386448711423
LWF001,lakeWhitefish,-7.993802659478011,-4.692123325207639,3.082860079657021
LWF001,lakeWhitefish,-10.35535123942531,-5.990951753073277,1.9804334568391135
LWF001,lakeWhitefish,-12.507664503332057,-9.730775114348972,4.0485226939777474
LWF001,lakeWhitefish,-11.24543106257249,-10.229799887777745,2.931149229330563
LWF001,lakeWhitefish,-10.477383535967919,-10.17812078665548,3.7650766069811663
LWF001,lakeWhitefish,-5.887098552262726,-7.980557302337412,3.2389467160645498
LWF001,lakeWhitefish,-5.9015919144724585,-9.228947973688223,3.3010597980771372
LWF001,lakeWhitefish,-6.521018760883511,-7.9364939859846,2.1571546199416454
LWF001,lakeWhitefish,-7.51571133794876,-7.715803505320437,-4.789588423024313
LWF001,lakeWhitefish,-7.899017656311569,-8.08942566903995,-1.9907616293568084
LWF001,lakeWhitefish,-4.916552920324362,-6.399641851054954,0.8251843201536614
LWF001,lakeWhitefish,-4.908488247277953,-7.628908430214235,0.19580684536120918
LWF001,lakeWhitefish,-5.75468324105547,-6.28260798079911,1.0434040399544255
LWF001,lakeWhitefish,-2.250721473127374,-3.8970474550759704,-0.5696104757094862
LWF001,lakeWhitefish,-4.201345110388371,-4.511503405962082,-4.205907504289034
LWF001,lakeWhitefish,-1.3434542688039612,-6.409701706214861,-0.635440626274161
LWF001,lakeWhitefish,-1.1854028445825509,-9.859326121973188,4.244143059285352
LWF001,lakeWhitefish,2.5059276986097974,-7.207932235322016,1.4357478551295977
LWF001,lakeWhitefish,3.2710364259626608,-8.208149940548056,2.5490939212587893
LWF001,lakeWhitefish,5.658702457691146,-6.643502263405659,1.8964998491145746
LWF001,lakeWhitefish,7.683059306803782,-6.85802039167952,0.9616902320663092
LWF001,lakeWhitefish,8.710294149501511,-8.018387691522765,2.8060397550550737
LWF001,lakeWhitefish,9.074707686637403,-7.711563475192232,2.068184058984251
LWF001,lakeWhitefish,8.701219070181002,-6.966317261064653,1.604754487426385
LWF001,lakeWhitefish,5.313411929171293,-8.521112243134638,3.5174464300196187
LWF001,lakeWhitefish,8.59670890312875,-7.759659396558548,0.8840969474638416
LWF001,lakeWhitefish,13.363316384921456,-2.308459468304061,-1.1579185414553952
LWF001,lakeWhitefish,4.579733778421099,-6.646760776464949,3.7660133790550727
LWF001,lakeWhitefish,4.80617381610145,-4.6719593133155275,2.5332958824464757
LWF001,lakeWhitefish,3.9586396237877697,-3.7130030741582654,0.7200757331291736
LWF001,lakeWhitefish,1.663697228706261,-2.9102597170873326,2.2968882896927774
LWF001,lakeWhitefish,-3.781898254962984,-0.5970153178794739,1.371809688112525
LWF001,lakeWhitefish,-4.135224308997352,-2.1677010438600828,2.842872847612465
LWF001,lakeWhitefish,-0.9357280500101475,-1.2805097337104163,2.2389252418039787
LWF001,lakeWhitefish,-12.239755717858907,-3.7226253983814055,-0.9594849757019084
LWF001,lakeWhitefish,-11.051357860671333,-4.647624189051941,-0.9474778182568269
LWF001,lakeWhitefish,-9.783398428291502,-1.2576461017261544,1.6585472124544138
LWF001,lakeWhitefish,-9.596470524058109,0.2621751829235769,2.081817680789959
LWF001,lakeWhitefish,-9.603263789595712,0.30184655089194257,0.2728107099617696
LWF001,lakeWhitefish,-15.159180216288686,0.9924590770145252,2.752926642720996
LWF001,lakeWhitefish,-14.709889154553705,2.6733805859719695,1.9985465837041605
LWF001,lakeWhitefish,-20.995676988604025,1.4630956032818592,-5.14310431205167
LWF001,lakeWhitefish,-21.819458902470668,-0.964525250386739,-9.087025325017763
LWF001,lakeWhitefish,-25.565303593270063,0.38757066695742903,-4.982064555579757
LWF001,lakeWhitefish,-29.279150205098553,1.9270042233969855,-5.987745686639738
LWF001,lakeWhitefish,-31.376479724823067,3.7662487934003774,-1.2821435675626436
LWF001,lakeWhitefish,-27.641341204883705,-3.285360492342055,-5.774993730039817
LWF001,lakeWhitefish,-22.64723093339564,2.678945904771047,-2.1429435860703983
LWF001,lakeWhitefish,-19.790735861397273,1.6011534949162964,-1.7887167058333144
LWF001,lakeWhitefish,-17.927728345604603,3.4758429956741153,0.0747833662192452
LWF001,lakeWhitefish,-21.24168277491414,4.642285767995865,-2.4937044622965265
LWF001,lakeWhitefish,-24.32104117543307,5.940393378080888,-3.212105580368144
LWF001,lakeWhitefish,-24.256060197404032,5.395579358476979,-2.8586285384477055
LWF001,lakeWhitefish,-23.989989106653965,6.66463247889263,-4.404722073289065
LWF001,lakeWhitefish,-22.939713963023404,7.560906821500911,-3.540822357627584
LWF001,lakeWhitefish,-21.74838081364991,6.553545235871997,-3.299508978359576
LWF001,lakeWhitefish,-20.48762965321824,6.371993353824104,-0.5777521550375244
LWF001,lakeWhitefish,-24.1439667908874,8.999078268028768,-4.129304766439342
LWF001,lakeWhitefish,-22.415546398317062,8.328531694207841,-4.140612877578265
LWF001,lakeWhitefish,-18.461563945596147,7.131709326868306,-4.021677767813242
LWF001,lakeWhitefish,-20.24331697708522,9.944852324992612,-1.3857200781735006
LWF001,lakeWhitefish,-18.424497909584048,8.975426961848498,-0.13710026817054644
LWF001,lakeWhitefish,-20.776936263791008,8.993253216962627,1.954214434458963
LWF001,lakeWhitefish,-27.435513121051038,6.663547507728001,2.4233647525397206
LWF001,lakeWhitefish,-25.011639226746645,2.696858645944457,-1.0584587410536015
LWF001,lakeWhitefish,-13.17460991746242,5.828445694411201,4.977167456487779
LWF001,lakeWhitefish,-10.722874459545881,9.482890084318576,4.209916008852494
LWF001,lakeWhitefish,-5.670651224090884,10.842363958635808,1.142836386615808
LWF001,lakeWhitefish,-5.709446943570729,8.518439459110002,6.895101559696201
LWF001,lakeWhitefish,-7.923812983308759,10.127790208600507,5.538906951423607
LWF001,lakeWhitefish,-3.7271840078336917,12.795032455850425,3.3566795437219192
LWF001,lakeWhitefish,-12.860865912519355,10.84325580446539,5.721067897960909
LWF001,lakeWhitefish,-21.42145463251191,3.3693885151111265,5.388557598207155
LWF001,lakeWhitefish,-18.88358004764816,4.133771863365,3.4305098126826286
LWF001,lakeWhitefish,-19.28230006497721,1.1711085343842083,-4.226665648608352
LWF001,lakeWhitefish,-18.514595553661938,-1.1494163541449227,-2.575385935977632
LWF001,lakeWhitefish,-19.721397058807803,0.7976296673733989,-2.030501861613012
LWF001,lakeWhitefish,-16.01528932269048,3.5464830767745195,-2.3334194208900128
LWF001,lakeWhitefish,-13.468097013261644,1.320364655872872,4.019454720623893
LWF001,lakeWhitefish,-12.079799429767519,0.7864690521806303,4.655058473901642
LWF001,lakeWhitefish,-13.836899373894054,-0.13205212589341198,4.063894290643813
LWF001,lakeWhitefish,-10.87653881114747,3.8661502729658705,0.46581341090889605
LWF001,lakeWhitefish,-10.647889093971203,0.8633808336872006,5.560796947264315
LWF001,lakeWhitefish,-11.122586968516416,-0.26761479879591765,7.190560883906097
LWF001,lakeWhitefish,-9.784242480982813,0.2962646276920544,6.643654825313318
LWF001,lakeWhitefish,-7.959854664180675,-1.3325814804918907,6.14366636539983
LWF001,lakeWhitefish,-6.548484362954078,-2.0519244226159543,6.31730492457608
LWF001,lakeWhitefish,-5.399165200250144,-1.5895356193457078,8.011868581073719
LWF001,lakeWhitefish,-6.5625878180973585,-1.585846344984112,7.54283909709275
LWF001,lakeWhitefish,-5.857356513346959,-1.2060359353268568,6.018295767004021
LWF001,lakeWhitefish,-8.074567499481274,-1.3070791931674361,3.5523061382391266
LWF001,lakeWhitefish,-14.16116840446114,-5.2294429298018565,-1.8764140599602062
LWF001,lakeWhitefish,-8.808689349399339,-3.070438514356728,2.015249971856393
LWF001,lakeWhitefish,-8.06137323555648,-2.460925835638638,4.688511789189629
LWF001,lakeWhitefish,-10.653803415125733,-7.200692664629108,1.870236913236076
LWF001,lakeWhitefish,-7.726584853661897,-4.422938265929634,2.1990889605041426
LWF001,lakeWhitefish,-9.565843946897797,-4.973573895207765,3.62026715620953
LWF001,lakeWhitefish,-11.304481003139907,-3.819532460248181,1.1441001927072758
LWF001,lakeWhitefish,-12.007820759114162,-3.919436082787681,2.475020044000405
LWF001,lakeWhitefish,-11.081180594625021,-3.840913660671741,3.8528793819292684
LWF001,lakeWhitefish,-10.26166759336383,-4.098896447228507,2.676416073154308
LWF001,lakeWhitefish,-9.449141528843635,-3.8268724106736416,3.9271911177783108
LWF001,lakeWhitefish,-12.800345901171701,-4.899647952458823,4.8099923645294504
LWF001,lakeWhitefish,-15.420895169263204,-9.006266443765231,1.634786710807389
LWF001,lakeWhitefish,-11.519293821528901,-2.165280853315725,1.583818720014602
LWF001,lakeWhitefish,-11.628709506650534,-5.106372560909119,3.113008484563497
LWF001,lakeWhitefish,-10.683992048761855,-3.9586377749556463,4.934351156610138
LWF001,lakeWhitefish,-9.338991410362086,-2.8432214704998438,4.732080911772336
LWF001,lakeWhitefish,-9.88268772423249,-4.068571031743042,4.614681280242557
LWF001,lakeWhitefish,-12.759329818975765,-5.648307695187231,6.365586375464451
LWF001,lakeWhitefish,-14.158969849915447,-7.219275613350915,4.519727700603589
LWF001,lakeWhitefish,-12.52637741525258,-5.1575094244569,4.873724708053415
LWF001,lakeWhitefish,-13.225672055048134,-6.014644020544763,5.391396758721528
LWF001,lakeWhitefish,-14.197503722209397,-6.470267789405309,3.129658747264787
LWF001,lakeWhitefish,-13.225754177143951,-4.675714492739421,-0.33505081783052937
LWF001,lakeWhitefish,-13.762896110627855,-3.7290941856105255,1.8873120576790474
LWF001,lakeWhitefish,-13.781078794782735,-4.592393170568121,4.12669399345998
LWF001,lakeWhitefish,-14.50888194997523,-5.102493285895215,2.197716633141908
LWF001,lakeWhitefish,-15.68497724201779,-5.447558358244337,1.6747035865325874
LWF001,lakeWhitefish,-14.496353504977304,-3.2559811967759327,1.2227469887982707
LWF001,lakeWhitefish,-15.417687096009576,-4.145942564516149,-0.3583558373940834
LWF001,lakeWhitefish,-19.662784590153024,-6.739027937613308,-3.2229533582980103
LWF001,lakeWhitefish,-18.470067347160672,-4.138574972611996,-3.1560850538069882
LWF001,lakeWhitefish,-18.850894876712104,-2.1512035905464675,-0.45462922531315364
LWF001,lakeWhitefish,-18.941375898895654,-2.496104452259572,-3.802332701202354
LWF001,lakeWhitefish,-23.588875736556126,-6.266010806440082,-2.6443576023990696
LWF001,lakeWhitefish,-21.24357390399826,-4.326783553181405,-3.4748776351727804
LWF001,lakeWhitefish,-18.554970971301323,-2.4501094722370236,0.47088354364336826
LWF001,lakeWhitefish,-22.565762479061437,-6.577405116887576,3.5883609527375757
LWF001,lakeWhitefish,-16.074712899043018,-1.9730609921107818,-1.3684329683137992
LWF001,lakeWhitefish,-17.615755506438113,-3.860475458111928,-1.0457464123852747
LWF001,lakeWhitefish,-16.090509021547916,-3.4627105999346055,-0.3793648513090533
LWF001,lakeWhitefish,-16.108310213887112,-1.2785404468444774,0.35487044894483866
LWF001,lakeWhitefish,-20.382646697701148,-6.445755812231707,-0.842974534275843
LWF001,lakeWhitefish,-20.479554761670954,-3.9765516206964033,-7.421498602890063
LWF001,lakeWhitefish,-26.366346653640647,-2.2713863355770556,-4.794782444741413
LWF001,lakeWhitefish,-23.804965272163066,-1.4492087706731587,-5.235416111232505
LWF001,lakeWhitefish,-23.074551413959348,-7.4899052854083825,-3.7852256196167033
LWF001,lakeWhitefish,-20.10268894700647,-8.096065575872466,-3.20220529155383
LWF001,lakeWhitefish,-17.840882102664068,-3.815613320515438,-4.342842124342964
LWF001,lakeWhitefish,-17.962903015991525,-7.363506203501883,-6.787453676149194
LWF001,lakeWhitefish,-17.888838723340243,-3.465635756180659,-8.316819563276757
LWF001,lakeWhitefish,-17.385023578253364,-3.452235100353814,-8.212316982079255
LWF001,lakeWhitefish,-14.884938298460963,-5.498528504695628,-6.483660391921875
LWF001,lakeWhitefish,-16.33911450208845,-5.897482933697777,-1.9349022140118741
LWF001,lakeWhitefish,-16.41071279220418,-1.2278240654059918,-8.295563027479881
LWF001,lakeWhitefish,-11.06486383992397,-1.7731668441200394,-5.101383827042389
LWF001,lakeWhitefish,-7.669969106252202,-5.5052065950099065,1.4875383375141038
LWF001,lakeWhitefish,-10.20633154778557,-5.661253663518687,0.22332968051429303
LWF001,lakeWhitefish,-14.599398838637537,-3.217524582340777,-3.307511600295486
LWF001,lakeWhitefish,-12.225043695014453,-1.505217229981716,-1.8514181769801108
LWF001,lakeWhitefish,-10.290838038430786,-1.7258338161450673,-1.1103821038068662
LWF001,lakeWhitefish,-12.988308811372988,-4.007479434960416,-2.699359200688889
LWF001,lakeWhitefish,-17.798272934759588,-4.555258865940398,-6.397793797464947
LWF001,lakeWhitefish,-15.583147581332971,-1.6305791163459227,-9.864442636159975
LWF001,lakeWhitefish,-12.419995754040539,-5.099029819254186,-5.127049332847998
LWF001,lakeWhitefish,-8.99710282934269,-6.142482079977718,2.4979265673112234
LWF001,lakeWhitefish,-11.445943326971143,-4.0667639904388295,-0.8674973306135896
LWF001,lakeWhitefish,-13.935985363997396,-3.0423105124596312,-4.445631676916991
LWF001,lakeWhitefish,-7.742325243272374,-6.701984115908322,-0.18094945692880815
LWF001,lakeWhitefish,-4.448846061686029,-4.708929196151104,1.2555566757526597
LWF001,lakeWhitefish,-4.347924323768662,-4.7618242532190065,1.4424282060397562
LWF001,lakeWhitefish,-3.115600418708141,-6.693155021127495,5.073685775436175
LWF001,lakeWhitefish,-0.9752528426653255,-6.64213756256538,3.8640673514607147
LWF001,lakeWhitefish,-1.0099618898599885,-6.526494793310055,4.101474172979478
LWF001,lakeWhitefish,2.6329531800548116,-6.039710745548249,3.832552967992115
LWF001,lakeWhitefish,5.856916839316233,-10.561469849261533,5.149324342303245
LWF001,lakeWhitefish,9.64586525379478,-9.268279028857188,3.8476303701358496
LWF001,lakeWhitefish,-1.0672746075376889,-5.7291366617103225,-1.9528786372860445
LWF001,lakeWhitefish,-2.244046267048941,-6.950185151149704,0.21420924998468105
LWF001,lakeWhitefish,-1.6247054481210403,-7.289602194262058,2.4625692792219676
LWF001,lakeWhitefish,-1.61341536759753,-7.138373342160903,1.4218777084034462
LWF001,lakeWhitefish,-2.115646105031754,-6.304663506394286,1.0756819110011147
LWF001,lakeWhitefish,-5.350845883226638,-7.329187822425728,1.0592888346611535
LWF001,lakeWhitefish,-1.1942573671396728,-7.376733653966408,2.1259705921891174
LWF001,lakeWhitefish,5.7031978262619045,-9.043262715421788,3.9595373600317854
LWF001,lakeWhitefish,3.0609899428510796,-12.399591198390864,6.485985380478054
LWF001,lakeWhitefish,7.61375182078973,-8.01854670014227,3.8225967032702277
LWF001,lakeWhitefish,7.289389717340516,-7.845064510225952,4.1043189670165425
LWF001,lakeWhitefish,6.918946736613903,-8.223015473090356,4.985990796297484
LWF001,lakeWhitefish,8.793054440929804,-7.6841034863966495,4.638728400220276
LWF001,lakeWhitefish,7.567961876460521,-10.398552690263893,6.317560356323927
LWF001,lakeWhitefish,8.559135018196006,-8.018197152008252,5.7789946228891225
LWF001,lakeWhitefish,8.823353207698105,-8.03929206512891,5.083048354517442
LWF001,lakeWhitefish,10.989351985827438,-6.174863653605995,4.607361431922241
LWF001,lakeWhitefish,8.107161454269281,-10.090058371305886,5.991207190377734
LWF001,lakeWhitefish,15.65921881646021,-4.512525036989598,2.50833976494129
LWF001,lakeWhitefish,13.160145621089299,-8.270298129546848,4.565234095982432
LWF001,lakeWhitefish,14.973106212890954,-5.718668282791802,2.8926477514649744
LWF001,lakeWhitefish,13.211763417601976,-7.549710246206629,4.269768022781291
LWF001,lakeWhitefish,14.818863394892734,-5.385070493807683,2.1826395096867146
LWF001,lakeWhitefish,12.588026623242477,-6.895374430825102,2.1228294066516664
LWF001,lakeWhitefish,12.357476945052525,-7.792204695215238,2.050765296248694
LWF001,lakeWhitefish,6.873779517042105,-10.684420941289616,3.913526895364451
LWF001,lakeWhitefish,7.624287371324096,-7.180195421541092,2.8999352402597522
LWF001,lakeWhitefish,8.229230070635603,-6.5640734535971745,3.2169465503178354
LWF001,lakeWhitefish,10.31058511022722,-6.806337465183573,4.2801509292309925
LWF001,lakeWhitefish,10.32963509687859,-6.294195533670085,3.8163472718275235
LWF001,lakeWhitefish,6.561480226863393,-9.398577349620117,5.430644496170737
LWF001,lakeWhitefish,9.33205604266547,-7.291283118778756,3.285322070049201
LWF001,lakeWhitefish,10.047269706192811,-9.37532082603827,3.2461897033732683
LWF001,lakeWhitefish,10.17954182082442,-9.093470170707336,1.999665124491211
LWF001,lakeWhitefish,7.897380682820909,-10.46860046036417,3.5838040273707836
LWF001,lakeWhitefish,7.844068349576133,-8.218361056852558,2.003639507453233
LWF001,lakeWhitefish,7.387403077237691,-8.91068121575445,3.552473946390614
LWF001,lakeWhitefish,9.781650551395833,-8.600079104614819,3.7912082431121643
LWF001,lakeWhitefish,10.372773438473867,-8.359237263593823,3.0203687394208365
LWF001,lakeWhitefish,10.034893031156487,-8.658876919456928,1.8089070701835037
LWF001,lakeWhitefish,9.593902709246082,-9.081682336379728,1.7977434727311659
LWF001,lakeWhitefish,9.848466349545896,-7.207631017387444,0.06794393708721724
LWF001,lakeWhitefish,10.690420746527964,-8.006284470012513,-1.9463915190366297
LWF001,lakeWhitefish,11.68086637156643,-8.20838129187561,-1.1972226842729254
LWF001,lakeWhitefish,10.382242980727781,-10.669008561791653,1.5550744845784992
LWF001,lakeWhitefish,13.394135000393282,-8.493619087230117,1.0958583006153049
LWF001,lakeWhitefish,9.564730410512603,-10.065327840812884,2.1334389141195587
LWF001,lakeWhitefish,10.179579427200347,-8.183809420520449,1.5217079568644534
LWF001,lakeWhitefish,8.179085506204201,-9.464322825878108,2.0148205945795334
LWF001,lakeWhitefish,6.844095100512378,-9.4722916443585,2.5634133167818827
LWF001,lakeWhitefish,7.168980252894391,-6.185080225177892,1.797833883719523
LWF001,lakeWhitefish,6.315306290104848,-4.4738460412308765,1.7711244943967617
LWF001,lakeWhitefish,6.017928925026012,-5.217436118407445,2.4186742452550636
LWF001,lakeWhitefish,5.135000442627557,-7.476257156266149,3.1903798620957584
LWF001,lakeWhitefish,2.942350062316659,-6.19743009538978,2.6514545166984274
LWF001,lakeWhitefish,-0.14486761719965324,-6.774247117066835,2.532052768279411
LWF001,lakeWhitefish,0.8195822841290215,-4.136183467177755,1.4792525398141136
LWF001,lakeWhitefish,3.334923047578478,-5.263163485205791,0.5147445399327222
LWF001,lakeWhitefish,2.878689334931014,-6.250670167655807,1.3365512601051057
LWF001,lakeWhitefish,-0.5398861547200127,-5.5525588750945785,1.3449086137333564
LWF001,lakeWhitefish,2.4332620931404985,-4.281070748148217,-0.32201246701771435
LWF001,lakeWhitefish,5.583608039072433,-4.600456046825837,-0.915489168272246
LWF001,lakeWhitefish,6.065565971254776,-3.4392804464686626,-1.5326660417827156
LWF001,lakeWhitefish,2.7350957890789007,-3.405918492757504,-0.7526465009903078
LWF001,lakeWhitefish,1.5193007569193655,-4.752443464140013,0.4570384776862515
LWF001,lakeWhitefish,5.443892740280833,-4.445799773228405,-0.5762214331891424
LWF001,lakeWhitefish,6.841831356327458,-4.4803338339141074,-1.1705565803641484
LWF001,lakeWhitefish,3.939081538810208,-5.383841824553474,0.005943598732425448
LWF001,lakeWhitefish,6.067785460243271,-4.231212750121448,-1.2238589256606067
LWF001,lakeWhitefish,9.585499559674098,-3.6677211613535516,-2.096971185984965
LWF001,lakeWhitefish,11.371751095304163,-5.186398335507224,-3.1162770302474376
LWF001,lakeWhitefish,14.62338087525618,-4.215998642144126,-5.99695713791106
LWF001,lakeWhitefish,12.647490711476543,-6.913837025194755,-0.7930746823544552
LWF001,lakeWhitefish,14.170563294246605,-5.475768643114593,-6.09319680522425
LWF001,lakeWhitefish,16.791210239066217,-3.4648871091962135,-4.794480055572467
LWF001,lakeWhitefish,11.532662604306527,-10.968732390431516,-6.45521994177102
LWF001,lakeWhitefish,12.19478671022026,-6.1321251399480765,-1.1608493109794504
LWF001,lakeWhitefish,12.424488524175086,-5.459662191972006,-4.264194265406886
LWF001,lakeWhitefish,11.745164261438532,-5.192281706174735,-3.3773018423049757
LWF001,lakeWhitefish,12.946873942405603,-3.9452820736911067,-2.001572885918079
LWF001,lakeWhitefish,12.924252478787139,-4.8716998168410335,-3.679819888618307
LWF001,lakeWhitefish,13.191351834518807,-4.695715785040072,-4.868401007359685
LWF001,lakeWhitefish,11.13940321189274,-6.233351899765697,-2.940057367848424
LWF001,lakeWhitefish,10.204444828660485,-5.2921189842041265,-3.195265114186475
LWF001,lakeWhitefish,10.4252421490048,-3.9791652129743036,-4.78726649912165
LWF001,lakeWhitefish,6.723581131750341,-7.321057698405558,-2.7541604526386783
LWF001,lakeWhitefish,5.673604529187896,-5.7696925714189655,-4.696877349358289
LWF001,lakeWhitefish,0.7828280863084824,-7.788329141961502,-6.963389772797289
LWF001,lakeWhitefish,2.301772692283544,-7.7492907628077,-6.134543051660987
LWF001,lakeWhitefish,5.137871414614922,-3.094734150171875,-2.9605181880565894
LWF001,lakeWhitefish,3.7887668409491932,-2.749272148988565,-4.365238487273315
LWF001,lakeWhitefish,6.479787564215776,-1.1664739546782121,-2.7631906566743263
LWF001,lakeWhitefish,5.516878044482717,-2.4706652558687567,-0.49182609222128804
LWF001,lakeWhitefish,2.9628177594912377,-4.9466128073062094,-1.4865394712479219
LWF001,lakeWhitefish,2.2933154677885956,-4.946300483708458,0.0004895297879500514
LWF001,lakeWhitefish,2.5829612452778603,-4.7060706282314975,-2.0168481488615004
LWF001,lakeWhitefish,3.648139797796682,-1.610796387418064,-1.9844609127444728
LWF001,lakeWhitefish,2.580517490787056,-1.509015199307278,-3.9782459255456497
LWF001,lakeWhitefish,1.019793951614365,-6.683463605647914,-2.0187729337659794
LWF001,lakeWhitefish,-0.37622920365483026,-8.08473344221785,-3.2315354010144746
LWF001,lakeWhitefish,2.908296434870259,-1.9566215838432806,-1.0622621225564255
LWF001,lakeWhitefish,1.512068822683186,-2.3460796900755607,-3.767368233180109
LWF001,lakeWhitefish,1.2484930486670907,-3.2391341273011527,-3.085531026210015
LWF001,lakeWhitefish,-3.8244448147828196,-8.350980664042517,0.436236300579008
LWF001,lakeWhitefish,0.2298907931326566,-4.649265872488002,-5.784672100232621
LWF001,lakeWhitefish,1.7855365059488866,-3.2410195901191226,-5.74670183831214
LWF001,lakeWhitefish,3.2007932520508118,-0.9602575447813275,-5.116647020393992
LWF001,lakeWhitefish,3.953341698061514,-1.371521020030112,-4.118074972564964
LWF001,lakeWhitefish,-0.9504740159695337,-5.214301743507113,-4.12220014923199
LWF001,lakeWhitefish,3.007636788560005,-1.6041493415701038,-3.80019990681321
LWF001,lakeWhitefish,1.9057850941697132,0.21334004541141272,-2.0001404939074434
LWF001,lakeWhitefish,1.0962244665622374,-2.2138632951353086,-6.1147491223046195
LWF001,lakeWhitefish,0.5018686083081592,-2.7230398983632726,-6.542440409600404
LWF001,lakeWhitefish,-0.5803894666081526,-4.374800315528102,-2.3759585433738257
LWF001,lakeWhitefish,1.4189059920632374,-2.9438826066862926,-3.2060235074374175
LWF001,lakeWhitefish,1.2676803031521722,-2.2592442888817774,-5.481452298907074
LWF001,lakeWhitefish,0.9983172042288047,-4.5713419989598725,-5.181277374653747
LWF001,lakeWhitefish,2.676195266295607,-2.663961622481682,-3.827500231904966
LWF001,lakeWhitefish,5.3312527093263515,1.301770847651556,-2.654638480794352
LWF001,lakeWhitefish,2.362866206860629,0.07050378624346387,-0.4863729256381636
LWF001,lakeWhitefish,0.32998077873072384,-3.7192627653420933,-6.677550439310395
LWF001,lakeWhitefish,1.668222091067432,-4.08301428159812,-3.3298120229230213
LWF001,lakeWhitefish,0.6050719624120202,-5.508260609861266,-1.0016168493573683
LWF001,lakeWhitefish,1.190656758087976,-4.710770611285669,-4.916990390675803
LWF001,lakeWhitefish,3.057318276412236,-2.3972504901558724,-4.59805934719901
LWF001,lakeWhitefish,2.4621232535190964,-3.7355886026559135,-7.454211925162339
LWF001,lakeWhitefish,4.177296672293382,-2.1586350771009575,-7.714374454157305
LWF001,lakeWhitefish,7.226350312204458,0.32618373722448135,-0.4199191476364197
LWF001,lakeWhitefish,7.748739681911999,1.6091741004840068,-3.697497034149084
LWF001,lakeWhitefish,10.409453171535198,4.121496972599942,0.7613779338220774
LWF001,lakeWhitefish,8.77220985960643,0.14678850726484227,-3.4898009388592737
LWF001,lakeWhitefish,9.92386679646719,-0.8015254868596116,-0.990090334670831
LWF001,lakeWhitefish,11.331807013153364,-0.5842578537662315,2.215191091747541
LWF001,lakeWhitefish,10.307494030227858,-2.880822152736749,-3.5944429186665214
LWF001,lakeWhitefish,16.278060519363226,-0.2459620433079932,-0.8917979558455986
LWF001,lakeWhitefish,15.53604184119521,-1.3547282741892617,-5.3835509322630575
LWF001,lakeWhitefish,17.10079215882458,-0.33938564804458604,-1.8777269398800427
LWF001,lakeWhitefish,14.460494424912127,-1.9723381529637332,-8.021332205829408
LWF001,lakeWhitefish,18.468519569506604,0.15288930893597774,-5.811194104054046
LWF001,lakeWhitefish,22.446151258598736,0.2894931080005536,-2.136804959563448
LWF001,lakeWhitefish,25.514708663704383,2.9810558297932026,0.5032131723986799
LWF001,lakeWhitefish,22.772772857456143,1.814708895265011,-2.0834919583351503
LWF001,lakeWhitefish,21.63587098296821,3.5816421587426577,3.555407425359041
LWF001,lakeWhitefish,23.428079876202844,1.5354889281609054,-0.5768389388860165
LWF001,lakeWhitefish,22.342346022010318,-0.538133601267452,-6.265095846621982
LWF001,lakeWhitefish,28.425896937247046,4.969573794338546,-2.669242519286734
LWF001,lakeWhitefish,25.594598991555372,3.089200194942433,-6.670277273725613
LWF001,lakeWhitefish,18.163204488582235,-2.6594238355780577,-2.460024729530818
LWF001,lakeWhitefish,10.79767244495141,-8.166055276620876,2.4202586807582023
LWF001,lakeWhitefish,19.782721758355017,1.0714928199265223,0.13893975423948124
LWF001,lakeWhitefish,20.027433471264683,1.7396132771386847,3.668975777736361
LWF001,lakeWhitefish,18.001418818442623,1.8408319896129939,0.10585002121229348
LWF001,lakeWhitefish,16.184990502380398,-3.542332225421113,-6.779815291618133
LWF001,lakeWhitefish,21.81449413247136,1.4879800778436802,-0.08322584217601481
LWF001,lakeWhitefish,21.327865380507166,1.0741163402835978,0.31922192775833036
LWF001,lakeWhitefish,30.305361171610702,7.847609432645992,1.4057406949399631
LWF001,lakeWhitefish,27.369269563235168,3.8959781459519007,-2.3271219367055815
LWF001,lakeWhitefish,25.843516542672354,6.904029318351332,3.9051231203459924
LWF001,lakeWhitefish,24.32779067878745,3.7309233376457973,-0.48528632847780084
LWF001,lakeWhitefish,23.044536815012407,0.6851526039301943,-1.8090466945492025
LWF001,lakeWhitefish,24.51920122850057,3.4173314346162744,-0.03197300798430547
LWF001,lakeWhitefish,22.34764383548727,4.238636138691767,-2.0792660685776205
LWF001,lakeWhitefish,20.000547092924602,4.190512504097621,3.5394421220913905
LWF001,lakeWhitefish,12.820604327938302,-0.6204860019071545,-0.7331783625362895
LWF001,lakeWhitefish,13.266417489080615,1.330790064938955,3.9568483859383208
LWF001,lakeWhitefish,9.95658338945006,2.2017537234926374,0.9276503496574144
LWF001,lakeWhitefish,8.503090589027993,0.93152073817824,-0.30813705802498115
LWF001,lakeWhitefish,6.09518242745981,-2.0655115712222534,1.1186995011262475
LWF001,lakeWhitefish,7.042203191733279,0.23540878308941376,2.5260365165817023
LWF001,lakeWhitefish,10.181293739810181,3.6391795722416633,3.271664186243812
LWF001,lakeWhitefish,8.346653405000087,3.183109204128363,4.274195803074674
LWF001,lakeWhitefish,10.985894588555087,6.805447729688147,5.784841316244876
LWF001,lakeWhitefish,12.454203135981164,7.67317947231522,2.7480979159782364
LWF001,lakeWhitefish,13.24830506153417,9.539573979785866,2.7877444224320476
LWF001,lakeWhitefish,12.288545293516306,9.601739692031842,2.8393882640875674
LWF001,lakeWhitefish,11.772083391929574,9.611104421611062,2.818531654125563
LWF001,lakeWhitefish,11.017973022920597,8.046327154758849,1.4797758046326823
LWF001,lakeWhitefish,11.828430185484768,8.869129566218252,1.437376157538076
LWF001,lakeWhitefish,8.398299937867302,6.82362771160132,-4.037057755048595
LWF001,lakeWhitefish,10.74950215830443,8.783906199813096,0.9664664286368265
LWF001,lakeWhitefish,10.322126940002864,9.851546354570441,-2.4585621078792483
LWF001,lakeWhitefish,11.282338642940598,10.922265870678658,1.2227556985159316
LWF001,lakeWhitefish,10.56961469165254,11.790736751111286,0.634051076699468
LWF001,lakeWhitefish,12.248789958799108,12.824029791889807,2.4619146863995685
LWF001,lakeWhitefish,13.102966618873205,13.764886139677836,2.716328758140291
LWF001,lakeWhitefish,12.825692702371907,13.870420196139646,1.6783112722175435
LWF001,lakeWhitefish,13.158785945195032,14.76896169780898,0.19363536634859635
LWF001,lakeWhitefish,12.335565267663558,13.811498758418674,2.479594667406406
LWF001,lakeWhitefish,12.442236556519134,12.872761197103419,3.6131381808984
LWF001,lakeWhitefish,13.242126577018777,13.987781209504728,2.6881262335876652
LWF001,lakeWhitefish,12.98267670235529,14.53288295658023,0.23262242189528415
LWF001,lakeWhitefish,6.432160203777174,4.754114721428028,-2.2022912814854454
LWF001,lakeWhitefish,6.173439330569281,3.928123826130811,-3.059760335343927
LWF001,lakeWhitefish,4.6792925703586405,1.7101798316300099,-2.694998998694043
LWF001,lakeWhitefish,4.432811116521318,2.4824791184562187,-3.341390654684578
LWF001,lakeWhitefish,6.080582387981769,4.5430053901785055,-1.6312499024574583
LWF001,lakeWhitefish,8.112733703035637,5.015617501150656,-1.9115124181230878
LWF001,lakeWhitefish,6.940904279441067,3.942065072146261,-2.048573083264652
LWF001,lakeWhitefish,2.5528669936038164,1.284153524680463,-4.50290230782833
LWF001,lakeWhitefish,-0.2016964994989643,-0.5770633438504843,-2.751899503431571
LWF001,lakeWhitefish,2.7853019601383595,2.763149428028727,-1.5879655421003043
LWF001,lakeWhitefish,2.1276487224399996,3.6416651801007456,-4.379968396799265
LWF001,lakeWhitefish,3.7875861923491416,6.753512148876403,-2.232500827144833
LWF001,lakeWhitefish,2.735762854394623,7.606599920329975,-3.951694105297491
LWF001,lakeWhitefish,2.071741716698447,7.505892849924486,-3.6371957508720145
LWF001,lakeWhitefish,2.122491875071031,8.28190964564763,-3.6650173312051377
LWF001,lakeWhitefish,0.7442012221566645,6.878012412435504,-4.66740644138183
LWF001,lakeWhitefish,1.5635363738957044,7.966060600052473,-3.0726628080712945
LWF001,lakeWhitefish,0.5900474575340984,7.378665440819103,-1.3970040824535108
LWF001,lakeWhitefish,-0.792927627351788,7.532214891711325,-2.643666182822185
LWF001,lakeWhitefish,0.923674884662786,7.6313546410831155,-2.620130419050942
LWF001,lakeWhitefish,0.8993248140012344,6.892698327858513,-2.9424369867556677
LWF001,lakeWhitefish,2.746405858568167,6.903694940699065,-2.2225851497822275
LWF001,lakeWhitefish,3.6623801441120127,6.794655435160124,-1.8914217616961395
LWF001,lakeWhitefish,3.545013948216253,5.8934051121429585,-1.702118322118114
LWF001,lakeWhitefish,2.9999612887444904,4.80619844204211,-3.4380918202805635
LWF001,lakeWhitefish,3.721146845597486,6.153580534109551,-1.868737640014109
LWF001,lakeWhitefish,3.7161117558466272,7.11688784105081,-3.3616044558786227
LWF001,lakeWhitefish,3.7717418097665147,7.206098490737858,-1.2214487156095446
LWF001,lakeWhitefish,3.333145162705417,5.942915132459834,-2.371124675482411
LWF001,lakeWhitefish,2.9475851482923847,4.663634835119753,-3.7883495339066426
LWF001,lakeWhitefish,3.719761771471125,4.298759677260746,-3.3890073671198415
LWF001,lakeWhitefish,3.4966782073401266,2.7650668480262794,-0.9973129948884981
LWF001,lakeWhitefish,1.212452518883499,-0.9923358356752561,-1.2140013336687885
LWF001,lakeWhitefish,1.417481273907546,-0.6155161833932026,-2.3573749747208383
LWF001,lakeWhitefish,1.9126294229591982,0.6021659506777405,-3.4379046365332284
LWF001,lakeWhitefish,0.26000753004229504,1.532777161396409,-5.929695346324009
LWF001,lakeWhitefish,2.713906806388387,1.5343049582721964,-1.241678606216202
LWF001,lakeWhitefish,-1.3163652239977381,-3.398895885227604,-0.8856257873388957
LWF001,lakeWhitefish,-3.700844435960922,-6.945909692734682,0.9497292628026063
LWF001,lakeWhitefish,-1.9562079774717598,-6.462272404534377,0.20095588297609102
LWF001,lakeWhitefish,0.809208971163855,-3.1660081882770736,-1.3063124581225138
LWF001,lakeWhitefish,1.7142427819340593,-3.9558873090087,-0.8410540673814908
LWF001,lakeWhitefish,0.919787037816725,-6.24490064069785,-3.361775209839678
LWF001,lakeWhitefish,2.150572387062369,-2.9418034008567835,-1.0796772056496806
LWF001,lakeWhitefish,1.7654121373485194,-2.6839541038917387,-1.2473358637660836
LWF001,lakeWhitefish,1.6350611729420133,-6.059081224652891,-2.6985256102832356
LWF001,lakeWhitefish,5.246847351805972,-5.186405308073779,-1.4539318666783472
LWF001,lakeWhitefish,7.06537064326877,-1.6036810596073554,-1.4662696660248278
LWF001,lakeWhitefish,5.009854922973791,-2.964452435455453,0.8380558865744776
LWF001,lakeWhitefish,6.254833301907255,-1.7605317512948775,-1.5497380362187887
LWF001,lakeWhitefish,1.4851455450783417,-8.10987320544518,-2.259384034525812
LWF001,lakeWhitefish,1.0001220532180437,-6.031546572704268,-1.4719507427860306
LWF001,lakeWhitefish,6.470705667670596,-3.3845460712633058,-0.7380047896716341
LWF001,lakeWhitefish,9.005673696193366,-5.957158875984177,-0.05430498843213849
LWF001,lakeWhitefish,9.359169975086566,-6.324876044737225,-2.1730938804532456
LWF001,lakeWhitefish,6.837474365549634,-6.570792829300991,-1.3965236180082576
LWF001,lakeWhitefish,4.328116730354339,-8.94578561041101,-3.245738958806334
LWF001,lakeWhitefish,5.431855610935063,-3.5215414426833336,-3.158922868355593
LWF001,lakeWhitefish,-3.144766789189526,-9.448376923890095,-2.2925155348700006
LWF001,lakeWhitefish,0.3721685829492878,-4.7166013550591845,-4.024536130066178
LWF001,lakeWhitefish,3.359343718664196,-3.4613106267054983,-2.6505743645162467
LWF001,lakeWhitefish,2.7746999521442426,-6.448091139515155,-2.6053636793685833
LWF001,lakeWhitefish,4.305606517469323,-4.169138837419621,-2.079022081228482
LWF001,lakeWhitefish,3.503016994750979,-6.097156815225651,-1.0460629291083445
LWF001,lakeWhitefish,4.676304016829424,-3.4448825642350975,-0.8768128348491183
LWF001,lakeWhitefish,3.552083659074142,-2.866524932600014,-1.0674158793407234
LWF001,lakeWhitefish,1.49105643691971,-4.154017297222553,-2.1738771857961594
LWF001,lakeWhitefish,3.5887376701276956,-1.2568253443681443,-3.7330295059404968
LWF001,lakeWhitefish,-2.7799008448500406,-9.150665614129787,-0.20311142669753934
LWF001,lakeWhitefish,-3.6263590520833615,-10.328719233729796,-1.445371648008023
LWF001,lakeWhitefish,-3.737978942782174,-8.243628647370542,-0.19052764260168376
LWF001,lakeWhitefish,-7.550496304588455,-10.265815377689872,4.0747251002125315
LWF001,lakeWhitefish,-1.1366519975106724,-3.2168011381274777,0.40236516646836784
LWF001,lakeWhitefish,-1.5458328582102192,0.11364176847552765,-0.04498006390777687
LWF001,lakeWhitefish,-6.862607559726964,-0.019007401493227327,-3.790341830696922
LWF001,lakeWhitefish,-12.603129522618229,-3.3743016011214673,3.769812533874456
LWF001,lakeWhitefish,-16.47378218919489,-2.92644111169529,2.404995877784202
LWF001,lakeWhitefish,-19.60574833684238,-2.808704536181394,6.173380314136365
LWF001,lakeWhitefish,-17.970688780196195,-2.996346591993934,4.731129375529112
LWF001,lakeWhitefish,-15.975131446911778,-3.003539669742149,3.608323611349657
LWF001,lakeWhitefish,-13.514102630725972,-2.613553418985135,3.0289201084021613
LWF001,lakeWhitefish,-12.139468266844952,-2.6270125223421474,1.2504471597311553
LWF001,lakeWhitefish,-12.748986869115578,-3.055878107051853,0.5030532561356287
LWF001,lakeWhitefish,-9.711000800426874,-1.0922162740696675,0.36047446239086667
LWF001,lakeWhitefish,-7.968423293967693,-1.5301777477113352,0.5054309902011259
LWF001,lakeWhitefish,-7.846575184244721,-0.12727152827154953,-2.944849050692189
LWF001,lakeWhitefish,-8.098939545814073,0.2104973316860561,-2.8395000127833576
LWF001,lakeWhitefish,-8.405655555695686,-0.017583826961945714,0.6702842880801693
LWF001,lakeWhitefish,-11.614075288145411,-1.4715808550263452,0.13882272779848082
LWF001,lakeWhitefish,-15.291996640132307,-0.5022000422279773,2.31263945557117
LWF001,lakeWhitefish,-21.522976382490352,-2.5451819295770557,3.62230054256267
LWF001,lakeWhitefish,-23.981807135425413,-4.704603524637836,1.6308466425310906
LWF001,lakeWhitefish,-21.42592287650696,-3.2786155453452404,0.48421168176552865
LWF001,lakeWhitefish,-21.292413536415616,-2.5617263011412477,2.3689358558189797
LWF001,lakeWhitefish,-19.837097056844613,-3.072867670422437,2.757971553995949
LWF001,lakeWhitefish,-17.60319448320545,-3.132347085757485,0.8220151279376866
LWF001,lakeWhitefish,-19.428611350900688,-3.0913083170539526,2.0763612823801196
LWF001,lakeWhitefish,-20.36669133042747,-3.0976789036767105,2.4152505521191205
LWF001,lakeWhitefish,-23.468090094151496,-4.2629383380165775,-2.5615746636704815
LWF001,lakeWhitefish,-22.71280347053738,-3.499012378625883,0.027957967306337927
LWF001,lakeWhitefish,-20.54671337784965,-3.053797418529692,-1.4267255131207506
LWF001,lakeWhitefish,-20.96879461380953,-3.384173673936531,1.6929288258380844
LWF001,lakeWhitefish,-21.506728564534818,-4.852468886799447,3.192855110787479
LWF001,lakeWhitefish,-13.298545900020217,-2.7823885180382764,2.3234228543986335
LWF001,lakeWhitefish,-6.86450552406381,1.7306609997033278,0.8898478381753867
LWF001,lakeWhitefish,-5.3089157725432905,3.302788417285515,-2.9603028751046123
LWF001,lakeWhitefish,-4.011219379842568,4.119774569161452,-1.4668407812009612
LWF001,lakeWhitefish,-1.8452976764516484,2.958244365006951,-0.3899308527426776
LWF001,lakeWhitefish,-1.4737138495837143,0.127733343313998,-1.8018497666459015
LWF001,lakeWhitefish,-2.1315643344929156,-2.572483768334802,-1.079846725284872
LWF001,lakeWhitefish,-1.2166163708636475,-1.6012282728377976,-0.8671216407812151
LWF001,lakeWhitefish,-1.8332777102128532,-2.484584312385827,-2.1684384057684642
LWF001,lakeWhitefish,-1.6331472107530505,-2.158059226625563,0.3760736446470798
LWF001,lakeWhitefish,-2.5895677769051577,-2.3209357453903365,-1.4484031823263566
LWF001,lakeWhitefish,-1.9805962128572276,-0.36969714335031845,-0.2164306306615833
LWF001,lakeWhitefish,-3.515956216235545,1.1768725130109838,-2.4834218945384
LWF001,lakeWhitefish,-3.153489329465804,5.159194159393042,-2.552613905065378
LWF001,lakeWhitefish,-3.134278425113769,5.269604361474618,-2.564096166201939
LWF001,lakeWhitefish,-4.236455721699226,3.885422189654783,-2.804414166747016
LWF001,lakeWhitefish,-3.9654172083720804,3.3194894896421827,-3.1530552122468127
LWF001,lakeWhitefish,-2.3327584751347574,2.277699038192881,-0.7149882955772211
LWF001,lakeWhitefish,-2.5501968347041437,-1.3713374034461818,0.05375136056038382
LWF001,lakeWhitefish,-1.6703016388885148,-1.3996010975902404,2.690302095882111
LWF001,lakeWhitefish,-3.2552187995367152,-4.190662305772416,3.917575387962008
LWF001,lakeWhitefish,-2.638052028572236,-2.8791651125595528,3.662283496808184
LWF001,lakeWhitefish,-4.972567194958861,-6.547813517354972,4.926865828376659
LWF001,lakeWhitefish,-3.8017403754526304,-6.438804584627558,4.7899276556596835
LWF001,lakeWhitefish,-2.803909624840358,-5.242181511338602,3.745158674437452
LWF001,lakeWhitefish,-4.226006030090371,-6.464079710672821,4.054171605499638
LWF001,lakeWhitefish,-5.850663020343579,-7.3701238995724845,5.155607850643632
LWF001,lakeWhitefish,-0.001834933693350027,0.5161412152459258,2.151988418412673
LWF001,lakeWhitefish,-4.103970081647851,5.101366058890717,-5.124792089356403
LWF001,lakeWhitefish,-6.402387640700307,3.633540844965191,-1.8063031227676354
LWF001,lakeWhitefish,-10.471209126125443,3.4309824873068058,0.7278610709419768
LWF001,lakeWhitefish,-14.575852118284256,1.2988218507267395,-1.3973675488634933
LWF001,lakeWhitefish,-17.316077086899277,-2.536103247887097,-2.7141051635749642
LWF001,lakeWhitefish,-15.43744810570668,-0.24018768660297463,-1.4248368034611554
LWF001,lakeWhitefish,-17.61756915286628,0.016780082115679384,-2.5697148287208167
LWF001,lakeWhitefish,-23.045211071562072,-0.9359913205626196,-2.8537116846577426
LWF001,lakeWhitefish,-25.15856961665194,-1.4578569019922698,-2.9982665412627796
LWF001,lakeWhitefish,-24.805525779622972,-0.09222908732209589,-3.526269141382657
LWF001,lakeWhitefish,-25.594569260294076,-1.348956367612904,-3.4997767562490454
LWF001,lakeWhitefish,14.317886169225154,12.496150885974707,-5.160205975458903
LWF001,lakeWhitefish,16.8523571487747,12.838234535352395,4.054016993569015
LWF001,lakeWhitefish,14.80169890423845,10.256060060125161,-1.024549172552422
LWF001,lakeWhitefish,16.586622013047506,11.827698903839478,5.681088504134821
LWF001,lakeWhitefish,17.094710528687486,12.206997149726206,6.181288292792876
LWF001,lakeWhitefish,11.964262837000112,8.230729659171127,-0.9212707733647751
LWF001,lakeWhitefish,10.980199050175841,6.338575516973991,2.70566002176125
LWF001,lakeWhitefish,12.44313364401767,5.9920419691048865,3.8298119814615186
LWF001,lakeWhitefish,15.525702058622176,10.722201573998653,3.3757016307904886
LWF001,lakeWhitefish,19.47810591573592,7.112839837134628,5.341433625976565
LWF001,lakeWhitefish,19.6477559763702,5.066380111828756,2.34021427219667
LWF001,lakeWhitefish,20.590377771785136,4.309798401752032,1.7321741836797875
LWF001,lakeWhitefish,20.858469101493156,3.008723951391856,-0.6349997419684721
LWF001,lakeWhitefish,20.54670732707191,2.79872357634865,4.2083953638066
LWF001,lakeWhitefish,11.718411075643976,10.32475164339898,-4.478542259243217
LWF001,lakeWhitefish,12.120431852871036,9.563317595661221,0.05543338534336417
LWF001,lakeWhitefish,12.820344329342532,8.00913986305229,3.075820774406453
LWF001,lakeWhitefish,13.880197458538202,7.0291840120668105,-1.1249716938475656
LWF001,lakeWhitefish,13.737706783863704,8.502784347441978,1.594605927941676
LWF001,lakeWhitefish,13.930507384007207,10.395513065170672,2.6765007804510743
LWF001,lakeWhitefish,12.57323423603372,8.991497857338743,2.9183800034274396
LWF001,lakeWhitefish,9.649775255744027,6.83080055388299,-1.1521673962990358
LWF001,lakeWhitefish,9.378811520299069,6.594298222295859,-2.414993126048887
LWF001,lakeWhitefish,7.368611200768793,5.796875542047909,0.975187094026523
LWF001,lakeWhitefish,10.263200364910144,8.276629408926613,5.834486637902504
LWF001,lakeWhitefish,8.171485384004303,5.786918238504697,4.898935772586119
LWF001,lakeWhitefish,8.651576574270571,5.096575155387152,0.6078909219027264
LWF001,lakeWhitefish,9.296007218305935,4.46837046898512,2.4932088810060495
LWF001,lakeWhitefish,7.24996856370854,4.533079542540953,-0.4832708669234873
LWF001,lakeWhitefish,7.55085910557982,5.307907075207103,-2.6783582185901036
LWF001,lakeWhitefish,10.689421542577152,6.109201569457808,-1.7213622855898605
LWF001,lakeWhitefish,9.639359485768747,4.4201630964091105,1.4249758283895049
LWF001,lakeWhitefish,6.879027308803916,5.026446377547638,0.16909311620021894
LWF001,lakeWhitefish,10.357789479254274,8.048100833946547,3.5602886706012837
LWF001,lakeWhitefish,10.800404338044578,11.131210036495382,-3.580826769349696
LWF001,lakeWhitefish,11.709888258721957,14.824080300259098,2.6182739780464734
LWF001,lakeWhitefish,6.083035325671046,14.148938761708415,-0.7652249746016477
LWF001,lakeWhitefish,0.23428211024869805,11.2340362708366,0.7224245989506016
LWF001,lakeWhitefish,-0.7720125759464092,9.117796265217542,-0.0025026953904669913
LWF001,lakeWhitefish,1.7532240666458812,10.350670661917388,-4.368673347379505
LWF001,lakeWhitefish,6.1198884472232695,11.589425019318021,0.6673808121626879
LWF001,lakeWhitefish,9.593841872476677,11.160430774333427,0.04585799924325684
LWF001,lakeWhitefish,9.271210717569513,6.771562402519146,3.4047259410776833
LWF001,lakeWhitefish,4.9936083012939045,-0.10792496119829342,4.375985262987491
LWF001,lakeWhitefish,6.083372548733659,1.4681028171343224,0.7327695362083229
LWF001,lakeWhitefish,5.788600626184413,2.7716426785261095,0.9323911347163452
LWF001,lakeWhitefish,7.2811715559756545,4.915955069056045,-2.6133612165103113
LWF001,lakeWhitefish,11.304041007142533,4.479295238401767,1.7061276875560987
LWF001,lakeWhitefish,10.168504012419868,3.523048438183031,2.047552937236459
LWF001,lakeWhitefish,6.511266713394138,2.7450052309948303,2.707984019764483
LWF001,lakeWhitefish,9.638809698682044,7.0244887456627065,2.1357285964208836
LWF001,lakeWhitefish,8.980554836107775,12.705083439400646,-0.8175746325488009
LWF001,lakeWhitefish,0.9596454302170925,7.3456224269705785,3.063534256636552
LWF001,lakeWhitefish,-7.667623481266313,8.484068792378743,1.79783641977471
LWF001,lakeWhitefish,-14.725883553995487,2.4701605305241134,-1.2645046225221943
LWF001,lakeWhitefish,-5.577232796302628,3.856996239775991,0.42400058526416906
LWF001,lakeWhitefish,6.560686345842659,8.406699196217946,-2.9939471225612597
LWF001,lakeWhitefish,5.316536708725074,0.927343997459762,2.956761267457665
LWF001,lakeWhitefish,3.3014837301410265,-1.9032791274253675,1.3757084968883033
LWF001,lakeWhitefish,5.526798046894417,2.590951142987021,-4.288173670197929
LWF001,lakeWhitefish,8.677806925142864,-3.637281778379262,2.5261615738931784
LWF001,lakeWhitefish,11.718082899160986,-1.5551647830583826,0.8184132146796239
LWF001,lakeWhitefish,11.451638361353117,-0.8756832123766904,2.5975210917903446
LWF001,lakeWhitefish,9.185505647932548,-1.3494329704039345,1.8858266524787286
LWF001,lakeWhitefish,10.939891282743556,4.88517384425319,0.3614157939821814
LWF001,lakeWhitefish,6.336525732959657,0.7502556366491918,1.4010267490366077
LWF001,lakeWhitefish,4.125636854290197,0.06313570550434133,3.568944412919879
LWF001,lakeWhitefish,8.672468329985744,5.070827659669656,2.7088350735602393
LWF001,lakeWhitefish,9.036605336307732,9.963683847564534,2.478510306843726
LWF001,lakeWhitefish,6.460117086257721,9.938312625180416,-0.8135585157357554
LWF001,lakeWhitefish,5.913854867642655,10.396349244506377,0.4194102346484341
LWF001,lakeWhitefish,6.467620349360731,8.13571902517831,0.4103518344958732
LWF001,lakeWhitefish,6.123326092239656,4.329856016918301,-0.650739549481673
LWF001,lakeWhitefish,4.646188380209676,2.4761895163996908,2.107794538376035
LWF001,lakeWhitefish,2.4873635963784753,-3.4219535129712013,1.81990033760254
LWF001,lakeWhitefish,2.703140325485168,-4.443699109644841,1.3661534915310098
LWF001,lakeWhitefish,4.715009022514914,-0.9513071027370562,1.1972801372334807
LWF001,lakeWhitefish,7.135337209742261,1.878621209010925,-2.8381603607292396
LWF001,lakeWhitefish,6.4739946558130015,0.15033486808563357,-2.4711364112624308
LWF001,lakeWhitefish,5.728164097975727,-1.8929210473262752,-2.662573165693918
LWF001,lakeWhitefish,3.426672968186407,-3.247677814801432,-0.10990646821506511
LWF001,lakeWhitefish,1.9554007795477397,-4.358896976167202,1.8748358876921924
LWF001,lakeWhitefish,-1.1425992392072637,-7.170852509087997,2.641691894042432
LWF001,lakeWhitefish,4.132377571432399,-0.36262497863611276,2.1476873855045007
LWF001,lakeWhitefish,2.640771099350789,-1.7190963498560725,2.2739651456926318
LWF001,lakeWhitefish,3.2938266035642765,-0.12843226877854103,2.0191872988555226
LWF001,lakeWhitefish,3.243057020780407,0.10948444585513972,2.091466670805853
LWF001,lakeWhitefish,0.607536147586095,-3.0588327206107127,2.5368890538206843
LWF001,lakeWhitefish,3.853883877822962,-0.265901754233524,1.3490063891996287
LWF001,lakeWhitefish,4.747749091526202,-1.8851424348303685,2.245141886717631
LWF001,lakeWhitefish,2.985509242346139,-4.564510696084236,0.4475158349278241
LWF001,lakeWhitefish,6.784293496416117,-0.2785120205379521,1.507148913311098
LWF001,lakeWhitefish,9.097010416273953,2.477749739221488,-5.252616060634102
LWF001,lakeWhitefish,11.543932110073042,3.1671787257952384,-3.147345015927232
LWF001,lakeWhitefish,12.14762843206589,5.335940594301778,-1.2218415201087183
LWF001,lakeWhitefish,12.052083888851335,5.7161120164564085,1.9387511319352884
LWF001,lakeWhitefish,13.023167511240494,6.604464443548898,1.411393413341147
LWF001,lakeWhitefish,14.763441682692832,4.698272898648039,3.042111117649089
LWF001,lakeWhitefish,14.143073197582211,1.5578032869617364,0.2229615090468453
LWF001,lakeWhitefish,15.917777077040665,-0.7893541587915252,1.8209849024982483
LWF001,lakeWhitefish,20.647534206573965,2.240062402175922,-5.103242683922077
LWF001,lakeWhitefish,20.726688012199258,-0.021283486651865857,-4.6279551139943536
LWF001,lakeWhitefish,21.985731205671723,-0.19144304949905466,-2.470491939980179
LWF001,lakeWhitefish,20.202451850037235,0.592795202581164,0.10001277201689529
LWF001,lakeWhitefish,21.051901368375788,2.9007158222850347,-1.702743269456656
LWF001,lakeWhitefish,21.30030901412466,3.153594949334777,-1.3393504542955017
LWF001,lakeWhitefish,23.157961568593304,3.107731086521519,0.17161856338130832
LWF001,lakeWhitefish,23.117553104230065,4.292480497356856,-0.28697232726357047
LWF001,lakeWhitefish,21.282695495839615,2.691291294849444,-2.095927583187529
LWF001,lakeWhitefish,19.821906814462732,2.7848529698266553,-0.5092542194961576
LWF001,lakeWhitefish,17.986363350605426,3.259767349390173,0.44870233039746044
LWF001,lakeWhitefish,14.173855456903823,4.359345088244328,2.4406455410461474
LWF001,lakeWhitefish,13.773395622885907,7.928630602604276,0.7261646563721635
LWF001,lakeWhitefish,14.692327610147359,8.683551314086971,2.7560723570080796
LWF001,lakeWhitefish,15.731066586860333,7.359723892982911,1.216345003326917
LWF001,lakeWhitefish,15.92823073838635,5.35672556635707,2.1705994492787433
LWF001,lakeWhitefish,19.705085225461264,5.659594806660802,4.8113486098017955
LWF001,lakeWhitefish,21.10196754410289,6.155675162806465,2.548712178508791
LWF001,lakeWhitefish,20.642267329773343,2.161338985380379,-1.8162269681476695
LWF001,lakeWhitefish,26.52521557326314,6.867953072877281,1.415930155198689
LWF001,lakeWhitefish,26.256497657853892,5.600602592711863,0.7775339941154344
LWF001,lakeWhitefish,23.217510490793995,4.034954079107388,0.3341534104750217
LWF001,lakeWhitefish,22.287955353328602,2.666344998559179,0.913959473128604
LWF001,lakeWhitefish,25.195235332690498,6.550485362655124,0.7816384348061582
LWF001,lakeWhitefish,25.483126280850733,7.096391314898771,1.0183802983688253
LWF001,lakeWhitefish,23.743087834787516,5.993208877206702,1.163443262801768
LWF001,lakeWhitefish,22.516775137159083,6.606834343438072,0.2942672557450958
LWF001,lakeWhitefish,24.444184894580182,6.686235061793085,2.2514450828934347
LWF001,lakeWhitefish,24.850485143354327,6.236371220415667,1.0667556070807338
LWF001,lakeWhitefish,24.61113846911801,6.0854367824486015,0.3492130588423805
LWF001,lakeWhitefish,24.990115564108205,5.976292329322647,0.6319530298100204
LWF001,lakeWhitefish,28.287827133684647,6.299406105194411,0.7022859851144716
LWF001,lakeWhitefish,28.75786421545445,6.972869896172785,1.2077345327997966
LWF001,lakeWhitefish,34.07184673245053,9.952365464994088,7.853658055138354
LWF001,lakeWhitefish,38.61163682171404,13.962325799668657,4.996020112972285
LWF001,lakeWhitefish,25.641794754250263,4.680282600247249,8.480042567844242
LWF001,lakeWhitefish,28.451342529154626,11.026380656102333,1.8372406877172072
LWF001,lakeWhitefish,24.91168855789853,5.247232525517345,6.774059678520748
LWF001,lakeWhitefish,23.158833790457027,10.37313869547088,3.1187587439603135
LWF001,lakeWhitefish,13.289418560344401,7.81220217490483,1.9534828830636624
LWF001,lakeWhitefish,10.624949186463677,9.753392035548572,6.8008735176950665
LWF001,lakeWhitefish,9.289154199434847,10.323052760001026,6.166195100539795
LWF001,lakeWhitefish,3.8912833844757158,10.173542878011371,6.6091679071154905
LWF001,lakeWhitefish,-2.4258952336896056,6.201524614749375,-3.934041556259136
LWF001,lakeWhitefish,-0.39240911889448316,5.3768957120202545,-2.535142401626903
LWF001,lakeWhitefish,0.7226523858517785,2.466722794932596,-5.20913483634586
LWF001,lakeWhitefish,-2.192829375739818,-1.1384099652773425,-2.6769410096417317
LWF001,lakeWhitefish,-5.112293893764707,-6.061646332819392,-6.358026185214578
LWF001,lakeWhitefish,-3.282047772918318,-3.977123765337664,-3.915617652576466
LWF001,lakeWhitefish,-5.8412699120627085,-6.163204647835233,-2.1651526974557473
LWF001,lakeWhitefish,-2.4954507317177494,-2.494201708755084,-0.3706259885843568
LWF001,lakeWhitefish,-1.1543355227329681,-0.40836693128402335,-4.656049975296007
LWF001,lakeWhitefish,-0.23740921133848125,1.8275024723491122,-4.266206281928809
LWF001,lakeWhitefish,0.5376893877298183,4.908367427158344,-2.154191149180569
LWF001,lakeWhitefish,-0.9822397922001398,5.300335631985245,-5.843128822248966
LWF001,lakeWhitefish,-1.137570083550123,6.417258938267684,-2.4450583410827282
LWF001,lakeWhitefish,-4.177080976404926,5.323357474064931,-3.4399338186662067
LWF001,lakeWhitefish,-4.7225289124874354,3.9097119607937048,-2.364343578164984
LWF001,lakeWhitefish,-3.452919777612176,4.680323555614028,-2.5319241236372543
LWF001,lakeWhitefish,-2.884890859195075,5.836798046254923,-3.1986121237570146
LWF001,lakeWhitefish,-0.664587451618215,5.13075575440165,-3.9606357771867566
LWF001,lakeWhitefish,0.26034777700228695,2.586119835173236,-0.7827881940188646
LWF001,lakeWhitefish,0.056032832155786694,0.02249927988327971,-1.2082565172380064
LWF001,lakeWhitefish,-1.4577340294469385,-4.241214672226599,-0.49424874790646633
LWF001,lakeWhitefish,0.989777260085039,-1.783339529854395,0.3952330119290315
LWF001,lakeWhitefish,0.3139363689023188,-2.477927341928602,0.24034447297930026
LWF001,lakeWhitefish,-2.078324485364533,-6.158531255339057,2.0345230489386
LWF001,lakeWhitefish,-0.8362350316481207,-4.317864373248929,2.3216381783473796
LWF001,lakeWhitefish,0.26421643640105763,-2.410398993585611,1.5463155738377594
LWF001,lakeWhitefish,1.1176741677286848,-1.3822309846760752,-2.1010726502581667
LWF001,lakeWhitefish,0.408102132462308,-2.7151041888654244,0.7689542039385698
LWF001,lakeWhitefish,0.3677266342724322,1.2306111091944396,-0.8330040124445239
LWF001,lakeWhitefish,-1.1000360273352878,1.6389201668361655,-3.127271479982629
LWF001,lakeWhitefish,-1.077176526614816,3.040686110077038,-1.604905831791973
LWF001,lakeWhitefish,-1.1203940233053422,4.338464625505651,-2.1748249994813325
LWF001,lakeWhitefish,-0.9569298006094624,4.1965825772718315,-3.110612656860255
LWF001,lakeWhitefish,-0.9108309019523435,2.678203558583614,-2.6553179035889523
LWF001,lakeWhitefish,-0.4200224867512058,2.7516068896191115,-1.608166040729432
LWF001,lakeWhitefish,-2.8804934907674324,-0.7061502278766256,-4.17765225809983
LWF001,lakeWhitefish,-0.06740049709241924,1.642698575644827,-1.7429170025556298
LWF001,lakeWhitefish,-1.5910697473776572,-2.3473911225770823,-0.6368608096611867
LWF001,lakeWhitefish,-0.5749687856894262,-1.4267013549297731,-1.594466394122663
LWF001,lakeWhitefish,0.39641963440228567,-0.4410218645226116,-2.951562995574352
LWF001,lakeWhitefish,-2.7487350593863455,-4.518927623458673,-3.2560526295704895
LWF001,lakeWhitefish,-0.07739747250666384,-0.7274771844358331,-1.4325789018712918
LWF001,lakeWhitefish,-0.6439105343294771,-1.5955187017259669,-0.6110623092513336
LWF001,lakeWhitefish,-2.589477037000144,-5.046475854894218,-1.296708121108297
LWF001,lakeWhitefish,-2.2375175413602473,-4.262828669652706,-1.872601872947522
LWF001,lakeWhitefish,-1.2470836484368895,-2.4448212456138565,-3.433462711438565
LWF001,lakeWhitefish,-0.9910331647917637,-2.030359198383387,-2.5655212942922
LWF001,lakeWhitefish,-1.3370334080401727,-3.0551378138030616,-1.2282851422416605
LWF001,lakeWhitefish,-1.2116454715138834,-3.028185534046177,-1.045332964327309
LWF001,lakeWhitefish,-1.4905828046530865,-3.260934471506445,0.42808527517800327
LWF001,lakeWhitefish,-1.4725346763865477,-3.1680652063672907,1.6572593214475235
LWF001,lakeWhitefish,-4.452541064538792,-6.349732445296339,2.2518915900351586
LWF001,lakeWhitefish,-3.3888679824369357,-7.575894379323415,0.4314080033923525
LWF001,lakeWhitefish,-2.5413445754792034,-6.357694860782729,0.5537125837235074
LWF001,lakeWhitefish,-2.641057589446403,-6.610926385004006,0.3458892619975058
LWF001,lakeWhitefish,-5.739414004478649,-10.442622303751044,0.5309958481585872
LWF001,lakeWhitefish,-6.381194461032685,-8.510970426624644,2.7646062414936474
LWF001,lakeWhitefish,-3.927703038611596,-5.769424348401127,0.6817322086608156
LWF001,lakeWhitefish,-4.094393922130817,-2.7881087362118198,-4.354605397197364
LWF001,lakeWhitefish,-2.681727037474588,3.2204473833264293,-3.4152107474674858
LWF001,lakeWhitefish,-2.9502885260277645,3.6517623374820154,-2.8210808033612365
LWF001,lakeWhitefish,-4.487405665126057,0.8625850008756517,-3.9699408237374243
LWF001,lakeWhitefish,-2.3864225454302646,3.623131567822307,-2.106782137949117
LWF001,lakeWhitefish,-5.86241699194296,0.5460369125306803,-6.0124203213459
LWF001,lakeWhitefish,-2.7389653970325836,4.327094096734353,-3.261841220783921
LWF001,lakeWhitefish,-2.9510843718536472,3.3648633453624113,-2.264542115659048
LWF001,lakeWhitefish,-5.239995847495927,-0.06220119267829327,-3.073665587240872
LWF001,lakeWhitefish,-2.9116452305554117,0.26710717612538026,-3.2782878408864216
LWF001,lakeWhitefish,-3.0899143721393276,-3.5371839023928473,2.3604428443924492
LWF001,lakeWhitefish,-4.586612115109563,-7.115045834463519,3.3711642669064905
LWF001,lakeWhitefish,-5.09825453828433,-8.204121641814154,0.49574542796709564
LWF001,lakeWhitefish,-7.050130994662743,-9.160386903342488,3.8233527266627316
LWF001,lakeWhitefish,-2.856715303094336,-3.647717666486695,0.8208805514088694
LWF001,lakeWhitefish,-5.446082006621772,-0.2888412116451664,-3.7677584058335203
LWF001,lakeWhitefish,-5.417905253088483,2.5084133524183017,-1.9701524808916313
LWF001,lakeWhitefish,-14.347173754720684,-1.0977239547506583,1.2737338137570355
LWF001,lakeWhitefish,-21.899267051931446,-4.577070919575865,-1.2197793570106228
LWF001,lakeWhitefish,-25.035208053099012,-6.771259555702981,0.03154721967646967
LWF001,lakeWhitefish,-24.193078594349444,-3.9535310043970595,2.226332563955239
LWF001,lakeWhitefish,-21.421422290411957,-1.8016140351883325,4.087132551846062
LWF001,lakeWhitefish,-16.466306150584884,-2.3565316119872035,3.894439018753909
LWF001,lakeWhitefish,-7.2903533225982615,2.2317878935195754,-2.3333336701853185
LWF001,lakeWhitefish,-2.7593086339758788,4.499848497188899,0.8693542046797096
LWF001,lakeWhitefish,-4.784251019655555,-1.2620500569608475,-0.48097730447883147
LWF001,lakeWhitefish,-3.3558657474100584,0.7108602434254662,0.7612641874351909
LWF001,lakeWhitefish,-4.852540737652344,-0.12404745621341817,-0.06801143164817991
LWF001,lakeWhitefish,-4.413561686150879,0.8247970879816393,-2.0165614755043713
LWF001,lakeWhitefish,-4.353015167347474,3.203513590394756,-2.779152588719627
LWF001,lakeWhitefish,-2.846274211450311,4.231561890371609,-2.6433471893973763
LWF001,lakeWhitefish,-6.185339485368224,1.543201069845198,0.5603261494164187
LWF001,lakeWhitefish,-12.592360702846682,-0.8610987751698516,0.8293687815920885
LWF001,lakeWhitefish,-22.290940556327918,-5.166282872547191,1.2497257980556977
LWF001,lakeWhitefish,-24.91194583678727,-3.9848128888171264,-1.7455140937771105
LWF001,lakeWhitefish,-25.610825789983632,-3.8857399118916467,-0.43842655449973567
LWF001,lakeWhitefish,-26.147712085694135,-4.846227975252994,-2.0668053981352674
LWF001,lakeWhitefish,-19.2795335946587,-3.5351132441713498,1.9596465193283974
LWF001,lakeWhitefish,-5.308374509201901,1.8695914636425186,-3.076228406009702
LWF001,lakeWhitefish,-2.2632636127667807,-2.3577964288065005,3.521596821599275
LWF001,lakeWhitefish,-5.111601462663691,-6.731583567381282,4.493375104204488
LWF001,lakeWhitefish,-5.061122021364886,-5.781276058983423,3.583926701039199
LWF001,lakeWhitefish,-6.71173702640607,-6.865688537157692,4.518123823885338
LWF001,lakeWhitefish,-9.396260955133352,-9.99770921577943,7.399460595007479
LWF001,lakeWhitefish,-3.650924318950725,-4.798620072674299,4.3553223465128825
LWF001,lakeWhitefish,-3.0792449389145977,-3.3924533347243133,0.5547756446483343
LWF001,lakeWhitefish,-1.433548749840549,1.8462919922421472,0.4570679789051592
LWF001,lakeWhitefish,-2.631326233075773,3.779934944779442,0.10935870043281504
LWF001,lakeWhitefish,-4.00604942325838,4.004819533889476,-3.084512588329143
LWF001,lakeWhitefish,-6.342738844482861,3.4309687269757627,-7.888716813343473
LWF001,lakeWhitefish,-5.2417370692406005,3.026378642146832,-3.216747214347831
LWF001,lakeWhitefish,-4.342974587930606,2.787962982788386,-3.972134012180456
LWF001,lakeWhitefish,-2.7262702924656614,1.492796837654183,-0.3130921601633433
LWF001,lakeWhitefish,-2.6644692910521024,-2.700007513668547,0.5963197837742203
LWF001,lakeWhitefish,-2.5708756150242547,-4.500427168517433,4.4456345538346405
LWF001,lakeWhitefish,-2.3822391775040552,-4.939530036049919,4.702706897174959
LWF001,lakeWhitefish,-5.797414863845628,-6.806161462104641,5.764791416005393
LWF001,lakeWhitefish,-5.583121526877745,-7.228230728749466,4.301530823674823
LWF001,lakeWhitefish,-3.7535944915705777,-6.841313444162232,-0.15520824104351982
LWF001,lakeWhitefish,-1.9565170160967926,-4.806898896713233,1.5478604803490814
LWF001,lakeWhitefish,-2.4497216152030976,-5.1567542887594815,1.9234513818986099
LWF001,lakeWhitefish,-4.0472061717561445,-7.57330824188032,0.8884669595218131
LWF001,lakeWhitefish,-5.924476337972109,-7.642126094433465,4.80531030642993
LWF001,lakeWhitefish,-3.4387774567872236,-4.5563419770604625,4.989011071602391
LWF001,lakeWhitefish,-0.6743827890668619,-1.6344974872602038,0.6233878142379911
LWF001,lakeWhitefish,0.4911883933566017,2.1998938842606224,0.9683290662728647
LWF001,lakeWhitefish,-0.21001563035721338,2.419312633045828,0.1860658293203724
LWF001,lakeWhitefish,0.14964040639010567,2.2900788408134733,0.909892778944174
LWF001,lakeWhitefish,0.329579504059329,2.5978175092222116,0.6690026649793581
LWF001,lakeWhitefish,-0.5444492177920567,1.9756331029259397,0.036693022378447064
LWF001,lakeWhitefish,-0.7751268412829442,2.8800375299029466,0.7517325472386116
LWF001,lakeWhitefish,-1.8856808160252363,2.447103198100884,-1.7509404107825197
LWF001,lakeWhitefish,-1.8629564850490834,3.6532096627319457,-3.875527738236076
LWF001,lakeWhitefish,-2.4348032213692763,4.57386332531545,-3.4926446630001178
LWF001,lakeWhitefish,-1.4698146821472968,6.1997265094044325,-1.3876179482466269
LWF001,lakeWhitefish,-1.8636632600017862,5.973792769024205,-2.797426729505176
LWF001,lakeWhitefish,-1.8447062482195995,5.8372709344396405,-2.6997164602710852
LWF001,lakeWhitefish,-3.0196041403351526,5.941355648813143,-6.665565958229732
LWF001,lakeWhitefish,-1.219578369095539,6.885193124401759,-3.3259636770492182
LWF001,lakeWhitefish,-0.48346728911151304,7.163075019962415,-1.7407361833495127
LWF001,lakeWhitefish,-0.7208656246419823,6.764059301841673,-2.412742577836915
LWF001,lakeWhitefish,-0.5620897466643384,5.984445219877949,0.047710373892432156
LWF001,lakeWhitefish,-3.2822049028514217,4.855056662324483,-1.4337012005450376
LWF001,lakeWhitefish,-4.968853992534391,3.551980501456498,-0.23675076045974552
LWF001,lakeWhitefish,-5.4554458190816435,3.4847872909804516,-1.3165092003097554
LWF001,lakeWhitefish,-4.440717361377939,4.680864609018627,-1.6629031915223509
LWF001,lakeWhitefish,-1.1366852393635232,6.637030451672966,-1.1540926923596637
LWF001,lakeWhitefish,-1.3303231242229718,7.312844240444749,-2.2428477976587735
LWF001,lakeWhitefish,-1.6496539486962079,6.375823257085688,-4.0214651212701185
LWF001,lakeWhitefish,0.18004573579432792,5.774141656028262,-0.5005059802738143
LWF001,lakeWhitefish,1.9194524237601156,6.090529578305034,1.2966347021268143
LWF001,lakeWhitefish,2.427437095519056,6.263172594859691,-0.27145883943101023
LWF001,lakeWhitefish,0.8379223834722043,6.878288034083262,-2.4672325205398797
LWF001,lakeWhitefish,-0.220937227750457,7.235560864752681,-2.140320358380944
LWF001,lakeWhitefish,-13.010216229273558,2.8710431567422323,-1.0082863882370843
LWF001,lakeWhitefish,-11.468630254186287,4.87618990584772,0.21947880189210922
LWF001,lakeWhitefish,-10.761684204492955,6.126866703096496,-0.49207796431685447
LWF001,lakeWhitefish,-8.809956732065412,7.6258950585628265,0.9842745774875122
LWF001,lakeWhitefish,-9.340866505281888,8.031030283309128,-0.08371983666289062
LWF001,lakeWhitefish,-12.912374077031194,4.863413565637019,-1.4322220530667402
LWF001,lakeWhitefish,-17.81915098197297,3.0195151222544236,-1.625345419696134
LWF001,lakeWhitefish,-18.27832049412994,1.289454388544931,-0.9358930777876449
LWF001,lakeWhitefish,-15.529943343544783,2.7687967928501527,0.9106571066444844
LWF001,lakeWhitefish,-5.598617847084179,5.502671669632038,-0.24905993964615092
LWF001,lakeWhitefish,1.3238962292005323,8.691261869411392,-0.0934657804502883
LWF001,lakeWhitefish,3.0365758935637266,10.243944083222289,-0.6066759351443682
LWF001,lakeWhitefish,2.588325703569497,9.396795640641537,-2.2380307314767087
LWF001,lakeWhitefish,2.816216388531894,9.516005650006043,-1.7261443033655002
LWF001,lakeWhitefish,3.392588362404737,9.780927392868549,-0.6385872086043081
LWF001,lakeWhitefish,1.9937881131069237,9.256056302315208,-3.683737909435573
LWF001,lakeWhitefish,3.4626532329093056,10.524258765062577,-0.7431654989867962
LWF001,lakeWhitefish,2.3756429652722852,9.812875621055644,-0.46824605628227745
LWF001,lakeWhitefish,-0.5316830875990237,8.987304898485325,3.034934987979222
LWF001,lakeWhitefish,-4.367597436582549,8.757757116849184,2.049079655155964
LWF001,lakeWhitefish,-9.144039125432691,6.50093345818525,-7.903377403421983
LWF001,lakeWhitefish,-2.393608878836714,9.234319943977395,-2.6312036351877834
LWF001,lakeWhitefish,1.3340914970163924,10.227402102824726,-0.8031994943020615
LWF001,lakeWhitefish,3.2371390654364154,9.14009835139079,-2.1500787829658647
LWF001,lakeWhitefish,4.97902670175646,7.620122150434737,1.5074860287304654
LWF001,lakeWhitefish,3.731847292035969,6.387190168235362,-3.2863292174208496
LWF001,lakeWhitefish,4.686262183529507,7.700068263291468,1.040668198582466
LWF001,lakeWhitefish,4.610710020846547,8.60355138059292,1.292182690635283
LWF001,lakeWhitefish,3.5565839359466067,10.074398776117476,-0.46036675897559554
LWF001,lakeWhitefish,4.766001782299692,11.183319580447318,0.5874211566368777
LWF001,lakeWhitefish,1.997221303750958,9.5959041955271,-1.4574422586054967
LWF001,lakeWhitefish,-2.188265622015353,7.5353543294927725,-2.6106577555560877
LWF001,lakeWhitefish,-5.92842853839863,4.9785676744878815,-0.5272018621295256
LWF001,lakeWhitefish,-5.133724518403656,6.0722303952795285,-0.07705562192651516
LWF001,lakeWhitefish,-9.410131574237294,3.0231713428762887,0.21049328366078535
LWF001,lakeWhitefish,-8.713223014055231,4.613504784096337,-5.342169001863585
LWF001,lakeWhitefish,-2.0651641166994734,7.3939637327889285,-3.785359057375463
LWF001,lakeWhitefish,2.1624032722267765,10.496484605604975,-0.1538640935464055
LWF001,lakeWhitefish,3.7903973285040458,10.664226931286015,-2.316091255132207
LWF001,lakeWhitefish,4.90223862767402,10.471031542789941,-2.421196954957563
LWF001,lakeWhitefish,5.0913822874511006,9.91382784183247,-4.405603058166463
LWF001,lakeWhitefish,6.720873344866476,10.022594556978252,0.22220299702349466
LWF001,lakeWhitefish,6.338375664909404,9.33681080161979,-0.31190302186636387
LWF001,lakeWhitefish,6.866274900369962,11.162109181338563,1.6623403045029543
LWF001,lakeWhitefish,4.112217323622257,11.925803988081626,-1.0144223484635948
LWF001,lakeWhitefish,2.2244682369979243,9.885435343050844,-0.7401978156968108
LWF001,lakeWhitefish,0.08594652464447372,8.940849067682946,-0.3169330593087532
LWF001,lakeWhitefish,-5.155530462750483,5.798551611968532,-3.41228885978749
LWF001,lakeWhitefish,-3.8267875659672552,7.1211076371506365,-3.6576420073102263
LWF001,lakeWhitefish,-0.9685401034252344,9.047601308424515,-1.2861062781074752
LWF001,lakeWhitefish,1.2723521207814776,9.773578650273176,-1.3976506159694533
LWF001,lakeWhitefish,0.2727117101282588,9.578995278907769,-1.273517760951203
LWF001,lakeWhitefish,-2.3276449807308683,7.358692734434028,-1.622790419513453
LWF001,lakeWhitefish,-6.789452225856783,5.399311813575382,-2.45416056474894
LWF001,lakeWhitefish,-9.227183657749448,6.759037935393561,0.8262898426313483
LWF001,lakeWhitefish,-8.783657184145913,6.700692688078722,0.9536410698067943
LWF001,lakeWhitefish,-5.955397604885412,7.447041985385691,0.1935476833878298
LWF001,lakeWhitefish,-5.828563563658782,7.184191084656397,0.17543125391502667
LWF001,lakeWhitefish,-10.701380873570052,5.303440921405633,1.9079681648240079
LWF001,lakeWhitefish,-14.565105991740849,3.990940905232006,-0.22228261094233925
LWF001,lakeWhitefish,-16.10392121176554,3.768646078455486,-0.8320150992530131
LWF001,lakeWhitefish,-13.76701641886922,3.4909515062118373,1.4145975488477522
LWF001,lakeWhitefish,-14.667637490406253,5.656020669827352,2.223994471628893
LWF001,lakeWhitefish,-16.098398931783322,3.78125055996001,1.1315129583171992
LWF001,lakeWhitefish,-6.814266607748965,4.499185772385084,0.9010669423475485
LWF001,lakeWhitefish,-3.414184486051215,5.707175783361805,-2.9188330510337153
LWF001,lakeWhitefish,-1.6732843565068067,7.1667595744183945,-4.63244873025703
LWF001,lakeWhitefish,-0.8313675962958852,7.709604619364091,-2.0898910893205906
LWF001,lakeWhitefish,-0.15476207627075733,7.90843827632587,-3.13872476831274
LWF001,lakeWhitefish,-1.8919692194762514,7.010731783133774,-1.7140495630942758
LWF001,lakeWhitefish,-2.27626042195194,7.161329408652673,1.1482347251834337
LWF001,lakeWhitefish,-4.228168679232156,5.969279915584422,1.4482049708445857
LWF001,lakeWhitefish,-1.7808789942769494,8.320102092851627,0.706469227431371
LWF001,lakeWhitefish,-0.647448034135698,9.268314142058305,-3.7983142901927645
LWF001,lakeWhitefish,-0.38503138304354645,9.3962523684392,-3.0870101531396075
LWF001,lakeWhitefish,-0.2656606292934176,9.345870586330376,-1.4368395132178375
LWF001,lakeWhitefish,2.4153817930765644,10.761199917698018,0.004856188909054371
LWF001,lakeWhitefish,5.433590049653223,11.771860652218848,-0.8618382488099519
LWF001,lakeWhitefish,4.5540502621204695,10.521901287634158,-3.85409037784936
LWF001,lakeWhitefish,6.238892607480498,9.62914483991001,-0.08742681957802345
LWF001,lakeWhitefish,6.2814917204512355,8.7316153040384,1.644347670447695
LWF001,lakeWhitefish,7.03968721743572,7.711575302612843,0.029948943597579714
LWF001,lakeWhitefish,6.669187872809395,3.870040478405045,2.393330261411683
LWF001,lakeWhitefish,6.397814796289809,3.238368005314201,3.5716104587765996
LWF001,lakeWhitefish,5.8381468436710104,3.082918139327871,3.9807280716955633
LWF001,lakeWhitefish,4.040225449957983,1.0105854780754693,0.7839362531427347
LWF001,lakeWhitefish,6.282137748090662,3.527088396096775,3.0554516870942057
LWF001,lakeWhitefish,8.199002988527448,5.67545590844774,3.599355334403583
LWF001,lakeWhitefish,6.404920446490626,3.6315992429027935,-1.47355283283587
LWF001,lakeWhitefish,6.196530510701279,3.294279209146681,-3.231174884239058
LWF001,lakeWhitefish,7.42608789277285,5.877507312111128,0.22943683994936626
LWF001,lakeWhitefish,5.659993026339759,3.4149651069743396,-0.7355481817572833
LWF001,lakeWhitefish,4.4641352030971975,1.6949662517431379,0.7057650173799148
LWF001,lakeWhitefish,3.2625064217402353,0.5479370139822722,1.1718423035656838
LWF001,lakeWhitefish,3.0042742053757263,0.5593343618490763,4.88472164800499
LWF001,lakeWhitefish,1.261520730770318,-3.0573690523046695,4.312085138487042
LWF001,lakeWhitefish,2.5727854151924703,-3.069360606879828,2.0859611666560216
LWF001,lakeWhitefish,4.37086909952834,-2.2288708162957955,3.1100713812463505
LWF001,lakeWhitefish,4.300988596879714,-2.4778546028992183,2.2844449760084267
LWF001,lakeWhitefish,1.830039284406004,-4.182237061525408,-2.443459881836341
LWF001,lakeWhitefish,3.8111190153198278,-0.4375648186090524,1.0251027461393862
LWF001,lakeWhitefish,5.704367151202989,0.7179677052774025,1.7736351189833102
LWF001,lakeWhitefish,8.030919141168827,1.217245961318019,0.7496746323122774
LWF001,lakeWhitefish,7.896985572875808,1.347280846685093,1.801080947814238
LWF001,lakeWhitefish,8.797659789879528,2.6472974542924916,-0.40637773875513394
LWF001,lakeWhitefish,8.33402344330447,3.0053438615221424,-3.459236429300244
LWF001,lakeWhitefish,8.608080328026125,3.2289953563219074,1.2312922360489233
LWF001,lakeWhitefish,8.298073369396525,2.634741858544452,2.815902124303443
LWF001,lakeWhitefish,6.23870239669636,1.0755455218402188,0.03145971189895569
LWF001,lakeWhitefish,6.798926542621511,1.0991928741712782,1.2191604973705257
LWF001,lakeWhitefish,10.173356717920786,-1.0123998526166151,1.057011078449161
LWF001,lakeWhitefish,10.194465725908447,-2.825221484470658,-4.105997118289187
LWF001,lakeWhitefish,13.138636423275987,-1.091452993778029,-1.926441390259601
LWF001,lakeWhitefish,10.46138576425381,-6.058246499499825,-2.453228934468199
LWF001,lakeWhitefish,15.483239658209092,-0.15121412949608803,-1.7705264921678299
LWF001,lakeWhitefish,13.288410035654021,0.41350978645788095,0.7600779324822322
LWF001,lakeWhitefish,10.863752399998656,3.7285044116517727,0.03206696889335037
LWF001,lakeWhitefish,10.312662249422823,4.4805492035457855,1.9789408792415237
LWF001,lakeWhitefish,13.260708962443074,7.606614363112368,1.7774097803249607
LWF001,lakeWhitefish,9.302355902572442,3.815421259193587,-3.1650317260201546
LWF001,lakeWhitefish,10.291800074658003,4.780683952466734,-0.9744009517396437
LWF001,lakeWhitefish,9.965635954583389,4.436460037082652,-2.3516248488671874
LWF001,lakeWhitefish,8.41234164371052,0.575403918601693,0.6546385549829314
LWF001,lakeWhitefish,8.116733124222563,-1.6722029444801594,0.5861905817917703
LWF001,lakeWhitefish,7.021811509972725,-3.704383082406152,2.8951299072662153
LWF001,lakeWhitefish,6.542309152416699,-1.7771052856365857,-0.4374997434311254
LWF001,lakeWhitefish,8.49999021641382,-0.6262673622503288,-0.5933017815938202
LWF001,lakeWhitefish,11.499539797864777,-1.8013366004299107,-1.7730782202616713
LWF001,lakeWhitefish,11.92558521254104,-3.7392545792970564,-1.0795632558339614
LWF001,lakeWhitefish,13.31165085133948,-2.8182525530045943,-4.1032191835747165
LWF001,lakeWhitefish,16.924190157019602,0.6129880005793233,-0.891274183126423
LWF001,lakeWhitefish,17.481641927970838,0.19171911955381482,-1.9259925415541406
LWF001,lakeWhitefish,15.804469255772677,-0.7133461560111547,-3.3294944593304048
LWF001,lakeWhitefish,12.420281236323726,-0.6505497079061648,-0.4483787929482905
LWF001,lakeWhitefish,7.750382827042307,-0.40740451358131646,0.9097453698000768
LWF001,lakeWhitefish,6.953254406417433,1.7082457635715897,-1.144713523208463
LWF001,lakeWhitefish,7.143314166007142,-0.5994433262344934,1.8189974379086953
LWF001,lakeWhitefish,8.788133528398024,-0.45202728370796086,-0.30893542741327984
LWF001,lakeWhitefish,9.722703538741422,-1.8970762923551816,3.4987375660222506
LWF001,lakeWhitefish,10.101448325475584,-4.252275425599145,-1.6557291644077958
LWF001,lakeWhitefish,16.848433069963658,0.10714840173108531,-1.2742431052743641
LWF001,lakeWhitefish,16.831608109561003,0.5959120267011393,-2.508678622933664
LWF001,lakeWhitefish,13.617476118443118,-1.0968764960279334,0.5803732396337282
LWF001,lakeWhitefish,9.06249638262174,-2.637901713673922,-2.588484057037195
LWF001,lakeWhitefish,9.644582280443034,-3.2178265919146614,-2.0429641041146374
LWF001,lakeWhitefish,12.691854815646852,-1.768685585250928,-2.3279083350936967
LWF001,lakeWhitefish,12.788564414135942,-2.724019320962227,-2.5868448281634913
LWF001,lakeWhitefish,13.98575971084595,-1.4103377379231925,-1.8108367497516815
LWF001,lakeWhitefish,14.034864792311044,-0.9574339320016851,-0.7696300284120134
LWF001,lakeWhitefish,13.609147754199972,-1.8875174727245358,-2.528462020981835
LWF001,lakeWhitefish,11.385209759788992,-2.820577758008998,0.30208239975189466
LWF001,lakeWhitefish,5.5848833193432466,-4.501763415472584,-2.7415737989012743
LWF001,lakeWhitefish,7.431780806828291,-0.599669642962783,0.8718910576116343
LWF001,lakeWhitefish,4.928572554029969,-4.825897347804575,-2.0653038453321186
LWF001,lakeWhitefish,11.37710850527254,-1.3706720812692206,-0.6761121642059056
LWF001,lakeWhitefish,13.643586644539806,-2.0137478280840657,0.37028066541040694
LWF001,lakeWhitefish,15.803392268588059,0.25362964444508984,-0.5797925602707492
LWF001,lakeWhitefish,13.734518310080444,-3.281849155578854,0.06115067170554944
LWF001,lakeWhitefish,16.70813272141155,-2.906751943912672,2.2851890403381794
LWF001,lakeWhitefish,18.198115995715344,-1.6189192657107965,1.0015053820198645
LWF001,lakeWhitefish,19.20743432305476,1.0426696851713597,-0.39837804814900846
LWF001,lakeWhitefish,19.701148081888352,2.436743876123751,0.14703602032280916
LWF001,lakeWhitefish,21.736409321003503,0.4191074746116654,0.8253327105453607
LWF001,lakeWhitefish,26.145398380997328,2.6350495439684885,-0.7538049545715984
LWF001,lakeWhitefish,19.105127309607205,-1.8269955463110559,-1.1418792242367628
LWF001,lakeWhitefish,13.603118153666406,-6.602129674358701,2.8282476541572836
LWF001,lakeWhitefish,3.625145950399819,-7.498118557818079,5.32005970027243
LWF001,lakeWhitefish,7.938866454943656,-2.177695271837126,1.696168193530512
LWF001,lakeWhitefish,4.658296521989513,-7.589561473304734,4.39463177041162
LWF001,lakeWhitefish,9.903160724774542,-7.263757360063037,4.010084373954369
LWF001,lakeWhitefish,12.99600436209957,-5.309859452137647,2.794509661199536
LWF001,lakeWhitefish,12.395889714285957,-4.222329550139496,2.9336220116050193
LWF001,lakeWhitefish,8.982204244543462,-4.123779152205491,2.0437233507476327
LWF001,lakeWhitefish,4.032406876679161,-5.758158518369094,4.271908295501033
LWF001,lakeWhitefish,7.117569547623913,-2.073165693998319,2.4317500506029126
LWF001,lakeWhitefish,6.501504317216332,-2.980698799299545,-1.277664491053641
LWF001,lakeWhitefish,10.087872706020203,-2.134391325795604,2.312230915176499
LWF001,lakeWhitefish,8.31754989960305,-7.410703237904356,4.1710928034011605
LWF001,lakeWhitefish,10.552536988955653,-6.147962798943864,3.0750654192224625
LWF001,lakeWhitefish,5.709500738779901,-10.116872111840912,4.273997715518338
LWF001,lakeWhitefish,8.3129318045652,-6.689517051430354,4.194281404908308
LWF001,lakeWhitefish,7.927477344805961,-8.965093389347391,3.855800114429071
LWF001,lakeWhitefish,7.870079239083825,-9.32801733069514,3.2456405998192617
LWF001,lakeWhitefish,7.923750652835818,-7.580523757713451,3.7256952030391526
LWF001,lakeWhitefish,10.227681874063782,-6.793219712347639,3.711185440259294
LWF001,lakeWhitefish,16.48089341156541,-3.9930026104930247,0.3934055410335837
LWF001,lakeWhitefish,19.423544264033932,-1.6617558565595436,-1.0457222847878498
LWF001,lakeWhitefish,14.647831895514155,-5.173685187704461,1.192755338799536
LWF001,lakeWhitefish,11.64214118265185,-6.224385328363595,2.7754417196371604
LWF001,lakeWhitefish,9.990770877884046,-6.320251047630046,2.754338315773899
LWF001,lakeWhitefish,8.828068206781696,-8.240275015773442,3.3144652372492462
LWF001,lakeWhitefish,3.2983293478134406,-8.070316343501116,4.61228606635263
LWF001,lakeWhitefish,5.475616715262784,-5.461693365967379,3.7638840693607305
LWF001,lakeWhitefish,6.206253423769018,-3.3867706999995133,0.1651012245153325
LWF001,lakeWhitefish,8.082240880765333,-2.8816934593488464,1.1808189212221745
LWF001,lakeWhitefish,6.558228069482955,-7.544488224709394,1.3902375483078155
LWF001,lakeWhitefish,6.709208968244854,-6.314397133406214,2.311069494216925
LWF001,lakeWhitefish,2.6905118879856293,-6.811630399728035,-1.258407021588876
LWF001,lakeWhitefish,4.033715352099453,2.739892868341939,-1.7226340549703991
LWF001,lakeWhitefish,1.4722102716036767,-1.311506663749419,-1.9015597737393328
LWF001,lakeWhitefish,0.6607396691243332,-2.0955461448154846,0.25065876331768266
LWF001,lakeWhitefish,-6.195973581629657,-2.4763521442596783,-5.842376428459468
LWF001,lakeWhitefish,-9.281601087528841,-2.6638591124174065,-6.0566015580939645
LWF001,lakeWhitefish,-2.266930324409876,-0.8810161682784561,0.2992513975845372
LWF001,lakeWhitefish,0.1610047766505458,-2.663955391029683,0.2951709145304485
LWF001,lakeWhitefish,-1.9536461647155672,-2.1205474754712776,0.5101263250701576
LWF001,lakeWhitefish,-11.034192903104472,-8.165684273018943,-5.70633739344068
LWF001,lakeWhitefish,-8.760302098079807,-7.574057103497114,-0.7062619009760236
LWF001,lakeWhitefish,-8.486443346659533,-3.4457931171384244,-2.144697217702403
LWF001,lakeWhitefish,-7.747731990346815,-2.35978136780085,-3.56192484033366
LWF001,lakeWhitefish,-13.020969983723003,-6.12231439756303,-0.1581735611233004
LWF001,lakeWhitefish,-13.063060558822894,-8.051683753282317,-3.0750691561135928
LWF001,lakeWhitefish,-3.447189089270846,-1.1662941609744464,-2.9659809555989276
LWF001,lakeWhitefish,-2.4826231036767714,-3.2051934893380802,-0.5110353821843836
LWF001,lakeWhitefish,-7.090414668381741,-1.9585627786772057,-3.1824900166760584
LWF001,lakeWhitefish,-8.168289880393933,-4.346088401256188,-0.22057350726662395
LWF001,lakeWhitefish,-12.11565000131825,-8.416851075087274,-2.380150539066128
LWF001,lakeWhitefish,-6.139727533536425,-3.0164767421460734,-3.1115457636833557
LWF001,lakeWhitefish,-8.438919776779057,-3.537908892646024,-0.860912479128805
LWF001,lakeWhitefish,-8.753815183396945,-4.108539227272067,-0.7923705660798128
LWF001,lakeWhitefish,-6.847817551235865,-1.5880557779789823,-9.700833837526812
LWF001,lakeWhitefish,-3.4741477850558855,-1.677145861546721,-5.155132292211845
LWF001,lakeWhitefish,-6.57440455954475,-1.9174295567348132,-6.9515621999625825
LWF001,lakeWhitefish,-9.150753926198437,-2.4670110279977706,-6.509638567268574
LWF001,lakeWhitefish,-4.028177350338386,-1.6678933355591306,-0.34975320500182316
LWF001,lakeWhitefish,-1.6057080904182832,-0.19103610038544572,-3.7931083398017678
LWF001,lakeWhitefish,-4.597882739487245,-0.7885639129174757,-5.32587937148055
LWF001,lakeWhitefish,-6.147371161682155,-1.3577910988729656,-2.809693495006906
LWF001,lakeWhitefish,-2.4747086787732666,-1.1327211628756244,-2.1182395505229494
LWF001,lakeWhitefish,0.6607040481155666,-3.4937391356823078,2.0436331509511287
LWF001,lakeWhitefish,-0.27629346858120196,-2.169097253652912,0.4959341557819493
LWF001,lakeWhitefish,-0.9956035568695909,-1.6174688843035896,0.6368569114666649
LWF001,lakeWhitefish,0.9189678540141166,-2.111447630411443,-1.3028192994285246
LWF001,lakeWhitefish,-0.1293784106192586,-3.556132856948641,0.577419240382075
LWF001,lakeWhitefish,-2.3930369161320515,-1.0720111734515827,-1.6090338925440668
LWF001,lakeWhitefish,-7.710942062016755,-3.157306042586201,-4.750490153550443
LWF001,lakeWhitefish,-2.358953302250481,-2.7682151073180554,0.8469714628702574
LWF001,lakeWhitefish,1.505406209146435,-2.5232733149163105,1.2199839075303722
LWF001,lakeWhitefish,0.27301218341655975,-2.6140955279761133,-1.4344127583329087
LWF001,lakeWhitefish,2.7204114195447398,0.6315204969164465,-0.8726872974395029
LWF001,lakeWhitefish,2.820244921763698,-1.616950581789054,-0.7410195447622184
LWF001,lakeWhitefish,5.52772594384491,-2.5975329160796665,1.6160871115644704
LWF001,lakeWhitefish,4.054616938009843,-4.917557976519785,3.0101676612541732
LWF001,lakeWhitefish,7.185184251567262,-8.68503890172548,2.7003459516568187
LWF001,lakeWhitefish,9.149077657025135,-9.47995464036369,3.002656870486553
LWF001,lakeWhitefish,6.550214483674591,-8.291717341418009,2.976453927787986
LWF001,lakeWhitefish,-0.5158797817285207,-10.838273160064045,4.05353060486686
LWF001,lakeWhitefish,-1.1639970566549107,-8.731580698721082,3.1472881720051324
LWF001,lakeWhitefish,-0.850078308413012,-4.149783302970617,0.017652922637382357
LWF001,lakeWhitefish,-0.31200192283577866,-3.1462986451766026,-0.5184138132027332
LWF001,lakeWhitefish,-1.6905109505359295,-2.0015162863641787,-1.9933357051223504
LWF001,lakeWhitefish,-2.3645385638998717,-4.403577529305836,-0.8063307421873531
LWF001,lakeWhitefish,-4.6185793393456684,-7.383675443457132,0.4323652544591938
LWF001,lakeWhitefish,-7.794282710540719,-9.33198182601462,-0.002196122340532014
LWF001,lakeWhitefish,-6.614456226012321,-5.509752315533768,6.332698057409396
LWF001,lakeWhitefish,-3.1596425516843065,-4.6771274289654095,5.390160773248671
LWF001,lakeWhitefish,-4.543812334519003,-4.833527313756802,2.3842514987296664
LWF001,lakeWhitefish,-3.73845528855588,-1.6630261947640304,-1.2328933071683896
LWF001,lakeWhitefish,-4.605817881421787,0.8052656356033112,-2.017541704855301
LWF001,lakeWhitefish,-8.389756854993802,0.8990379134565956,-6.090058403671852
LWF001,lakeWhitefish,-10.717197162190228,0.810761655588156,-5.261890532036179
LWF001,lakeWhitefish,-14.722220649376279,-0.9978264874648897,-4.575125437536746
LWF001,lakeWhitefish,-12.86415787800452,-0.39337581410271794,-4.0976447646837775
LWF001,lakeWhitefish,-8.023382695547912,0.5041315822444661,-4.943780169547426
LWF001,lakeWhitefish,-6.454141420113517,-0.7181909584959587,-2.025423264772501
LWF001,lakeWhitefish,-5.410257627910816,-1.048946986322354,-0.9817936495313524
LWF001,lakeWhitefish,-3.96418671627436,-0.18182407263118427,2.0789536490100686
LWF001,lakeWhitefish,-5.111660309988108,0.23337959467143155,-0.7658572530523668
LWF001,lakeWhitefish,-8.262984412290438,1.279346323451109,-7.415701659307538
LWF001,lakeWhitefish,-10.998598399943905,1.70286967037431,-6.326972167901844
LWF001,lakeWhitefish,-11.908159030919718,-1.6121009340377404,-1.1097262568062471
LWF001,lakeWhitefish,-10.6615944265722,-1.2082884087940267,-0.9547747842890857
LWF001,lakeWhitefish,-11.179997554994381,-1.1148999154412826,-3.9749690905361934
LWF001,lakeWhitefish,-13.994852426139895,-1.9601108566127672,-3.0084453923441785
LWF001,lakeWhitefish,-13.524189175693898,-1.6274434676527116,-0.24597444586415484
LWF001,lakeWhitefish,-14.58049854699529,-1.3489706676036222,-1.2583557033839776
LWF001,lakeWhitefish,-15.853430728737523,-2.670934148022073,1.1369161222114936
LWF001,lakeWhitefish,-15.522160906456513,-1.7096449944998944,2.2513675757932337
LWF001,lakeWhitefish,-14.149561618246032,-1.883248433061314,2.8317461173079694
LWF001,lakeWhitefish,-13.043132108447642,-0.21798737595217377,-2.1613513159365034
LWF001,lakeWhitefish,-9.616173583968806,0.5101326818941758,-0.7437666218413179
LWF001,lakeWhitefish,-9.672656513005986,0.3091389503413091,-1.9488892627726155
LWF001,lakeWhitefish,-10.455608833206746,-0.985671374828557,-1.010518549075622
LWF001,lakeWhitefish,-9.19740694582096,-0.01827041680350705,2.0512069929500294
LWF001,lakeWhitefish,-8.621743207472285,0.6258054164401212,1.9106897595067496
LWF001,lakeWhitefish,-12.67011938642434,-2.0193945640263697,-1.6077263467342169
LWF001,lakeWhitefish,-11.13035075166195,0.22370274929368472,-3.948170240897329
LWF001,lakeWhitefish,-11.486552372893371,1.2429797930355968,-6.680657382720645
LWF001,lakeWhitefish,-8.36873825890042,2.2914482341632554,-3.9054352190416486
LWF001,lakeWhitefish,-7.876603326275286,1.9222298572971104,-5.1195642853793775
LWF001,lakeWhitefish,-7.44656042303429,2.6591747238342758,-5.659620325766337
LWF001,lakeWhitefish,-8.378158319787707,2.3602249477656896,-4.2888520068209965
LWF001,lakeWhitefish,-7.376940571010356,3.1585141370851,-2.616737437776858
LWF001,lakeWhitefish,-7.967086695190481,2.1425946668957785,-4.147539585332698
LWF001,lakeWhitefish,-9.804601753846573,1.9276136840302271,-5.40405670084316
LWF001,lakeWhitefish,-10.30848325612126,1.25990074162975,-3.5562756429883566
LWF001,lakeWhitefish,-9.346818710503701,1.0190447015153605,-2.76613660061636
LWF001,lakeWhitefish,-8.126271518611167,1.6510394574668257,-2.877652703509383
LWF001,lakeWhitefish,-8.136504886273013,0.9759551612604165,-2.3973674023664935
LWF001,lakeWhitefish,-10.561044177296294,-0.6671222797894547,1.1560487018400527
LWF001,lakeWhitefish,-9.934511322727037,0.9807674463201612,1.512765434822266
LWF001,lakeWhitefish,-16.210756003264933,0.13354186693774617,0.30638054430793993
LWF001,lakeWhitefish,-16.631915181352134,-1.7229821623865575,2.8963612864536517
LWF001,lakeWhitefish,-20.580057807525275,-2.6246346165951726,2.300409589037503
LWF001,lakeWhitefish,-23.393234796111,-5.380115650221362,-2.75148102225619
LWF001,lakeWhitefish,-21.95615445067725,-4.1239994803439535,-6.771389989872554
LWF001,lakeWhitefish,-20.681987416986505,-3.0053982178884384,-1.8378611368031983
LWF001,lakeWhitefish,-20.77540934994377,-2.985077541018219,-0.6379082378860632
LWF001,lakeWhitefish,-17.617389676141862,-1.4495711274120016,0.11134146130175093
LWF001,lakeWhitefish,-18.945351531481258,0.20009574181107936,-1.5038575892815667
LWF001,lakeWhitefish,-20.08022677486381,0.6027614270119313,0.16568787246698502
LWF001,lakeWhitefish,-20.472490291531948,-1.7379550804100474,-2.3930533726636583
LWF001,lakeWhitefish,-23.620586024230004,-4.670241969815708,-5.830013167854892
LWF001,lakeWhitefish,-23.932512236902575,-4.6279886947561435,-3.7094781208178693
LWF001,lakeWhitefish,-22.900810294372484,-3.636232383765993,-7.026729244232786
LWF001,lakeWhitefish,-17.283519881777472,-1.3082494786856609,0.9932225521965918
LWF001,lakeWhitefish,-18.49635959994626,-1.3165778730642224,0.2797133946707726
LWF001,lakeWhitefish,-17.82083898198656,1.2647968467847055,-1.7694230039044854
LWF001,lakeWhitefish,-17.43928218313566,0.6905243046113405,-0.9074920453699908
LWF001,lakeWhitefish,-19.045752340450434,0.07424785379731791,-2.3614568766806174
LWF001,lakeWhitefish,-21.11864810875574,-2.070560892233746,0.1639902770838173
LWF001,lakeWhitefish,-16.12863032546524,2.377811462769996,-0.021311601951237158
LWF001,lakeWhitefish,-15.656298002050974,3.1587513150799644,-1.58013431772528
LWF001,lakeWhitefish,-12.528760309567929,0.8474388298153341,0.07356406290572037
LWF001,lakeWhitefish,-10.152958018515783,-0.3416414596083581,-0.32524839678959605
LWF001,lakeWhitefish,-8.029713989686664,0.4622542175554165,0.5742869210283785
LWF001,lakeWhitefish,-8.783472795038463,2.3022483127750277,0.10614884055100182
LWF001,lakeWhitefish,-9.20252279548299,1.8142925808436383,1.2525618521332065
LWF001,lakeWhitefish,-14.790037388173818,2.1228718489345333,-1.5876473895696441
LWF001,lakeWhitefish,-14.770797895992676,-0.3786226176293068,1.0140151715331394
LWF001,lakeWhitefish,-20.518435263698933,-1.0025349680559623,3.442048671353443
LWF001,lakeWhitefish,-17.265743371897052,1.2669311448207614,5.003152996237561
LWF001,lakeWhitefish,-14.650599157832474,1.3382799404438253,1.9190226100798604
LWF001,lakeWhitefish,-13.761389279560746,-0.3992552703032488,-0.7296081438583188
LWF001,lakeWhitefish,-9.591550986290118,1.188590844840697,-2.2361937272486228
LWF001,lakeWhitefish,-5.864692961130708,3.981437547708946,0.6392922196581008
LWF001,lakeWhitefish,-7.528786447055605,3.8398110297887205,-2.615223834125013
LWF001,lakeWhitefish,-5.677190166123913,4.739733590088428,-2.383848537167877
LWF001,lakeWhitefish,-6.100229935764916,4.835259728291378,-3.7185729080908287
LWF001,lakeWhitefish,-5.562317074807275,5.422999723372003,-2.644848711759579
LWF001,lakeWhitefish,-6.555087959737804,5.58403669538326,-3.443122758950248
LWF001,lakeWhitefish,-4.40615837755617,6.381749475225915,-3.349230536152529
LWF001,lakeWhitefish,-3.1604213917464863,6.352821465900342,-3.1458325497666566
LWF001,lakeWhitefish,-5.078191735624018,4.999175207272298,-4.158606341451703
LWF001,lakeWhitefish,-4.791074807713531,6.8475966501034335,-1.7817509735265844
LWF001,lakeWhitefish,-5.136361751353117,6.1423811473074075,-3.9993045768099313
LWF001,lakeWhitefish,-3.863072559780494,6.108631172114652,-3.5227647574311023
LWF001,lakeWhitefish,-2.7545380576223066,6.7865549928721105,-2.6077877944746355
LWF001,lakeWhitefish,-1.4141142347120446,6.565761104461942,-0.7976158285927779
LWF001,lakeWhitefish,-0.32736847335034686,6.133138426814905,-3.710371327003895
LWF001,lakeWhitefish,-0.2220669333552444,6.370942484188522,-2.9927148270611768
LWF001,lakeWhitefish,-1.1262106807448244,5.9507093146876295,-1.3596086697777419
LWF001,lakeWhitefish,-2.909153518522206,6.945229611800891,-3.783813433293612
LWF001,lakeWhitefish,-16.117249200875992,4.339531107590065,-0.7794641179276471
LWF001,lakeWhitefish,-19.120365133642892,3.0360227998629,0.1169953810349309
LWF001,lakeWhitefish,-16.084306074433098,4.943218923547138,2.1428044476563852
LWF001,lakeWhitefish,-19.88661934566011,4.787361966735098,-2.3463932442940463
LWF001,lakeWhitefish,-21.01063513820813,2.669866998603225,-0.20758442304029945
LWF001,lakeWhitefish,-18.101908220538405,2.761764732735069,0.642119190298295
LWF001,lakeWhitefish,-9.137174008468191,3.304067407161077,-2.207312918537978
LWF001,lakeWhitefish,-15.224138860811179,4.075603037489838,-3.3673827522428734
LWF001,lakeWhitefish,-16.82441001579128,3.115121846223288,-0.6261839104314149
LWF001,lakeWhitefish,-15.612828088367605,5.17422927432101,0.7935817590716134
LWF001,lakeWhitefish,-18.519558477045038,7.320388986058896,0.4567035200743734
LWF001,lakeWhitefish,-19.549996045680913,4.00694984346319,0.034555748422676835
LWF001,lakeWhitefish,-16.597343295383958,4.453998578537662,-1.1997603702081392
LWF001,lakeWhitefish,-16.291431732811326,3.482095621776985,3.035164081767448
LWF001,lakeWhitefish,-13.887275140388581,4.967486605549725,2.576079010291891
LWF001,lakeWhitefish,-11.768594575184014,4.487301970174,2.1899658793556522
LWF001,lakeWhitefish,-5.070190829635042,7.068566366403034,-2.4403339934593817
LWF001,lakeWhitefish,2.580451134682723,10.244556580265668,-2.274698208281774
LWF001,lakeWhitefish,6.282426839191758,10.45753549219231,-1.1257850360158077
LWF001,lakeWhitefish,0.5985049531598856,-0.9055102371005493,-3.068966772483897
LWF001,lakeWhitefish,6.664765677316171,2.7361222127289393,0.2974040471938004
LWF001,lakeWhitefish,6.1345809725928975,2.8054502615349004,-1.0677648414213572
LWF001,lakeWhitefish,0.7259612114867083,-1.8628784105191218,0.11458574824607543
LWF001,lakeWhitefish,1.4174765988569062,-0.0586350647550371,0.36253742603192385
LWF001,lakeWhitefish,5.546799826762928,2.2045612049726726,1.934737558652885
LWF001,lakeWhitefish,8.157770189919372,6.176464548090616,1.9243494524345084
LWF001,lakeWhitefish,6.828816291488556,5.880930239768118,-2.3388607401362793
LWF001,lakeWhitefish,4.931098344371381,3.570721262308649,-6.474305582364583
LWF001,lakeWhitefish,6.768099110754315,4.128896337773401,1.2892886593307076
LWF001,lakeWhitefish,6.47957316408816,4.066397917221414,-0.02475879386652391
LWF001,lakeWhitefish,7.477482647589454,5.165594629121287,1.1601614916839376
LWF001,lakeWhitefish,5.5796257411802594,3.9354371299634527,-1.3709504206648397
LWF001,lakeWhitefish,5.650642071591464,3.334335632394729,-2.0500606300470277
LWF001,lakeWhitefish,8.011512899172988,5.084324868707596,2.0409333408964327
LWF001,lakeWhitefish,8.526825505616264,5.629551874514027,1.299058751826839
LWF001,lakeWhitefish,8.077494381881625,4.777616649119517,1.7585780460102787
LWF001,lakeWhitefish,5.635608084038957,2.029829613144936,0.8428721047084431
LWF001,lakeWhitefish,5.828236995312224,1.6113076644564863,3.5786737576788217
LWF001,lakeWhitefish,3.165665741845007,-0.7606884959851379,1.4803732229833286
LWF001,lakeWhitefish,3.147796205052909,0.4941757408494747,2.4920405476262784
LWF001,lakeWhitefish,1.8066977117350413,-0.8257488826411205,2.0249045190780075
LWF001,lakeWhitefish,2.342901033087399,-1.5482400179769575,0.4711805311415276
LWF001,lakeWhitefish,4.076702184163805,-0.8921028119948607,3.504256450258324
LWF001,lakeWhitefish,5.137376874432191,0.6996648020783194,1.7632354434595934
LWF001,lakeWhitefish,5.746491996476872,-1.0739011855014262,-0.738403487945344
LWF001,lakeWhitefish,12.694834868259758,0.9112371528523528,1.2593530070396968
LWF001,lakeWhitefish,10.931333026115137,-4.141307485254505,1.8499632779223667
LWF001,lakeWhitefish,8.916996805264981,-3.4090442776199446,3.191047833368157
LWF001,lakeWhitefish,7.118658420369669,0.3093044608103548,-1.9917199616118135
LWF001,lakeWhitefish,7.495114209435436,1.9588362123930083,-2.7132685987369554
LWF001,lakeWhitefish,2.0300212025159388,-3.8725930270440387,-1.591178442938419
LWF001,lakeWhitefish,2.2834007911276424,-4.455231069776226,-2.8023440953201977
LWF001,lakeWhitefish,4.650790616448332,-3.0211494567904364,-1.150909261071464
LWF001,lakeWhitefish,6.151359313179375,-2.441858562421693,-1.4007227319865216
LWF001,lakeWhitefish,7.318184363632165,-0.7607620966613018,-0.8642814701434467
LWF001,lakeWhitefish,5.456976513051978,-1.6352015982360684,-1.7153042523624613
LWF001,lakeWhitefish,2.7627276868823745,-2.8505878693016644,0.553792685464498
LWF001,lakeWhitefish,2.2880873437407487,-2.508363050833866,0.20384119589015487
LWF001,lakeWhitefish,1.2303583302207544,-3.8462692418306057,-4.2534284268518405
LWF001,lakeWhitefish,7.909785718804778,-1.9982567533575235,0.7509073167398954
LWF001,lakeWhitefish,9.217820515431896,-2.4200057992582753,0.9696967585726499
LWF001,lakeWhitefish,14.482689674718909,-2.5776725777018656,0.2919348079736448
LWF001,lakeWhitefish,16.338919292484874,-2.494970269203394,-1.5045764702006634
LWF001,lakeWhitefish,16.310830225186983,-4.3092895690612725,-0.318507923401655
LWF001,lakeWhitefish,13.7065873582198,-4.549590308602038,-0.15665738082741676
LWF001,lakeWhitefish,12.426592480809978,-5.045263549960154,-1.4130703484367422
LWF001,lakeWhitefish,15.107433042871271,-2.3222860045471703,-1.6904064751781633
LWF001,lakeWhitefish,15.383241734194716,-2.047690960926383,-2.47093239713183
LWF001,lakeWhitefish,14.4740247648078,-3.664011244602131,-2.162297777023789
LWF001,lakeWhitefish,13.786093454014955,-4.3245138750021805,-1.936347134560179
LWF001,lakeWhitefish,13.229740862778794,-4.558543421642556,-2.4886714714434
LWF001,lakeWhitefish,8.65053706602764,-8.935767870145732,-3.0557644504322234
LWF001,lakeWhitefish,9.001990922682083,-6.600900786050483,-0.6238694020916518
LWF001,lakeWhitefish,7.932025548812139,-5.963711542772012,-0.08430382969811734
LWF001,lakeWhitefish,4.826483338607095,-9.965224418583853,1.7619119087790802
LWF001,lakeWhitefish,6.757526297650921,-7.81849031303577,-0.8145118707162461
LWF001,lakeWhitefish,8.244375828120463,-6.916041711178579,-2.334257228632085
LWF001,lakeWhitefish,7.488797943089786,-7.1921554851205585,0.06577385759421261
LWF001,lakeWhitefish,9.324717396742082,-5.699258360190903,-1.4329525717940739
LWF001,lakeWhitefish,7.36137568837193,-10.186801436284181,0.5179102482900919
LWF001,lakeWhitefish,8.975538280179034,-5.9049790243165345,-1.3887553402085802
LWF001,lakeWhitefish,9.15716146189757,-5.3102271922197755,-0.9854637207030521
LWF001,lakeWhitefish,9.243992988313332,-6.0021642999066085,-1.16155440426577
LWF001,lakeWhitefish,10.640455704082921,-5.870415440888443,-2.4782514864487175
LWF001,lakeWhitefish,12.884825810014897,-4.5746985496199635,-4.224509587677807
LWF001,lakeWhitefish,14.183037416355123,-3.081459204297493,-3.7212490395930815
LWF001,lakeWhitefish,12.52837863540298,-6.578963669405767,-4.492165326222935
LWF001,lakeWhitefish,17.315444217337177,-3.6099848802551784,-2.0644246036416316
LWF001,lakeWhitefish,17.77672573566808,-2.762202761819305,-3.2065777023130027
LWF001,lakeWhitefish,14.808480851301182,-4.086447354558148,-0.06660913665429602
LWF001,lakeWhitefish,14.648815591640156,-3.1981921428594244,-3.727231747946961
LWF001,lakeWhitefish,15.924284857979373,-4.418458165258345,-3.4420088530290247
LWF001,lakeWhitefish,13.74899617563809,-5.696645119639254,-2.191213210709188
LWF001,lakeWhitefish,14.732317157473798,-3.152728158214099,-2.7538219032961555
LWF001,lakeWhitefish,15.997744812253654,-2.42640080000607,-2.0604198488893646
LWF001,lakeWhitefish,13.20144096922646,-7.316339665940675,-3.7628519063637635
LWF001,lakeWhitefish,14.347791171723157,-5.795560143944229,-6.015516870496658
LWF001,lakeWhitefish,12.988904919100582,-5.831429160574151,-7.827991886852358
LWF001,lakeWhitefish,16.522653593183193,-4.138005706859534,-3.5872648023094933
LWF001,lakeWhitefish,17.92482040799688,-3.041315923895924,-0.919296807942581
LWF001,lakeWhitefish,16.437293704045747,-2.3985429130687757,-6.252711320516262
LWF001,lakeWhitefish,15.513224744311247,-4.489176004604271,-5.91644808671712
LWF001,lakeWhitefish,20.361788647805298,0.759919557115448,-6.841083774829214
LWF001,lakeWhitefish,6.030418525362597,-8.94437411007093,2.761505350964705
LWF001,lakeWhitefish,18.041191298713528,-0.6788609343827559,-5.702262685352711
LWF001,lakeWhitefish,21.281598085860335,-1.1506450269220245,-4.24453015147968
LWF001,lakeWhitefish,22.945254302186267,-1.0215563427767185,-5.454477716904066
LWF001,lakeWhitefish,23.737715593054393,-1.0308780035475262,-3.306621859086353
LWF001,lakeWhitefish,24.358058155455122,1.2364941198189845,-3.654253073205913
LWF001,lakeWhitefish,22.88723302364375,0.6896706160031432,-5.332283996792496
LWF001,lakeWhitefish,21.79914346557159,0.3012612376786583,-3.35165498640974
LWF001,lakeWhitefish,18.745795068253152,-2.3288870087765794,-1.2441203124513618
LWF001,lakeWhitefish,15.815866616217043,-2.4348448004189587,-3.2194808830142114
LWF001,lakeWhitefish,14.694581707340012,-2.858073122509606,-4.158556120186061
LWF001,lakeWhitefish,15.501253229632836,-3.3515488372766358,-3.5704992804096323
LWF001,lakeWhitefish,16.100807186352924,-3.2377840961052464,-2.9581025250122304
LWF001,lakeWhitefish,14.240029606429662,-2.3203879691402265,-7.797837536894719
LWF001,lakeWhitefish,16.233324682198628,-2.8194982624706926,0.7543500953783937
LWF001,lakeWhitefish,17.342278728767738,-3.2495421781656013,-2.2362953939200887
LWF001,lakeWhitefish,15.507414211825528,-4.614161506260167,-2.4654499069035527
LWF001,lakeWhitefish,15.057941912317013,-2.692122476217909,-3.9940063407464375
LWF001,lakeWhitefish,17.550218947387116,-0.46905868035955756,-1.9683160766295864
LWF001,lakeWhitefish,17.405301604236836,-1.8093183947164095,-3.550804556283601
LWF001,lakeWhitefish,16.899137535735058,-0.7400999114108187,-4.54450177952773
LWF001,lakeWhitefish,15.173020709996624,-2.4464232209488768,-3.022857786824212
LWF001,lakeWhitefish,15.785967542346233,-1.5352074610159887,-4.634777403166705
LWF001,lakeWhitefish,15.964159321341723,-1.8172385714729637,-3.1723252003540727
LWF001,lakeWhitefish,11.711050507599076,-4.957307014300577,-7.100572286594601
LWF001,lakeWhitefish,11.038618109714788,-6.24827299015557,-3.905398687476283
LWF001,lakeWhitefish,14.559558540569759,-3.820876358389402,-4.461998672036276
LWF001,lakeWhitefish,16.876941742074628,-3.3574074965428626,-5.065740156193741
LWF001,lakeWhitefish,14.324963618882633,-5.958644924524004,-8.108356290607432
LWF001,lakeWhitefish,14.239188958306237,-2.697454268337162,-7.937253637409954
LWF001,lakeWhitefish,16.102834618023472,-2.990130612086041,-1.0678744537646994
LWF001,lakeWhitefish,14.668834580178562,-7.453932136633176,-5.1256894007191605
LWF001,lakeWhitefish,23.46971665510356,2.4810782002606633,-3.2060265112318027
LWF001,lakeWhitefish,14.587433826973523,-1.6942517658839904,0.3961317852123729
LWF001,lakeWhitefish,9.780599115086085,-2.5310464915752915,1.4298995071857956
LWF001,lakeWhitefish,10.488137009450433,1.082400362535696,0.8003483900190052
LWF001,lakeWhitefish,5.6573028162683965,-4.028493215391386,-0.6211701365756432
LWF001,lakeWhitefish,9.325787911367241,-3.009844528547549,-4.088491361818283
LWF001,lakeWhitefish,8.030084201314189,-1.7005783769008422,1.550975506912762
LWF001,lakeWhitefish,4.738265256850079,-2.4928472925386393,-2.2861105643544883
LWF001,lakeWhitefish,7.976908576752981,-1.248960340459754,-0.5653753993943157
LWF001,lakeWhitefish,8.77336686790409,-2.5799681646371573,-4.591690025958609
LWF001,lakeWhitefish,8.849814186198895,-0.5381611253879874,-3.353078933217055
LWF001,lakeWhitefish,4.459694840442097,0.06391827740273448,-2.7397328159318164
LWF001,lakeWhitefish,-1.7491146843943777,-3.4196735698190888,-5.569621940619053
LWF001,lakeWhitefish,4.051156415117179,-2.6569957382674865,-2.9383923282387183
LWF001,lakeWhitefish,4.08494386792776,-1.2688419026936983,-3.062704180661076
LWF001,lakeWhitefish,0.68936062629479,-3.6591870616742783,-0.7691887599750313
LWF001,lakeWhitefish,5.784566337042285,-0.8572962868575003,-5.581145877258496
LWF001,lakeWhitefish,10.286395472056489,-0.435661999436995,-1.519327706888206
LWF001,lakeWhitefish,7.9847509695912855,-2.35646127920516,-5.37126492900621
LWF001,lakeWhitefish,2.506653719363093,-3.21479280592103,-0.2013352273955934
LWF001,lakeWhitefish,-0.41209310786852166,-6.516661972012417,-1.1812833244939691
LWF001,lakeWhitefish,3.9093258847942467,-6.003008388329381,-1.8715839082311443
LWF001,lakeWhitefish,5.707524814320359,-3.1895981446967796,-4.725504372744757
LWF001,lakeWhitefish,5.4007855870288015,-4.9898132896805425,-2.645860789050788
LWF001,lakeWhitefish,8.445764393986154,-2.896295339036122,-5.240292272375659
LWF001,lakeWhitefish,11.394272503118561,-3.097742529333207,-3.9729603015595827
LWF001,lakeWhitefish,7.4304081410441905,-4.781478653477706,-4.398520206470945
LWF001,lakeWhitefish,7.086395856255644,-0.7195278790627051,-7.032916327072359
LWF001,lakeWhitefish,4.194153216376339,-2.9495505250576097,0.534953083311015
LWF001,lakeWhitefish,7.791204056284064,-4.099265933877191,-4.55413522826559
LWF001,lakeWhitefish,9.6286991248765,-1.25093089037263,-6.744168054325396
LWF001,lakeWhitefish,9.16758659882571,-1.7733443833634528,-6.932613562404665
LWF001,lakeWhitefish,11.282535547412698,-2.707189531430564,-4.717663986727508
LWF001,lakeWhitefish,10.508646252703457,-2.7973897648665433,1.1608456751368073
LWF001,lakeWhitefish,6.011914937030221,-4.915987396312248,-7.808842076852374
LWF001,lakeWhitefish,5.872620526129315,-4.75254554199457,-5.459225977670758
LWF001,lakeWhitefish,9.623661285758558,-1.1908225015976672,-5.811041826055332
LWF001,lakeWhitefish,9.578977723569263,-1.864026474692797,0.05478597247693773
LWF001,lakeWhitefish,5.56277199573114,-3.8946414379166843,-0.9328710480572772
LWF001,lakeWhitefish,5.108632707719685,0.542093501125724,-2.7474688927081923
LWF001,lakeWhitefish,30.138239026247746,-2.409204487920088,-3.7311809120228014
LWF001,lakeWhitefish,4.845977668598892,-3.59228456568119,-3.179972651845432
LWF001,lakeWhitefish,0.19822133093160899,-2.4293528929066937,-2.1273017176963727
LWF001,lakeWhitefish,-1.0186076691986181,0.8709377267170373,-0.481161602223474
LWF001,lakeWhitefish,-2.436350624578157,-1.0286466964734104,-3.3232530486774343
LWF001,lakeWhitefish,-1.0817165336114631,-0.007115912279736403,-4.337233147174546
LWF001,lakeWhitefish,-7.325176026319867,-2.268104184707148,-1.5066665194823499
LWF001,lakeWhitefish,-6.311822235746503,-3.65674330254829,-1.1477751541093442
LWF001,lakeWhitefish,-8.44384353765847,-6.158619602176027,-3.3606078493578915
LWF001,lakeWhitefish,-9.359064505558218,-6.5445095676507234,-1.3186791842476382
LWF001,lakeWhitefish,-8.674667912632152,-6.020750234956395,-2.3761764896506508
LWF001,lakeWhitefish,-4.992074343108647,-3.2421339022474602,-2.261580067875691
LWF001,lakeWhitefish,-4.869733777868975,-4.257356613783076,-0.7660446949275389
LWF001,lakeWhitefish,-8.522543427331163,-6.020703338391884,-0.04084359751135613
LWF001,lakeWhitefish,-7.112328548767508,-2.8859707605535743,0.04259235584877441
LWF001,lakeWhitefish,-13.949474250776337,1.747092255995815,-0.5194318965008189
LWF001,lakeWhitefish,-6.89100559821242,-4.074551987723817,-2.898224413386726
LWF001,lakeWhitefish,-7.411741664205152,-4.434372229485124,-1.2924575055180112
LWF001,lakeWhitefish,-6.5029823446852575,-3.3523338492670067,-2.8298702000376323
LWF001,lakeWhitefish,-5.040379489008662,-4.250274001329029,-0.9873025016442132
LWF001,lakeWhitefish,-4.981659142030693,-3.3702391844981463,-0.40187844207130863
LWF001,lakeWhitefish,-6.5832443083144305,-3.0509400058355807,-2.694509171154377
LWF001,lakeWhitefish,-8.72693480743226,-4.494115923867493,-5.527571868310482
LWF001,lakeWhitefish,-6.6160139612519835,-1.589352219107101,-2.1332456137050766
LWF001,lakeWhitefish,-0.517221514619596,-1.4891087626359296,-2.817934330542107
LWF001,lakeWhitefish,-0.6168147861703557,-5.6319386312108595,-0.5721961373156406
LWF001,lakeWhitefish,0.12441161585491267,-3.240175884905965,-5.776490189714737
LWF001,lakeWhitefish,-12.104797815577632,3.995570733645371,-5.716649593398741
LWF001,lakeWhitefish,6.221886915959087,-3.52297760594179,-4.296432520248626
LWF001,lakeWhitefish,6.277751201777709,-4.168698873606534,-3.532187471998002
LWF001,lakeWhitefish,4.969713570833964,-3.5168339987578827,-4.622219081915271
LWF001,lakeWhitefish,6.4016111212640325,-1.2226336199214785,-4.807885786986795
LWF001,lakeWhitefish,9.786098878986927,0.1626186208587681,-5.542716633596594
LWF001,lakeWhitefish,8.427012771422822,-2.907773670962852,-4.5436461609753405
LWF001,lakeWhitefish,5.677235922812723,-1.6949876710685694,-6.1918929766973605
LWF001,lakeWhitefish,3.984837727508355,-0.9208956439624856,-3.9851850161510223
LWF001,lakeWhitefish,6.772718828774243,-3.381530950204049,-4.656284913596913
LWF001,lakeWhitefish,5.437525027917639,-3.338559473020034,-2.6462042094482596
LWF001,lakeWhitefish,-0.43631751487730597,-6.556215362070698,-1.598892745777283
LWF001,lakeWhitefish,-0.15980081561271975,-5.313244759255371,-0.24109690352624646
LWF001,lakeWhitefish,2.7732954740509457,-2.842150414810864,-3.452684077917947
LWF001,lakeWhitefish,-0.6606565499078307,-5.453664161190607,0.43245321195885755
LWF001,lakeWhitefish,-4.303647927019492,-1.200721103637108,-4.566972432681985
LWF001,lakeWhitefish,-6.107534415227539,-0.9041025125575466,-1.4262422072934695
LWF001,lakeWhitefish,-8.358615431358217,-3.3777112042388615,-4.117678121534837
LWF001,lakeWhitefish,-8.230542126755566,-4.334813160085326,-4.475939339985811
LWF001,lakeWhitefish,-9.666804415377921,-6.185859836195457,-2.550249609055766
LWF001,lakeWhitefish,-8.328670833150795,-6.102893349199229,-0.15470905855530082
LWF001,lakeWhitefish,-8.43635320870974,-4.416011163918194,-2.2245148251279634
LWF001,lakeWhitefish,-8.32702317606524,-4.85985393076539,-2.6457225182474904
LWF001,lakeWhitefish,-7.639928825432008,-3.6652629711682216,-0.41851233905158525
LWF001,lakeWhitefish,-8.220667866501564,-5.9177827008005055,-2.0165374618549285
LWF001,lakeWhitefish,-10.693920200497926,-5.084824982246677,-1.274516013544737
LWF001,lakeWhitefish,-10.34554178866311,-5.412150327744467,-4.1252458328307515
LWF001,lakeWhitefish,-10.076198999522479,-6.312034699890062,-4.892557183968011
LWF001,lakeWhitefish,-11.386951371163498,-7.305441974538264,-3.1890661587433478
LWF001,lakeWhitefish,-11.69986298730754,-8.073366818457188,-2.4857878646027047
LWF001,lakeWhitefish,-10.967051342031514,-5.0526444511210125,-2.8204604458467104
LWF001,lakeWhitefish,-10.850103285058397,-5.473121340699869,-0.5683410941137281
LWF001,lakeWhitefish,-7.235729844099625,-1.8950518990408245,-2.237189646745753
LWF001,lakeWhitefish,-11.358251451280166,-6.608541334289173,1.0132699567076269
LWF001,lakeWhitefish,-8.603528500074066,-3.836328016852276,-0.7145176612696473
LWF001,lakeWhitefish,-7.021169646310904,-2.93858765717553,-0.9557544674524734
LWF001,lakeWhitefish,-10.521401304354182,-4.683541178173382,-0.01976808701707311
LWF001,lakeWhitefish,-8.179277771286555,-4.995699494986512,-0.08222201939944518
LWF001,lakeWhitefish,-6.352569699794682,-2.834469178939427,-1.3705172360812328
LWF001,lakeWhitefish,-7.234274891425566,-5.991831825712805,-3.5372153571296776
LWF001,lakeWhitefish,-8.989286130712289,-5.125383386960864,-1.7679526360153688
LWF001,lakeWhitefish,-6.528825842974591,-2.8716608243070736,-1.2217311551639054
LWF001,lakeWhitefish,-7.1988782659643284,-3.463623063669612,-0.826254380480171
LWF001,lakeWhitefish,-9.482015287403184,-6.150295945922619,-2.598574408619926
LWF001,lakeWhitefish,-8.107146646949174,-3.6035474995970156,-4.961298688715124
LWF001,lakeWhitefish,-8.747531331655251,-4.055618148863171,-2.5666583340787477
LWF001,lakeWhitefish,-2.2601846380720727,-2.813146906045516,-0.825659188807202
LWF001,lakeWhitefish,9.062787326998395,-1.8996146081386993,-1.714891775264116
LWF001,lakeWhitefish,12.094186059850882,-3.4583408097919768,-5.340714620791298
LWF001,lakeWhitefish,10.740678727758489,-2.927360194745515,-1.5639173450756623
LWF001,lakeWhitefish,8.982980472816143,-7.845187306586984,1.6017402735177306
LWF001,lakeWhitefish,2.2061264803064318,-3.834499343504038,-2.5482787977006724
LWF001,lakeWhitefish,-8.042004403587006,-11.069365461282587,-3.168269598077812
LWF001,lakeWhitefish,-3.7290580768519357,-6.187723579336476,1.7589339203709062
LWF001,lakeWhitefish,-1.914719229378021,-3.0641792951629387,-2.932677478887188
LWF001,lakeWhitefish,-0.38882250821507675,-0.26231923293607323,-2.121152651157036
LWF001,lakeWhitefish,-3.800718884620384,-3.1824687844477393,-3.9016598771928708
LWF001,lakeWhitefish,-3.28262853632738,-2.6706732630219867,-2.9534668931345145
LWF001,lakeWhitefish,-2.2836380036444233,-1.0021896424331551,-2.1840860481880506
LWF001,lakeWhitefish,-1.4954127169344238,0.5202930249469946,-2.7652808139440976
LWF001,lakeWhitefish,-4.007642994621012,-3.1282177102423057,-1.8844633844642582
LWF001,lakeWhitefish,-1.630495178054631,-0.3436942357628485,-2.3808926616401025
LWF001,lakeWhitefish,-2.1475145332858343,-2.0600768932618263,-2.2822591564570236
LWF001,lakeWhitefish,-3.537974866865612,-4.784433370088809,-2.09753705408163
LWF001,lakeWhitefish,-2.7372977021846143,-4.5808880566975745,-0.12742674313066216
LWF001,lakeWhitefish,-3.209737709041207,-4.924195799674274,-0.11643654964523797
LWF001,lakeWhitefish,-3.8398756173554265,-6.344846514935507,0.8631648333057957
LWF001,lakeWhitefish,-3.7172593818470077,-7.670433595921036,2.0173928787533155
LWF001,lakeWhitefish,-4.958989548078703,-9.613907954826388,0.46820301526024277
LWF001,lakeWhitefish,-6.902052652387731,-12.307028183704883,-0.5934856391793444
LWF001,lakeWhitefish,0.1734020656792663,-5.200323822795161,-4.31992892653329
LWF001,lakeWhitefish,0.6243628243612078,-8.95150323670611,-3.8503807891911186
LWF001,lakeWhitefish,5.223266062581251,-6.36530793479963,-1.9187664793033976
LWF001,lakeWhitefish,4.570256765025789,-8.428650284219186,-7.581504304325708
LWF001,lakeWhitefish,11.36793882506807,-5.478144920115371,-4.41330959991289
LWF001,lakeWhitefish,11.96731478069616,-8.877388561681348,-4.407801893712953
LWF001,lakeWhitefish,14.608829671074776,-5.529041729977784,-4.5302712253465725
LWF001,lakeWhitefish,13.513566672747352,-2.5687550796133616,-0.6278049796085794
LWF001,lakeWhitefish,21.090330784382097,-0.18559085411358955,-7.692060871305126
LWF001,lakeWhitefish,2.2173245906400965,-13.88442866484342,-2.438044463341431
LWF001,lakeWhitefish,4.92997797609378,-8.709042950966731,-3.7454665635144213
LWF001,lakeWhitefish,10.541800746661133,-3.4679610929161884,-6.212240383854715
LWF001,lakeWhitefish,11.223230806328639,-1.78101743502403,-2.4722864362679418
LWF001,lakeWhitefish,10.617163745053027,0.7778790482625351,-0.6679657279245537
LWF001,lakeWhitefish,12.1481529310709,1.4383156172071603,-1.053442390217493
LWF001,lakeWhitefish,16.886498402304404,2.8574136442418916,0.08215563465847442
LWF001,lakeWhitefish,14.53950451007864,1.4260291960650093,-4.299364295109937
LWF001,lakeWhitefish,13.549615327155765,1.3878080870070608,-4.728243173503058
LWF001,lakeWhitefish,13.573620101192564,0.8729810292901687,-1.0853978367612802
LWF001,lakeWhitefish,15.300872264240663,-3.2705234234056593,-4.154816869943012
LWF001,lakeWhitefish,22.330652285977575,0.5861196524805625,-7.143225492349483
LWF001,lakeWhitefish,20.24732270620242,-2.4251409454687343,-5.849129119544606
LWF001,lakeWhitefish,18.14959879002073,1.5162449004951455,-5.767859444392451
LWF001,lakeWhitefish,15.370204795705975,-1.7927965391185796,-1.9228413309562364
LWF001,lakeWhitefish,10.006613323693202,-1.8916362729445242,-4.87324490538197
LWF001,lakeWhitefish,5.457121999112142,-1.5762483920298727,-4.172952446328985
LWF001,lakeWhitefish,1.006292737008526,-4.844437836447192,-6.037496946283894
LWF001,lakeWhitefish,-1.376124904403248,-5.622003936062516,3.163127749118283
LWF001,lakeWhitefish,1.9053480362335575,-1.481408290453751,1.210690273418742
LWF001,lakeWhitefish,6.768062133985977,4.71864035975026,0.6058234173980481
LWF001,lakeWhitefish,4.759499355310807,4.632634683729317,-2.8275543763272464
LWF001,lakeWhitefish,4.508478962107535,6.776495721579817,-1.3015216480305165
LWF001,lakeWhitefish,2.5852496351715657,7.278039878861826,-3.7625843211939385
LWF001,lakeWhitefish,2.4693522222345843,7.230311273258743,-0.2606004300279148
LWF001,lakeWhitefish,2.4245601517819035,7.190399026378904,-1.2435781651909892
LWF001,lakeWhitefish,4.005516589986849,7.695777648212352,-3.0206565458257004
LWF001,lakeWhitefish,4.6610435373554076,7.753632817442945,-5.0184549304318065
LWF001,lakeWhitefish,5.496107984353067,6.883528278527039,-1.6860694178536892
LWF001,lakeWhitefish,7.644617851460384,8.165311835017597,-0.06796114788846674
LWF001,lakeWhitefish,5.905085257958907,5.138922966993761,-2.566425807639453
LWF001,lakeWhitefish,8.46093199120036,5.706237089786924,1.9891574750488648
LWF001,lakeWhitefish,4.479792807925604,-0.04310841594551906,-0.317953144730063
LWF001,lakeWhitefish,5.584482549303241,0.6850922707623827,1.6113014880651524
LWF001,lakeWhitefish,4.272669491656042,-1.4684185625028618,3.4336386835900954
LWF001,lakeWhitefish,4.79447592447224,-1.2802576268323822,4.839188755760251
LWF001,lakeWhitefish,5.615029270123475,-1.4263153340586041,3.4188236665197693
LWF001,lakeWhitefish,8.174544279676573,1.2943612791106949,1.0466234654336697
LWF001,lakeWhitefish,11.32331592576609,3.2891021375007963,1.0642268203405911
LWF001,lakeWhitefish,8.906265197053939,1.4258217770233341,-2.6828647370288
LWF001,lakeWhitefish,11.09518627573873,4.439899821928705,2.018351261164918
LWF001,lakeWhitefish,10.988850094825164,3.0404050930162736,0.9435129348222309
LWF001,lakeWhitefish,18.742224881404976,3.1681137807652817,2.3684538993775677
LWF001,lakeWhitefish,20.58187160312859,2.6879346210076793,-2.196095501521702
LWF001,lakeWhitefish,21.94091980908413,3.7853568389534367,-4.57053514453122
LWF001,lakeWhitefish,22.927373869642537,4.187036589621272,-0.6603190844015456
LWF001,lakeWhitefish,22.433013049162106,3.663496254805385,-1.353645722357462
LWF001,lakeWhitefish,24.777503038364976,3.379583145384844,-1.236368381557429
LWF001,lakeWhitefish,25.039166872881797,3.4394905446497246,-1.680521449246391
LWF001,lakeWhitefish,25.737753872030936,6.701386327372381,0.6788827589943542
LWF001,lakeWhitefish,26.15223224734391,8.3414913808611,2.5384883092618136
LWF001,lakeWhitefish,24.943851874060915,5.327756501650005,-0.37177767226858816
LWF001,lakeWhitefish,26.546541155560163,4.396845120813996,0.03085796206548519
LWF001,lakeWhitefish,25.527754061685993,4.188029908139479,1.5741099677550645
LWF001,lakeWhitefish,25.819437176461093,4.870253297057353,4.7779676740533
LWF001,lakeWhitefish,27.55994884408274,6.596388546974808,2.34874510681455
LWF001,lakeWhitefish,26.658622996566137,4.26260193627581,0.023927854121748915
LWF001,lakeWhitefish,26.387122929089962,6.687496297490786,0.9768122199919995
LWF001,lakeWhitefish,21.691716881538426,3.5814000091075577,4.989057553292487
LWF001,lakeWhitefish,23.98699150157625,6.425268808501583,3.643338276418465
LWF001,lakeWhitefish,18.68790951022795,3.1210270161589326,-1.6674411876705948
LWF001,lakeWhitefish,20.06406800814123,3.9783622275422266,-2.028870412052556
LWF001,lakeWhitefish,19.923227345707012,4.935327015996061,0.05398989152515199
LWF001,lakeWhitefish,15.781195397450245,3.0379170852792567,0.3787419472702771
LWF001,lakeWhitefish,16.706966775829027,3.041893782042324,0.0964414798309221
LWF001,lakeWhitefish,18.454363333683055,6.424516877958473,3.3964491512421002
LWF001,lakeWhitefish,12.562092075570163,4.3341053438482735,1.9723397390526234
LWF001,lakeWhitefish,15.671503272613073,8.586821977122739,2.488063344237914
LWF001,lakeWhitefish,16.259068349213067,8.786771127751889,4.7473391912404415
LWF001,lakeWhitefish,13.781448723484818,7.2859259592345955,-0.2147787578209801
LWF001,lakeWhitefish,15.972602523011872,9.168577528509807,2.402895911609704
LWF001,lakeWhitefish,19.574955363351968,13.00418301135792,3.7885366524331214
LWF001,lakeWhitefish,20.63925829259815,13.748271138168441,5.653985082824729
LWF001,lakeWhitefish,31.286238282016548,10.516464628881295,5.306901135329319
LWF001,lakeWhitefish,31.66602237827258,8.874124908470762,4.814093504304038
LWF001,lakeWhitefish,30.30481779677988,6.750320741880161,2.884152013316207
LWF001,lakeWhitefish,33.03343583889457,9.316438725357564,2.136716271895004
LWF001,lakeWhitefish,35.887230223588006,11.421512436611835,1.459839039822091
LWF001,lakeWhitefish,35.946651689715075,11.235759576116152,2.593186750773423
LWF001,lakeWhitefish,35.83372949733001,10.923278710352019,2.31547393040519
LWF001,lakeWhitefish,32.86625746697544,8.859203792440322,1.9015747586358387
LWF001,lakeWhitefish,31.316703649356086,8.045841246420633,-0.4771728624297973
LWF001,lakeWhitefish,33.38047681839341,7.51263871553782,0.9988237506777473
LWF001,lakeWhitefish,34.11687171475205,8.716080000880018,-1.1630757952209994
LWF001,lakeWhitefish,34.885685002357754,8.72426392586285,3.265628478801375
LWF001,lakeWhitefish,36.30952999187051,10.130594489875483,2.4721558544829367
LWF001,lakeWhitefish,32.114341943600735,8.947367541479753,0.6267947795921618
LWF001,lakeWhitefish,30.902502524931673,7.918591543421554,3.8286456105167037
LWF001,lakeWhitefish,31.514133180778373,8.288383627669887,-1.2256409652580258
LWF001,lakeWhitefish,25.24170347120149,2.1154937015921904,-1.6717076591051026
LWF001,lakeWhitefish,21.243340085691894,-1.2381030356339662,0.7435685467577393
LWF001,lakeWhitefish,24.175799111059384,1.1767511417663208,-1.9018424965180776
LWF001,lakeWhitefish,24.324556452143042,1.098364731737706,-2.594561300055138
LWF001,lakeWhitefish,22.815092387038035,0.8001182993412383,-2.3320010469984505
LWF001,lakeWhitefish,22.13768262037743,2.2737246090079495,-2.8063907765234726
LWF001,lakeWhitefish,22.618299087162995,2.47415429974156,-1.0241340012662548
LWF001,lakeWhitefish,23.38324601818153,3.25935686062312,-0.34430006163604965
LWF001,lakeWhitefish,18.67466379256229,-0.7439727416645017,-1.2067285505195335
LWF001,lakeWhitefish,14.48764050082935,-1.0134394737425954,-7.1884824941435665
LWF001,lakeWhitefish,13.047096791449384,0.4890511307193135,-0.9278943428043618
LWF001,lakeWhitefish,10.46524992857712,-0.7860491100370082,-0.8903430766283875
LWF001,lakeWhitefish,11.940439141875727,0.16983008587766868,-1.6093039037835384
LWF001,lakeWhitefish,10.431925825062462,0.15247609121005823,-2.0377072132906733
LWF001,lakeWhitefish,5.830482904746191,-3.538406826444632,-1.6617523877932086
LWF001,lakeWhitefish,6.215100644449716,-0.14930094478490696,-1.4855908713935115
LWF001,lakeWhitefish,4.928044958594148,-0.9648934265163933,-2.6717433849664927
LWF001,lakeWhitefish,4.679742298845699,-1.6471136534617214,-3.0163060882828407
LWF001,lakeWhitefish,5.22040177449072,-1.3904417475617343,-3.2047004637514007
LWF001,lakeWhitefish,4.917057812747952,-1.4357909958514714,-3.426532223451784
LWF001,lakeWhitefish,6.817444551997009,0.1554666634404691,-3.0516169028464657
LWF001,lakeWhitefish,10.121263029993678,2.5062601958056674,0.07185441179447549
LWF001,lakeWhitefish,9.767515459804802,0.6972453317269323,0.3701108958094772
LWF001,lakeWhitefish,12.01166672003474,0.24570901415596635,-0.25915545882243096
LWF001,lakeWhitefish,10.623190474646574,-2.281299207178235,-0.6249796291540601
LWF001,lakeWhitefish,12.172968625633196,-2.763752974078808,-0.35799781600063874
LWF001,lakeWhitefish,13.31119179581221,-3.287913985762009,-4.633888847852092
LWF001,lakeWhitefish,15.251891141116973,-3.8838636552298187,-9.211585162639965
LWF001,lakeWhitefish,18.243952349391318,-0.6566123894476581,-3.9478524968920916
LWF001,lakeWhitefish,17.92338512862244,-1.0520712739716038,-2.982101393709568
LWF001,lakeWhitefish,16.647780952978117,-2.6625575499968,-3.6638908703631445
LWF001,lakeWhitefish,16.83181000016604,-0.7781215008649109,-7.735053475242756
LWF001,lakeWhitefish,20.265622246813344,-0.8391732719387051,-1.6917822852438147
LWF001,lakeWhitefish,21.766625622439022,-1.8230528146638112,-6.580122695040083
LWF001,lakeWhitefish,24.222002483517283,0.2336321457983841,-4.212233389330664
LWF001,lakeWhitefish,23.529988849793064,0.3401123669355952,-3.915076548262378
LWF001,lakeWhitefish,22.478564592536866,-0.5945422879856537,-5.4479026662689245
LWF001,lakeWhitefish,21.533170222273565,-0.6947675091201573,-4.221739193676911
LWF001,lakeWhitefish,16.21772998465663,-2.471189647600656,-5.6855744887290385
LWF001,lakeWhitefish,13.562592428545514,-3.3139241427262434,-4.103621399726072
LWF001,lakeWhitefish,7.47858475505736,-3.558254667322514,-3.0896905184886734
LWF001,lakeWhitefish,4.859383825010492,-2.6913691780175277,-5.207086906146562
LWF001,lakeWhitefish,-0.40292712778917483,-7.4858339518425705,-1.0937725537872611
LWF001,lakeWhitefish,-2.1997173570420925,-6.043752223599009,0.17664017111601393
LWF001,lakeWhitefish,-2.9274128933073116,-7.287206016544911,2.1295400252817425
LWF001,lakeWhitefish,-0.021655524515309166,-2.9914254325415506,-1.5931567567471028
LWF001,lakeWhitefish,1.6265919455725968,0.09573578695649276,-4.1541838379424085
LWF001,lakeWhitefish,0.09848082995026197,-0.5374676418187849,-6.48218351646907
LWF001,lakeWhitefish,2.5955300438032602,3.3128503102916844,-2.2370529632183467
LWF001,lakeWhitefish,1.5213812733324876,3.492981750148264,-2.8056376987846035
LWF001,lakeWhitefish,0.25212421750301084,2.3048063411726836,-4.229650586465732
LWF001,lakeWhitefish,-0.7167625100002728,1.2397071688775878,-8.147800933795402
LWF001,lakeWhitefish,1.4386165117530931,2.7668532118156333,-1.2710724147636039
LWF001,lakeWhitefish,0.08665387789721235,1.801459885734181,-4.302850941592756
LWF001,lakeWhitefish,1.6886141854492434,1.961517106338769,-1.7473938177948867
LWF001,lakeWhitefish,0.44407313497021983,-0.36299058602547984,-2.0021806177397474
LWF001,lakeWhitefish,1.6523669659157654,0.2585923537572306,-2.545501596430519
LWF001,lakeWhitefish,0.8639962673076287,-2.4330543424644766,-0.7292133733845443
LWF001,lakeWhitefish,-1.4101144690031322,-4.578403349136429,-1.8419331364371612
LWF001,lakeWhitefish,-0.3791219766770084,-3.767688852978915,-0.9646988396672994
LWF001,lakeWhitefish,-1.7152621211835506,-4.796502201466585,-0.10788964844586219
LWF001,lakeWhitefish,-3.6662059382032695,-5.983818573363395,0.5648037045238221
LWF001,lakeWhitefish,-5.189357039962587,-10.556984072929804,1.6834644349265293
LWF001,lakeWhitefish,-3.163122580041323,-8.948027050038117,1.0015479041967144
LWF001,lakeWhitefish,-2.2392674787367497,-7.808113674403423,-0.6154157986947502
LWF001,lakeWhitefish,-3.3699588791099546,-10.078705894589003,-3.34478844154075
LWF001,lakeWhitefish,-1.634034925950067,-8.68784352043774,-3.4697259371726634
LWF001,lakeWhitefish,2.4616944979095754,-11.429063370480717,1.2202070989416292
LWF001,lakeWhitefish,19.016894417321467,-2.8598900547289503,-5.344512781500412
LWF001,lakeWhitefish,9.157247726758417,-6.09384627868259,-2.7380208986269357
LWF001,lakeWhitefish,-2.8732385630610406,-5.808594324516668,2.6082883437567417
LWF001,lakeWhitefish,-7.481274489293706,-8.43921979905771,3.650987884317109
LWF001,lakeWhitefish,-9.206074649548585,-3.7700397270630868,2.8365259427837226
LWF001,lakeWhitefish,-15.67285715315172,-0.025891547271524207,3.882575040500166
LWF001,lakeWhitefish,-20.267121435863547,0.9210918027382449,-4.944915336083699
LWF001,lakeWhitefish,-23.56767846943928,0.05898282400323085,-2.067279282716523
LWF001,lakeWhitefish,-20.3680906653537,1.840390255624798,-8.665927213163869
LWF001,lakeWhitefish,-24.69400880839109,1.8451784948696557,-6.77873721731112
LWF001,lakeWhitefish,-24.90278722648945,0.7944761854585769,-8.425133418236326
LWF001,lakeWhitefish,-30.348713406472502,-6.338877553185558,-3.582923780229878
LWF001,lakeWhitefish,-21.122874787521425,-0.5612259649890783,1.9823588192683514
LWF001,lakeWhitefish,-11.20743752215654,4.883708542755654,4.180853411994905
LWF001,lakeWhitefish,-9.147231741608955,5.095773704239439,2.6983346745781076
LWF001,lakeWhitefish,-10.820553919774813,-0.21229769398023568,6.75144686853344
LWF001,lakeWhitefish,-5.966961873845551,-0.8915723029584042,2.5748906386706825
LWF001,lakeWhitefish,-6.338060549879297,-0.9430549289229913,3.5472561261688345
LWF001,lakeWhitefish,-8.446266572777262,-2.1685657656832893,2.890368678759221
LWF001,lakeWhitefish,-10.47338833707428,-4.161612929947861,-1.9179257678711927
LWF001,lakeWhitefish,-7.172072104889548,-1.4351070541259592,-0.4524330121320226
LWF001,lakeWhitefish,-1.9636001731125514,-1.851473693974886,4.929260241387986
LWF001,lakeWhitefish,1.997632266066204,-7.0296152859339776,5.14773079386252
LWF001,lakeWhitefish,14.101234177953918,-6.140422266024059,1.1201371250273655
LWF001,lakeWhitefish,18.55032318175043,-4.146535249616569,-1.4282543101052783
LWF001,lakeWhitefish,12.220150143138648,-10.340432319341593,3.2236564066295026
LWF001,lakeWhitefish,7.752058357140454,-10.686254834854969,4.749007850451222
LWF001,lakeWhitefish,8.862142560168556,-8.812388607460903,3.7022450229054673
LWF001,lakeWhitefish,7.108160196434912,-9.572342344293547,4.031107957485088
LWF001,lakeWhitefish,8.336803607100842,-8.910097493529168,3.369268743820416
LWF001,lakeWhitefish,8.840746079443933,-10.98911425779994,4.437471112578718
LWF001,lakeWhitefish,14.507461623314365,-6.7415910197702935,-0.18384075783480647
LWF001,lakeWhitefish,14.279027119281086,-8.083017457199247,1.2159022093604612
LWF001,lakeWhitefish,11.804237881645472,-9.56047076745163,2.528194519479981
LWF001,lakeWhitefish,12.270202513780928,-8.822350788235694,2.870899966129399
LWF001,lakeWhitefish,12.424619192167128,-8.56727237631305,3.1087800824560414
LWF001,lakeWhitefish,15.721219914056435,-7.202135231908782,2.9426087053659282
LWF001,lakeWhitefish,15.21476309614841,-7.534716507094792,3.2574877377865676
LWF001,lakeWhitefish,11.594025649514377,-8.933762749623977,4.505146945220934
LWF001,lakeWhitefish,11.486902786544471,-7.370662429428609,5.3357723113624385
LWF001,lakeWhitefish,11.07523944511314,-6.778743880946761,4.605756087814509
LWF001,lakeWhitefish,7.498234686765834,-11.253992787343272,7.643635415769873
LWF001,lakeWhitefish,13.76894098205939,-8.082619652110239,5.382067618920833
LWF001,lakeWhitefish,13.375856175204717,-7.741449652189816,5.436222728106268
LWF001,lakeWhitefish,10.212533058795591,-10.539660228341688,7.092222308126501
LWF001,lakeWhitefish,10.71779020293494,-8.525299863953308,6.188952534966271
LWF001,lakeWhitefish,7.0591749388353,-9.947225997970422,7.791672263756321
LWF001,lakeWhitefish,11.957203551007442,-4.858192265928938,4.464825510708655
LWF001,lakeWhitefish,13.371819287648936,-4.570407724449634,3.196047266191319
LWF001,lakeWhitefish,11.366067356362926,-6.3170539768797855,4.16212627801837
LWF001,lakeWhitefish,10.112206385564841,-5.846150162117056,4.248000432896039
LWF001,lakeWhitefish,11.672544012008357,-6.067630318211418,4.054283355754167
LWF001,lakeWhitefish,12.895957476519614,-6.130470922129495,4.0426330707576135
LWF001,lakeWhitefish,9.915211720636702,-8.290718110334929,5.378829218647091
LWF001,lakeWhitefish,10.202966140670672,-7.629102647581458,6.23530398593593
LWF001,lakeWhitefish,10.050067497396295,-6.958404992039671,7.214708292393304
LWF001,lakeWhitefish,9.052738635044062,-5.594146829284468,5.935945759258918
LWF001,lakeWhitefish,3.599311575165725,-5.612552719841753,7.145979791464465
LWF001,lakeWhitefish,1.0763143327381492,-7.969642055046365,6.920239130425214
LWF001,lakeWhitefish,-0.002623001509087647,-6.491945985377521,5.0737211761595065
LWF001,lakeWhitefish,-2.0316226058377302,-8.745275896018487,6.639672804354867
LWF001,lakeWhitefish,3.4991964764613743,-4.924044376081262,5.86240240849767
LWF001,lakeWhitefish,2.220154447641663,-9.106643103967215,8.50589366279822
LWF001,lakeWhitefish,3.4000523380839183,-5.359940781424183,5.073560152148517
LWF001,lakeWhitefish,0.3222841940784187,-9.401252830585687,6.11276883769585
LWF001,lakeWhitefish,2.7031771244881178,-4.964827884071351,4.0000054274899215
LWF001,lakeWhitefish,0.9056132418716587,-8.037602138468884,4.894677777817332
LWF001,lakeWhitefish,3.4799633304480864,-3.6970570277152195,3.93104755786163
LWF001,lakeWhitefish,2.368744507641817,-3.7849810648688624,4.23785051309392
LWF001,lakeWhitefish,-1.2230183840642526,-7.9225133284865255,3.6991039390437326
LWF001,lakeWhitefish,1.9034681828472158,-4.125190980513115,-0.3436997809621699
LWF001,lakeWhitefish,0.2107973565274175,-5.482388956933214,-0.757915758311037
LWF001,lakeWhitefish,-0.2106903150697801,-8.016873580288864,0.19732897885268785
LWF001,lakeWhitefish,2.8729201089528713,-3.469936704190265,3.9456394454213073
LWF001,lakeWhitefish,-0.9146178944916676,-7.135957107106307,4.3110770294188026
LWF001,lakeWhitefish,0.729473536668023,-5.030679721847795,-3.343507971036435
LWF001,lakeWhitefish,2.8825423143074635,-2.1988600574950348,1.6144338265601275
LWF001,lakeWhitefish,0.19316352646871204,-5.779469950847804,1.270066770157908
LWF001,lakeWhitefish,2.5003954403064963,-2.743962290423761,0.06404753050887846
LWF001,lakeWhitefish,-3.1355202656241636,-8.369067421435982,0.11236012436184217
LWF001,lakeWhitefish,0.4727952097177551,-4.332021728869352,1.7008768424562277
LWF001,lakeWhitefish,-2.158246280140503,-8.560832632214536,0.6072487932571722
LWF001,lakeWhitefish,1.589822526245582,-3.1920276364242275,1.17483767145497
LWF001,lakeWhitefish,-1.5149622335623767,-6.950916598872078,-0.057973669038809295
LWF001,lakeWhitefish,-0.6958281770070331,-6.080391667313348,2.3215309250925302
LWF001,lakeWhitefish,2.0254498724913748,-4.50375868952352,2.4646008143516056
LWF001,lakeWhitefish,-0.3034381805863795,-8.026347500233177,4.303611813029555
LWF001,lakeWhitefish,2.3912913075762368,-9.732071710715164,4.096499896594969
LWF001,lakeWhitefish,3.888874366213974,-9.995820717133345,3.1712249600192393
LWF001,lakeWhitefish,6.012963780463124,-7.8325772772602065,1.926833686057841
LWF001,lakeWhitefish,6.668792312483353,-8.62554867050694,1.893682865702585
LWF001,lakeWhitefish,8.705440669034646,-7.761551323576255,0.06804274155161538
LWF001,lakeWhitefish,11.062985110053539,-4.186931940663341,-2.880287560954008
LWF001,lakeWhitefish,6.942207702700221,-7.879548601933566,-0.432306451598516
LWF001,lakeWhitefish,5.039653010304235,-6.577019213761713,-0.12796796502456395
LWF001,lakeWhitefish,3.197397102141732,-8.564208222930453,1.865747081670613
LWF001,lakeWhitefish,2.3593204084190806,-6.012860358106342,0.8126349460132747
LWF001,lakeWhitefish,0.5065571064924518,-4.469808361772685,0.7909928405924072
LWF001,lakeWhitefish,-1.682196914653268,-6.699485480051463,0.9552152037881593
LWF001,lakeWhitefish,-3.8951506647240732,-9.095447789207174,-0.12387547063639848
LWF001,lakeWhitefish,-2.6779262256584695,-6.214981087638529,5.679211011718227
LWF001,lakeWhitefish,-2.358881615704165,-4.755610706504441,5.806342135872699
LWF001,lakeWhitefish,-1.1744927813822867,-2.571618113307972,1.9691074401146302
LWF001,lakeWhitefish,-2.4648168293799375,-4.619122066247506,3.2082146741712547
LWF001,lakeWhitefish,-3.631763655002855,-4.885300101703518,2.1380181227032096
LWF001,lakeWhitefish,-3.282415910142268,-3.0625482222204146,-0.6690746549523678
LWF001,lakeWhitefish,-1.1318009798765427,1.0845655269991243,-1.4631639586441687
LWF001,lakeWhitefish,-1.074365770034707,0.04814730441691861,0.08482794433778998
LWF001,lakeWhitefish,-2.513131174086463,-3.5394337908009055,0.7942434173771653
LWF001,lakeWhitefish,-1.337552931981842,-1.9636324632661504,0.4527665640450702
LWF001,lakeWhitefish,-0.6385404475217036,-2.0977223776287257,1.5551979527862014
LWF001,lakeWhitefish,-2.730592271300769,-4.133158178772305,0.9171824202473815
LWF001,lakeWhitefish,-1.4517383691983734,-2.9769595082535156,1.463128091343822
LWF001,lakeWhitefish,-2.604632691411579,-4.196593986983718,2.479261029900562
LWF001,lakeWhitefish,-3.4459496422517493,-4.267110015435806,3.5167666197011513
LWF001,lakeWhitefish,-2.1858676981840106,-3.866443285037769,4.489959846643346
LWF001,lakeWhitefish,-4.842719554365103,-7.727120262281408,6.458819705758728
LWF001,lakeWhitefish,-3.3160979066727783,-4.899922980301574,4.888090630657903
LWF001,lakeWhitefish,-5.313743255240473,-8.232141812594643,5.0147396177945165
LWF001,lakeWhitefish,-3.021723232936602,-4.963361610628466,2.8232620800028774
LWF001,lakeWhitefish,-2.1988333227579777,-3.925997785775996,2.6849642223649575
LWF001,lakeWhitefish,-2.6258780751326842,-4.438231785802122,4.266427844758972
LWF001,lakeWhitefish,-2.068889028806786,-4.401920061635253,3.8071110420244225
LWF001,lakeWhitefish,-5.172609453851799,-7.989036993609535,4.46138385625811
LWF001,lakeWhitefish,-7.206027916550517,-7.701772243962086,3.555519040747797
LWF001,lakeWhitefish,-2.8454535260030145,-5.635662806516539,3.9478754128376203
LWF001,lakeWhitefish,-6.09558433082308,-9.156252120904954,5.098602245542159
LWF001,lakeWhitefish,-4.041708073355136,-5.631695281616905,4.89275395919006
LWF001,lakeWhitefish,-2.8585302923269023,-4.98640357761743,4.429830197680543
LWF001,lakeWhitefish,-2.5273910773847432,-6.2800549363233635,4.920226033199185
LWF001,lakeWhitefish,-4.539043756973504,-7.7303573349859,5.066612773214239
LWF001,lakeWhitefish,-3.2792268717871225,-6.801513499621086,3.641182364893314
LWF001,lakeWhitefish,-3.1546136950820953,-6.196218199766646,4.160857909375221
LWF001,lakeWhitefish,-4.414788469020873,-7.260328798978241,3.961688769955285
LWF001,lakeWhitefish,-4.159153400387508,-6.961102009420346,3.721823950777937
LWF001,lakeWhitefish,-2.0223370507426655,-5.115496837749048,4.4637293964351565
LWF001,lakeWhitefish,-4.933962357494538,-8.225471407732677,5.797826169144076
LWF001,lakeWhitefish,-4.909103001165316,-7.67019072403542,5.284602234049489
LWF001,lakeWhitefish,-5.581361034462365,-7.612037905107533,5.434273506240347
LWF001,lakeWhitefish,-2.3235976320367433,-5.986405367797554,4.874796817945475
LWF001,lakeWhitefish,-3.1111999356078215,-5.182468657340739,4.265550596733567
LWF001,lakeWhitefish,-4.3412199889370235,-7.137118189258095,5.544165839675321
LWF001,lakeWhitefish,-3.4883412481123717,-7.150532064645107,5.390572993659999
LWF001,lakeWhitefish,-3.820006698943881,-6.521471951790459,4.752207111452062
LWF001,lakeWhitefish,-3.257304907222328,-6.676138306402736,3.9584208040195303
LWF001,lakeWhitefish,-5.144675681850911,-8.050817340590426,4.7942162522583125
LWF001,lakeWhitefish,-4.431106449311538,-7.538595112140968,5.8148872488867305
LWF001,lakeWhitefish,-5.939574403671711,-7.883978005420376,5.038462156267054
LWF001,lakeWhitefish,-5.241614109768706,-7.240228475975371,4.140135840296308
LWF001,lakeWhitefish,-6.298221841254359,-9.376314476094326,4.728945549922311
LWF001,lakeWhitefish,-4.072848502642614,-7.703327219997052,4.085504012016394
LWF001,lakeWhitefish,-3.511673151153218,-7.38404099722111,3.4890566717142995
LWF001,lakeWhitefish,-3.7438794087789917,-7.377287744793701,2.5389678680610936
LWF001,lakeWhitefish,-4.650876078452568,-8.410614397848082,3.877327068154552
LWF001,lakeWhitefish,-4.382281304005793,-6.9647233297702495,2.8148663683463426
LWF001,lakeWhitefish,-3.817860150604134,-7.351111333943065,2.6121684506385465
LWF001,lakeWhitefish,-2.132113163096818,-6.78204017628035,3.1725607133139313
LWF001,lakeWhitefish,-3.927757279391222,-7.576470288348464,4.2348137421403305
LWF001,lakeWhitefish,-4.619534876103267,-8.41013281620103,4.601919526696074
LWF001,lakeWhitefish,-4.166950855573662,-8.858573039046918,3.5699898422475926
LWF001,lakeWhitefish,-1.6963784369770505,-6.639860311104751,1.2182172652549506
LWF001,lakeWhitefish,-3.4571813648593572,-8.75943806123449,0.6549392601286242
LWF001,lakeWhitefish,-3.3384860930341578,-8.22648653987315,0.4401048643126965
LWF001,lakeWhitefish,-4.716276279301843,-10.146992073422446,1.6122012047685916
LWF001,lakeWhitefish,-0.372265425095605,-4.403585386517869,1.2410038709018067
LWF001,lakeWhitefish,-0.8833441331280385,-6.725883768381323,-0.17284047924056267
LWF001,lakeWhitefish,0.26185379400175424,-5.91295688744651,-1.0286466719016731
LWF001,lakeWhitefish,-2.1584793599670222,-9.420851110563007,-0.39570296715833986
LWF001,lakeWhitefish,1.9588256419441583,-4.088114460333005,-1.7113316431080028
LWF001,lakeWhitefish,0.01779866641633121,-5.589562476808484,-1.6483358023331889
LWF001,lakeWhitefish,-0.22867926392445326,-9.533043408673569,-0.04790951743540128
LWF001,lakeWhitefish,0.9703124153648159,-9.410096043412679,1.9463250032685044
LWF001,lakeWhitefish,-0.5571738936904356,-11.40543330013978,2.057226534393049
LWF001,lakeWhitefish,2.1255411341763115,-8.014163047620341,0.9790592003542732
LWF001,lakeWhitefish,7.49806212740442,-6.395802171985953,-1.2329026769519191
LWF001,lakeWhitefish,9.522738975582719,-5.325857955056788,-2.864486121661083
LWF001,lakeWhitefish,10.108175587230177,-4.77115933432952,-4.03417908999916
LWF001,lakeWhitefish,11.734528988525721,-4.522846543800836,-1.7223915208581135
LWF001,lakeWhitefish,10.937198563784122,-6.05265621437097,-2.882802096117885
LWF001,lakeWhitefish,12.740523533965737,-6.845235527656661,-1.9847889786092718
LWF001,lakeWhitefish,12.648700621158799,-6.479850292483478,-0.760198630253405
LWF001,lakeWhitefish,13.02590016682258,-4.653053060247373,-0.8586818261871054
LWF001,lakeWhitefish,13.72781826552054,-2.923049835740909,0.0010318575908274674
LWF001,lakeWhitefish,12.44702920772226,-6.379928514854727,0.32686500861949375
LWF001,lakeWhitefish,12.556207652048418,-7.736878132272161,-0.49716591439136915
LWF001,lakeWhitefish,15.472431596418591,-4.849014509648181,-2.4198480250492715
LWF001,lakeWhitefish,17.299966354753284,-2.7613297141888733,-1.5892203664411957
LWF001,lakeWhitefish,16.945224115949536,-2.914667459412534,-1.5664241093009488
LWF001,lakeWhitefish,13.68408421117337,-5.184554324291152,-3.543217552611459
LWF001,lakeWhitefish,15.589345648121023,-2.3431515367769915,-5.616713092531469
LWF001,lakeWhitefish,15.643800027606758,-2.425471316373154,-3.311341650752258
LWF001,lakeWhitefish,16.62497060855787,-3.306089818134157,-3.120933384673574
LWF001,lakeWhitefish,17.400257114945042,-3.228516878826443,-3.4342611845910076
LWF001,lakeWhitefish,16.436093682090124,-4.358423625972485,-4.771719696399831
LWF001,lakeWhitefish,16.749878651955413,-3.07367861336976,-3.7386603099733744
LWF001,lakeWhitefish,16.571063649534636,-2.6750862438464598,-2.3907525823358116
LWF001,lakeWhitefish,15.297936493432275,-3.231021463564379,-2.223865657192748
LWF001,lakeWhitefish,14.502314948575547,-3.955705704161777,-2.2553183299540702
LWF001,lakeWhitefish,13.747683115612135,-3.7935601608292386,-2.5860392914741412
LWF001,lakeWhitefish,14.07669029439402,-3.277299609329368,0.06185707595987111
LWF001,lakeWhitefish,12.756399019990642,-6.289594274461261,0.9339393723127642
LWF001,lakeWhitefish,14.06347981107094,-4.846195288131934,-3.3340840433939802
LWF001,lakeWhitefish,13.956679758291124,-3.254387403896211,-2.253465027468704
LWF001,lakeWhitefish,12.794324879365645,-4.19785074159276,-6.166961866259307
LWF001,lakeWhitefish,9.777603452735393,-8.797533091689802,-1.3676161671321303
LWF001,lakeWhitefish,12.641211983729136,-4.4701501994482244,-2.3763416086537363
LWF001,lakeWhitefish,10.279239967943127,-5.242598389851392,-2.7061247590487465
LWF001,lakeWhitefish,4.931756009141101,-6.392922813153071,-1.9245399598478432
LWF001,lakeWhitefish,3.0447506071423156,-6.776962180747993,0.20755246553223256
LWF001,lakeWhitefish,1.9700763328547277,-7.440912097782281,-1.0240352061591094
LWF001,lakeWhitefish,3.774519886573979,-6.936082549888944,1.0597475665286096
LWF001,lakeWhitefish,4.441350026892104,-4.207405109377902,0.603971359293616
LWF001,lakeWhitefish,4.125030982397871,-1.8208092662652224,-1.7275350022458333
LWF001,lakeWhitefish,5.0259123961838625,-0.6224145872863802,-0.946741682214386
LWF001,lakeWhitefish,1.9947880378762912,-4.3430192209079035,0.3881282789927047
LWF001,lakeWhitefish,2.901203421780438,-4.001742929494249,-0.4942707905828088
LWF001,lakeWhitefish,4.367242235890419,-1.073774588440667,-0.6542866698697466
LWF001,lakeWhitefish,5.920915222451673,-0.12791388231288336,0.013580833233529876
LWF001,lakeWhitefish,4.740487060223467,-0.5093560902449443,-1.9785933463766665
LWF001,lakeWhitefish,5.873587556097087,0.050137397982234155,-0.6115815904541297
LWF001,lakeWhitefish,4.7211146913908975,-1.5831589425235357,-1.3677263454935102
LWF001,lakeWhitefish,2.913182294913641,-3.088169327510829,-2.890433100132163
LWF001,lakeWhitefish,0.8296753923392122,-5.0820246831858835,-2.9467304192145223
LWF001,lakeWhitefish,4.349376915160667,-1.7207642189205838,-2.6777573252770765
LWF001,lakeWhitefish,3.170932261801518,-2.803770040719506,-3.676913743921939
LWF001,lakeWhitefish,1.1734583140785153,-5.131618671930417,-3.52157317816392
LWF001,lakeWhitefish,1.0312573338422828,-5.28447251885785,-0.6506462334813032
LWF001,lakeWhitefish,-2.368472790491831,-8.204027503584161,-0.6519343398824079
LWF001,lakeWhitefish,-1.4774952208022563,-6.271253928958192,-3.391006869273189
LWF001,lakeWhitefish,-2.932437026497844,-7.373906434437526,-0.8398911172310364
LWF001,lakeWhitefish,-1.9222169941136675,-7.30240951084871,0.28336654035706144
LWF001,lakeWhitefish,-1.1568065000624905,-5.745646508226196,2.655597372011091
LWF001,lakeWhitefish,-4.0920808327537825,-9.032764304623752,4.021276558910547
LWF001,lakeWhitefish,-2.278336401813317,-6.642145251532093,3.3242249839945472
LWF001,lakeWhitefish,-2.2120529071141117,-5.511287881644998,2.666772920316687
LWF001,lakeWhitefish,-0.10379226536443642,-2.847360710655896,-0.5140711644084198
LWF001,lakeWhitefish,0.5974767542296597,-1.844592045315014,-0.6744702151070081
LWF001,lakeWhitefish,-0.3834437971216489,-3.779531373242199,-1.3373159445759546
LWF001,lakeWhitefish,0.9969651136590856,-2.1952129868888113,-0.8421967844225334
LWF001,lakeWhitefish,0.4724653594824386,-2.728627624792684,-0.947346253857506
LWF001,lakeWhitefish,-0.26840827095598474,-3.5011740045701067,-1.574514259325663
LWF001,lakeWhitefish,0.9434492102618612,-1.2192984731136631,-1.161550180038189
LWF001,lakeWhitefish,1.4012083954385932,-1.6817110493209115,-1.0315386224514957
LWF001,lakeWhitefish,0.5939322474739637,-2.7597117391649126,-1.0523752328456417
LWF001,lakeWhitefish,2.653983405820755,0.15115570008606144,-0.8779300605034757
LWF001,lakeWhitefish,4.1642669579248714,2.678410708498192,-2.515265997736017
LWF001,lakeWhitefish,2.7323184840345687,1.1782740583502855,-3.559734986612833
LWF001,lakeWhitefish,2.772563529385929,1.2152112382835791,-3.542266213813846
LWF001,lakeWhitefish,3.6353332514087175,2.2266137061623255,-1.5762172846357656
LWF001,lakeWhitefish,3.8253234783704597,2.9648109181809152,-0.49147921023927343
LWF001,lakeWhitefish,4.222862281769749,3.6509186493347165,-1.4780637701393382
LWF001,lakeWhitefish,4.288152485294271,4.025054401196206,-1.4107890724872447
LWF001,lakeWhitefish,3.8626821252222228,3.425469874607881,-1.350139095717368
LWF001,lakeWhitefish,4.290102968777986,3.33600299711364,-1.0291825105616028
LWF001,lakeWhitefish,3.668221203207759,1.3820333737183852,-0.6344939146653878
LWF001,lakeWhitefish,3.5201123302579758,1.14706117454101,-1.9831586770448535
LWF001,lakeWhitefish,4.449538092572075,1.082605468190298,-1.1035903891356882
LWF001,lakeWhitefish,5.000296671814947,2.3393260765667714,-1.4883711299616078
LWF001,lakeWhitefish,3.4527876643391116,0.41497204980414465,-1.4981887089243493
LWF001,lakeWhitefish,1.7776076392362647,-2.4446681344519368,-0.905234460685219
LWF001,lakeWhitefish,1.4442091605405638,-2.7196951515476147,-1.7510972487842895
LWF001,lakeWhitefish,2.153009056797756,-1.325586384008827,-1.2521990809539654
LWF001,lakeWhitefish,2.6934407224063235,-1.1592479371757833,-0.8544606325999317
LWF001,lakeWhitefish,2.2370181931940185,-1.9667963410141964,-0.06633393984584302
LWF001,lakeWhitefish,-0.7912722386074228,-5.198478281060612,2.8101100969693134
LWF001,lakeWhitefish,-0.531725856782858,-5.831624963355183,3.666973212608384
LWF001,lakeWhitefish,-0.3516683362064289,-6.36428859745238,3.5892813577913962
LWF001,lakeWhitefish,1.7704112618116659,-5.007348424370775,0.6680371099144415
LWF001,lakeWhitefish,0.36889650511456074,-7.469750014789752,0.6566862839567191
LWF001,lakeWhitefish,2.26535586767568,-3.9576814092080044,-0.9657450962145159
LWF001,lakeWhitefish,3.696058460088148,-3.194624424227257,-5.175159334104076
LWF001,lakeWhitefish,4.228561172669101,-4.041910585079056,-2.1415909206597754
LWF001,lakeWhitefish,7.789989850812856,-1.548717110847057,-3.6873823831082935
LWF001,lakeWhitefish,9.798894197399813,-1.3094402626690198,0.4043325964472091
LWF001,lakeWhitefish,8.361122351115174,-4.61555187699919,-5.6802719167359825
LWF001,lakeWhitefish,14.384657944059374,-3.7571289727929225,-2.866871951674908
LWF001,lakeWhitefish,16.528254596223885,-2.6578919986041583,-5.337398441339315
LWF001,lakeWhitefish,15.245472992421716,-2.7580443553820526,-6.861666644399234
LWF001,lakeWhitefish,15.48556795458861,-2.2194526937651973,-2.8177264234615045
LWF001,lakeWhitefish,11.694649248360985,-6.681991867624542,0.4928483192601014
LWF001,lakeWhitefish,15.6148526178784,-2.266709165736622,-4.296146119930621
LWF001,lakeWhitefish,18.12291837873873,-2.5411603019964892,-4.000908400081297
LWF001,lakeWhitefish,18.81985830674953,-2.526148224065009,-4.557803141660442
LWF001,lakeWhitefish,19.32457543326123,-2.424051843931232,-3.8573435908022864
LWF001,lakeWhitefish,18.845590699873966,-2.7108259931672,-10.158688154586674
LWF001,lakeWhitefish,18.49358620516668,-2.78544154181943,-10.443406653425356
LWF001,lakeWhitefish,20.679181569870185,-0.9324887267740776,-7.363046462880898
LWF001,lakeWhitefish,21.312256855767956,0.15669748065778055,0.9969530469822709
LWF001,lakeWhitefish,23.9232610363191,2.7348214401318467,-2.597042303884161
LWF001,lakeWhitefish,24.788800463591414,3.1659106626729407,-3.9472595107457944
LWF001,lakeWhitefish,26.449810481003407,2.901408204319246,1.1020401360401788
LWF001,lakeWhitefish,21.488576474101592,-0.6556052663033336,-3.9171644419374148
LWF001,lakeWhitefish,21.118590279388588,-1.7271699938843543,-5.6464356565884914
LWF001,lakeWhitefish,19.930514938175858,-3.144559572273104,-3.4348371280063095
LWF001,lakeWhitefish,19.599526597417903,-1.3105404717628177,3.7708289543818623
LWF001,lakeWhitefish,21.868050651298596,2.002083991911351,-0.7916753007076993
LWF001,lakeWhitefish,19.741551803025533,-0.023589325741936396,-9.766834980794002
LWF001,lakeWhitefish,21.18946047633101,-1.264946750191314,-4.0398806733866675
LWF001,lakeWhitefish,20.57822350511752,-2.2134646967669065,-8.058537185158276
LWF001,lakeWhitefish,20.191971560865504,-1.8964377308135143,-9.51042944457463
LWF001,lakeWhitefish,21.530262105690415,-0.863494608162791,-6.3601809586789875
LWF001,lakeWhitefish,19.672094877531364,0.6308274623647918,-7.289709687211971
LWF001,lakeWhitefish,18.890291617330064,0.20885255262143243,-0.0705640184267109
LWF001,lakeWhitefish,19.455825185144317,0.8283824875107104,-1.100609815628403
LWF001,lakeWhitefish,21.07971419202409,1.6431101588438182,-3.362443928185672
LWF001,lakeWhitefish,19.84495503512654,-0.6611884989293269,-5.946120494789297
LWF001,lakeWhitefish,22.091132397396052,-0.8773421559230075,-3.4314864760764343
LWF001,lakeWhitefish,19.292790628066115,-2.447931324429265,-4.35710645390534
LWF001,lakeWhitefish,16.455128240397418,-2.60259170358193,-6.232888702198528
LWF001,lakeWhitefish,16.875832275249554,-2.7254253271256954,-3.506379005190046
LWF001,lakeWhitefish,16.075295789090887,-2.8728320585799505,-4.015767269120361
LWF001,lakeWhitefish,16.046895337986058,-1.9859073138810905,-3.1999147662404166
LWF001,lakeWhitefish,13.792417547192565,-3.832620584863794,-2.8417887587720645
LWF001,lakeWhitefish,10.366258680479488,-5.022760585058726,-6.923995923799555
LWF001,lakeWhitefish,9.647827528974384,-5.643728039957168,-5.456343119772754
LWF001,lakeWhitefish,11.62902391604171,-3.873845271016184,-1.216366800378325
LWF001,lakeWhitefish,12.266517861386282,-3.026353052962841,0.05068603229436741
LWF001,lakeWhitefish,10.933682529869497,-4.396736811724159,-5.037703543657931
LWF001,lakeWhitefish,10.89143398908726,-4.004582555710488,-3.4926179539899325
LWF001,lakeWhitefish,10.62363487930908,-4.8610643484683465,-4.144390765968249
LWF001,lakeWhitefish,11.402658643441477,-4.6973973783743785,-0.4849784674825277
LWF001,lakeWhitefish,7.24805523945732,-7.750758865360302,-2.3593789705974006
LWF001,lakeWhitefish,7.6480917109319835,-5.568717189710538,-4.035397983790968
LWF001,lakeWhitefish,8.058058564555193,-5.903080317936552,-3.8237181436449
LWF001,lakeWhitefish,10.779194402810882,-5.2885455100331695,-3.6808435874261995
LWF001,lakeWhitefish,12.641588548218738,-5.0827500391529385,-1.941484979524777
LWF001,lakeWhitefish,12.210235320997878,-4.728914108355379,-3.5496441812885173
LWF001,lakeWhitefish,12.430789017503185,-4.860920015614809,-1.878742045423584
LWF001,lakeWhitefish,14.285202745336042,-2.8740915042142685,-2.5093884070336996
LWF001,lakeWhitefish,15.18753370631046,-1.878260379964114,-3.2675243862868224
LWF001,lakeWhitefish,11.02691703245198,-5.603285933132111,-5.56825396638982
LWF001,lakeWhitefish,10.091275281688967,-4.882827826071923,-2.8894841775912683
LWF001,lakeWhitefish,10.214631665067836,-4.507765132982691,-3.5889811200656467
LWF001,lakeWhitefish,11.105537589939093,-3.4048226669004533,-0.49661753096246786
LWF001,lakeWhitefish,8.604563230334767,-5.358920385061318,-1.2216843353869908
LWF001,lakeWhitefish,9.124225269912763,-4.4910235622678165,-2.37551951227647
LWF001,lakeWhitefish,11.25785348455757,-4.073499932553869,-1.0542183568380696
LWF001,lakeWhitefish,11.592908205661564,-4.247399915635492,-4.389757805561682
LWF001,lakeWhitefish,9.05438062490374,-5.043000784636285,-1.3953204064698337
LWF001,lakeWhitefish,6.893244410678505,-5.011522836698609,-3.5978552931785543
LWF001,lakeWhitefish,6.74540369186198,-5.155834667821731,-1.61183627775876
LWF001,lakeWhitefish,8.232030511487007,-3.3661332655409915,-1.7178148153812123
LWF001,lakeWhitefish,5.268944042778062,-5.77569067377997,-1.902505203936441
LWF001,lakeWhitefish,12.254885556850736,-3.9599770430272816,-4.51523034371924
LWF001,lakeWhitefish,15.323614890449907,-1.1368857383102933,-3.9366030223808552
LWF001,lakeWhitefish,11.778451500257066,-6.269128797572207,-2.5128181064675568
LWF001,lakeWhitefish,7.02864500968856,-4.157870423414698,-4.771944537669832
LWF001,lakeWhitefish,2.3183641491263933,-1.3224887873360274,-2.08824972835224
LWF001,lakeWhitefish,-6.620563907585393,-8.883548798860526,3.401895112788157
LWF001,lakeWhitefish,1.1716744491652302,2.101849841088745,-4.320880283766488
LWF001,lakeWhitefish,0.6472917450831148,4.872419510197913,-3.3197541934026678
LWF001,lakeWhitefish,-4.28937787857709,1.9331456610351085,-9.23277942667263
LWF001,lakeWhitefish,-5.267228437953959,1.5077947480482758,-6.564611134405435
LWF001,lakeWhitefish,-6.5929938157247445,0.8438160896586964,-1.3542989046866312
LWF001,lakeWhitefish,-10.64520090664318,-2.036605292280122,-0.7592065982853455
LWF001,lakeWhitefish,-13.17815393856893,-3.491536629053524,1.956115961960832
LWF001,lakeWhitefish,-12.53289419533715,-1.0760930174491548,2.5733028750951803
LWF001,lakeWhitefish,-15.759864391679393,-4.941426996681081,-0.031285982052164485
LWF001,lakeWhitefish,-10.573885390964353,-0.40752554984342293,-1.0247215769488909
LWF001,lakeWhitefish,-5.468710271959956,0.037489005016732246,-3.8477955391592094
LWF001,lakeWhitefish,-2.9392602306796594,-2.5987503476741307,-2.2130186549042348
LWF001,lakeWhitefish,-3.7969615740805778,-5.882577731272198,0.6679005053117381
LWF001,lakeWhitefish,-4.453836381988202,-7.024551405998228,1.2343479755153548
LWF001,lakeWhitefish,-5.072906508286634,-7.026393772796838,1.9668591931904236
LWF001,lakeWhitefish,-7.6105969864489165,-10.177688767683216,2.138741709421878
LWF001,lakeWhitefish,-5.448855660014624,-7.391862491677985,1.9874950699189973
LWF001,lakeWhitefish,-1.9905613671746263,-2.852159271094971,0.4744061208158682
LWF001,lakeWhitefish,-0.01965893439599542,-0.607464641594342,-1.9185431747635207
LWF001,lakeWhitefish,2.372040211025208,3.0559649096717196,-2.137436319470587
LWF001,lakeWhitefish,1.6205523628216556,3.3543421222732164,-2.743779533591958
LWF001,lakeWhitefish,0.2923098987039832,2.7351669174301168,-2.9040075670802405
LWF001,lakeWhitefish,-0.5712883572851801,2.491005366035675,-5.762125623191611
LWF001,lakeWhitefish,-0.3412585474691374,2.4058620151444234,-4.13356704308993
LWF001,lakeWhitefish,0.28382588706733647,2.0166122351920306,-3.1960172122057515
LWF001,lakeWhitefish,-0.8649871550007704,0.2738517806501457,-2.7377885966997013
LWF001,lakeWhitefish,-1.4764968324747014,-1.095610826532813,-2.557113972809817
LWF001,lakeWhitefish,0.7014366616646791,1.1212371153670664,-0.7524817714442049
LWF001,lakeWhitefish,-2.515219181750294,-4.03001683497272,-3.101839733673347
LWF001,lakeWhitefish,-0.3890343577761608,-1.0998654890126882,-3.096554629644003
LWF001,lakeWhitefish,-1.539817145836502,-3.2176664296972834,-0.9053062251292868
LWF001,lakeWhitefish,-4.059542062099235,-6.175995759364994,0.9541786397624387
LWF001,lakeWhitefish,-3.866102627076218,-7.05968572835415,1.9255471192026234
LWF001,lakeWhitefish,-3.3436586358190166,-6.3677626203318445,2.271327052151595
LWF001,lakeWhitefish,-3.0385622178755356,-4.561912586121715,1.0599456697141194
LWF001,lakeWhitefish,-3.1770411711869757,-6.616952421444418,1.9280573816671809
LWF001,lakeWhitefish,-2.5597254623876253,-3.957703209617449,2.0601398835530524
LWF001,lakeWhitefish,-1.7458520155417068,-3.8085890820158195,1.6599217444184673
LWF001,lakeWhitefish,-3.188573167016485,-5.074136171335013,2.065275769666497
LWF001,lakeWhitefish,-4.98039477216709,-7.723645765627927,2.639194518414981
LWF001,lakeWhitefish,-4.938610756279109,-9.285778052377267,1.2143838354266816
LWF001,lakeWhitefish,-2.8412609852406314,-7.223673489045362,0.7453437812276008
LWF001,lakeWhitefish,-3.2711315071070146,-7.416572121607112,1.5697516394494868
LWF001,lakeWhitefish,-3.119491962574649,-7.099817603404275,0.7411883955866139
LWF001,lakeWhitefish,-2.541164515714007,-6.243287684262542,0.7049264977520734
LWF001,lakeWhitefish,-2.860803783375113,-7.118422799645777,1.1576350137261788
LWF001,lakeWhitefish,-1.8715765383236267,-6.237430738839679,1.770825225435197
LWF001,lakeWhitefish,-3.710277797636186,-7.682130630111016,1.662167253909511
LWF001,lakeWhitefish,-1.5044262348886017,-4.372702529685497,1.7414572669077923
LWF001,lakeWhitefish,-2.4748565717615865,-5.303342196623426,1.1050760820748302
LWF001,lakeWhitefish,-5.1463802204913085,-8.748973926205036,1.6660941349916416
LWF001,lakeWhitefish,-2.5287046863523446,-5.453557629719641,2.5621617597927058
LWF001,lakeWhitefish,-2.776192318543009,-5.275251490090653,1.2852885601737167
LWF001,lakeWhitefish,-3.0210059546729875,-5.473275213735045,1.192477708237046
LWF001,lakeWhitefish,-3.2597827937913104,-6.206829868445494,1.7562752417636815
LWF001,lakeWhitefish,-2.7335642857851465,-5.75087248906326,0.7058982562040441
LWF001,lakeWhitefish,-1.9485681853902133,-4.876540117215388,1.1436065820002637
LWF001,lakeWhitefish,-3.36003703162865,-6.241221604637277,2.4408120254006778
LWF001,lakeWhitefish,-3.2925724725827274,-8.974980565927686,1.6541652778980227
LWF001,lakeWhitefish,-0.6218851408112291,-5.7171020204263865,0.29177077021973263
LWF001,lakeWhitefish,-0.24020200640625178,-4.6264887006120645,0.6339654605791146
LWF001,lakeWhitefish,-1.1472256251211548,-4.9991530204690005,1.745974563659388
LWF001,lakeWhitefish,-0.9331328545798976,-4.1290153783536265,1.7518338080233686
LWF001,lakeWhitefish,1.2568525087789424,0.5600956550572469,0.10833181019656843
LWF001,lakeWhitefish,0.7711196575397695,-0.0359992787374378,-1.9086869833877784
LWF001,lakeWhitefish,0.3631952320860041,-0.6569979994573918,-0.8147449288758722
LWF001,lakeWhitefish,-0.012194982976691415,-1.041749053957597,-0.5694418527594135
LWF001,lakeWhitefish,-0.8516628656213988,-2.180742906736997,-1.2874991241809086
LWF001,lakeWhitefish,0.46956822365928136,-0.1218157963178905,-0.8029829785491617
LWF001,lakeWhitefish,-0.99687884132752,-2.267949610071028,-1.2444395081960695
LWF001,lakeWhitefish,-2.565504967160088,-4.3447634340509484,-0.7591622474252755
LWF001,lakeWhitefish,-4.760449881156283,-7.763807531926988,0.9088462336426006
LWF001,lakeWhitefish,-2.724083474557836,-6.264443133200092,2.3918402364660514
LWF001,lakeWhitefish,-1.8878454174815948,-5.9409173219967775,1.683426448203976
LWF001,lakeWhitefish,-3.0208602506129676,-5.585575781419649,1.6380966017633622
LWF001,lakeWhitefish,-1.0075320841923476,-4.160415403079275,1.654061356060863
LWF001,lakeWhitefish,2.3250029324462647,0.0895440533390579,-0.027321135729647283
LWF001,lakeWhitefish,-0.23176178373853773,-2.434242108056007,0.2029917920171198
LWF001,lakeWhitefish,2.937007320165182,1.2204860964700368,-3.6181385129049013
LWF001,lakeWhitefish,4.9145442766770975,3.4626167875608442,0.42375848561734597
LWF001,lakeWhitefish,3.5387965229073144,2.5988585865277685,-0.3999464486744159
LWF001,lakeWhitefish,2.916896909665673,3.357423651951701,-2.3195505384680803
LWF001,lakeWhitefish,2.59050034961467,3.4203500832793643,-1.4706617626286664
LWF001,lakeWhitefish,2.397590430630813,4.729095445232256,-2.4891675598122944
LWF001,lakeWhitefish,1.8376421378324295,3.343343694658714,-2.421411386122711
LWF001,lakeWhitefish,0.7160354752700304,0.1353337434698727,-1.0024916945214504
LWF001,lakeWhitefish,1.3658316818416907,0.45232165490261206,-2.477629943706576
LWF001,lakeWhitefish,0.576958877608224,-0.3345032022763015,-2.943562371485326
LWF001,lakeWhitefish,-0.6627517988745848,-1.651498992932723,-2.0478454862752726
LWF001,lakeWhitefish,-0.7609320029513562,-1.7115926426672723,-1.2169617099807268
LWF001,lakeWhitefish,-0.3095360595569868,-0.9089671793099119,-1.6140056346444147
LWF001,lakeWhitefish,0.4150385260439784,-0.4394429051630364,-2.261998946677629
LWF001,lakeWhitefish,1.339210882393159,0.27111091024250955,-2.5814923974015427
LWF001,lakeWhitefish,1.7725184787457493,0.44135646060706624,-1.616476113113781
LWF001,lakeWhitefish,2.9632292792684547,0.9965934589771712,-0.41177083951452875
LWF001,lakeWhitefish,0.9467523843392539,-0.9200322437623926,-2.4134963040234814
LWF001,lakeWhitefish,2.004369890325895,0.17614121546284267,-0.3731402642957108
LWF001,lakeWhitefish,1.4146123392367822,-0.6070996166059441,-0.8331878417421815
LWF001,lakeWhitefish,0.771336937172472,-1.0993465455530433,-0.48670799400703
LWF001,lakeWhitefish,0.7159142781705444,-1.8310475380342055,-1.7086533120624048
LWF001,lakeWhitefish,0.6716713850626481,-1.22283402647651,-1.5121590362397448
LWF001,lakeWhitefish,1.3098485341418327,-0.3757560160855493,-2.2324934863562946
LWF001,lakeWhitefish,-0.9462356491751807,-1.5437540706044783,-6.233901247261982
LWF001,lakeWhitefish,1.0782680566123637,0.23842645316505984,-2.4545683731503494
LWF001,lakeWhitefish,1.3249657386697073,-0.1479409831646789,-1.374021892665692
LWF001,lakeWhitefish,1.326761809368354,-1.02305857343352,-1.782888732951386
LWF001,lakeWhitefish,0.1399574296482906,-1.8497763729704821,-2.621848556097094
LWF001,lakeWhitefish,-0.386208521998197,-3.194231317595719,-1.9204015263580438
LWF001,lakeWhitefish,1.239829916223667,-0.8668415078949233,-1.5103381756820347
LWF001,lakeWhitefish,-0.7560522728728697,-2.572097550352587,-0.19102041981887474
LWF001,lakeWhitefish,0.8566317321275385,-1.1366372069102604,1.487367335404826
LWF001,lakeWhitefish,-0.33067176434093615,-2.5519411995583816,0.03672021961437205
LWF001,lakeWhitefish,0.197215396231314,-2.2684948928564177,0.3208938647231732
LWF001,lakeWhitefish,0.6850127135866091,-3.1266258522647106,0.307602100372647
LWF001,lakeWhitefish,2.428376283645275,-0.2727336891848662,-0.20837972270066274
LWF001,lakeWhitefish,3.283650837262285,1.9318567581133645,-1.3869214549182782
LWF001,lakeWhitefish,1.5742669441389059,-1.090790678007082,-2.2731697322817324
LWF001,lakeWhitefish,1.162615852177693,-0.7878763703715306,-1.899487610253694
LWF001,lakeWhitefish,0.5996622861252157,-1.0875972463232686,-2.324218670937442
LWF001,lakeWhitefish,1.5621202454939818,1.7947204796252574,-3.818848998863066
LWF001,lakeWhitefish,3.1976043273073635,5.292151358928794,-1.8808780686833884
LWF001,lakeWhitefish,1.142735944818842,3.3369517227153236,-3.7088944344434105
LWF001,lakeWhitefish,3.763335538486017,5.713269506809256,-1.2470220872153759
LWF001,lakeWhitefish,2.735024171783265,3.1393000167222374,-3.1991694871205216
LWF001,lakeWhitefish,0.8073037675851609,0.2529525214815119,-3.471570640022593
LWF001,lakeWhitefish,1.3036994816249794,0.2519374559553832,-3.3585467004918184
LWF001,lakeWhitefish,2.1081312705682826,0.299821485288955,-1.7634465182675814
LWF001,lakeWhitefish,1.238991603208976,-0.35898078368652764,-1.9401706220324697
LWF001,lakeWhitefish,0.0262687076866448,-1.0816368782547685,-4.5509975709939186
LWF001,lakeWhitefish,3.6829870322864493,3.7491917729508595,-3.0741765456091374
LWF001,lakeWhitefish,5.498485254264152,6.006544282270237,-0.9199427915916618
LWF001,lakeWhitefish,4.598439068413552,5.18229705899328,-0.4655873796778389
LWF001,lakeWhitefish,4.120790336050416,5.874075438625766,-3.0580450591476938
LWF001,lakeWhitefish,3.9093517702357516,6.175634466653143,-2.6970485942238605
LWF001,lakeWhitefish,3.8636525623654614,6.423080340312257,-3.91425974223403
LWF001,lakeWhitefish,4.513175987455291,7.491826153742198,-1.2644133867640126
LWF001,lakeWhitefish,4.72576483347445,7.392671186515571,-2.4880704669509885
LWF001,lakeWhitefish,4.247373627044944,6.6457194059186175,-1.8202950852651996
LWF001,lakeWhitefish,4.4801685574588435,6.138659203461652,-1.644389142194211
LWF001,lakeWhitefish,3.009332653742222,3.5070827075137525,-4.223198386269585
LWF001,lakeWhitefish,5.272571124012192,5.18694670766339,-0.397053410099526
LWF001,lakeWhitefish,3.8709865604810907,1.6852232109110061,-0.9447240713604067
LWF001,lakeWhitefish,2.886353506503351,1.0091775619566117,-1.8474192263982903
LWF001,lakeWhitefish,3.8906402016992003,2.184381810315644,-1.1660333820535596
LWF001,lakeWhitefish,2.116969732134101,0.10390252854322116,0.07870696834431268
LWF001,lakeWhitefish,1.342184696712235,-0.8150428299076029,2.3880619418469182
LWF001,lakeWhitefish,3.035977604881834,0.19278736077844028,2.189707512153952
LWF001,lakeWhitefish,2.3044788669286804,-1.4535999294394304,2.1967205022581027
LWF001,lakeWhitefish,2.2370361264831575,-1.4710647434993784,3.175618246779976
LWF001,lakeWhitefish,0.8473558003180096,-3.646325091413874,2.0592916579382043
LWF001,lakeWhitefish,4.37777363450621,-1.5012765254226939,0.07213750142115027
LWF001,lakeWhitefish,6.227149274079096,-1.8116095626796618,-0.4545396038847478
LWF001,lakeWhitefish,8.143180408455777,1.6362125385221573,-0.39601610548963917
LWF001,lakeWhitefish,9.13061849502649,3.06912500896656,-3.7011749662211355
LWF001,lakeWhitefish,12.7604062759221,5.610440575443998,2.473893771411629
LWF001,lakeWhitefish,11.748343470492173,4.9437022161397595,3.4563233722307047
LWF001,lakeWhitefish,11.168433456229682,4.35443683426879,-0.16678132998953554
LWF001,lakeWhitefish,12.66206720623007,5.300872948371943,1.3346350805432783
LWF001,lakeWhitefish,13.023268660472548,6.75019114741675,1.575294295349213
LWF001,lakeWhitefish,11.896844578828956,4.32008325448893,2.4607602304319656
LWF001,lakeWhitefish,13.609859151548083,3.054771272826809,2.446043036406879
LWF001,lakeWhitefish,12.674096303601903,1.9190185724027633,3.258256144477099
LWF001,lakeWhitefish,10.494371719978593,3.0300131039866653,1.6051854253660247
LWF001,lakeWhitefish,9.510045838448992,2.5689362161241567,0.19787472259433825
LWF001,lakeWhitefish,10.483250440407126,1.4723357923672178,1.5493965999650192
LWF001,lakeWhitefish,12.472979432271138,2.3172927719030376,1.3466417531336377
LWF001,lakeWhitefish,10.058701129435038,-2.1894352289010306,4.100002839194724
LWF001,lakeWhitefish,13.28711388949505,1.7330927593687346,0.035513744130382996
LWF001,lakeWhitefish,17.199783869546874,3.031623064278871,0.5910629561329426
LWF001,lakeWhitefish,20.029738713284374,3.2651311692492158,0.3039966680513855
LWF001,lakeWhitefish,18.930610100869977,3.0806143612308157,-0.1499605394094896
LWF001,lakeWhitefish,14.619557204117761,3.9030614122275287,0.29426073909653905
LWF001,lakeWhitefish,13.163510188505587,1.095308796297787,1.9795988414463892
LWF001,lakeWhitefish,16.808498761993484,2.556808426756485,3.138487448794102
SMB001,smallmouthBass,-22.22107644240783,3.214569089901616,-9.184211297962051
SMB001,smallmouthBass,-9.768927479897844,10.614912844753121,-2.4103974370277896
SMB001,smallmouthBass,-3.961629867442907,17.855267657589515,-2.00293183620167
SMB001,smallmouthBass,2.1680861850038915,18.499421220970156,8.83825547052489
SMB001,smallmouthBass,6.148910742892689,10.760976247105264,11.77176319429182
SMB001,smallmouthBass,-6.5911152194567855,5.232421345870098,7.088766222639294
SMB001,smallmouthBass,-0.07897329016951027,8.722306636239916,0.5984481550676578
SMB001,smallmouthBass,-4.296996889765257,2.6685629201970524,2.973353583462247
SMB001,smallmouthBass,-14.707641546242026,3.5299477658287426,-1.6809737043343396
SMB001,smallmouthBass,-16.645911865571613,-3.3764451013398302,3.6289896250458717
SMB001,smallmouthBass,-7.697549386340458,0.7324274896178566,0.9164303900115272
SMB001,smallmouthBass,-4.0088702702916095,1.005162700295196,0.10921432439146471
SMB001,smallmouthBass,-8.503136240129718,0.48022464009197974,1.983359922205526
SMB001,smallmouthBass,-15.461772771625256,1.37682594581019,-2.173283323364564
SMB001,smallmouthBass,-19.049474134598373,-4.262942368999872,-2.8832941157910508
SMB001,smallmouthBass,-16.21491394707628,-4.281190908855518,2.6046375933906267
SMB001,smallmouthBass,-11.496692205144303,-0.9009594701335667,-0.119109685297488
SMB001,smallmouthBass,-7.383196659589859,3.4405942475898468,1.5247587254925923
SMB001,smallmouthBass,-10.984237655231746,-3.0120931864557714,-4.991593143059303
SMB001,smallmouthBass,-13.182829240425999,-3.004620101437945,-0.42394682687707974
SMB001,smallmouthBass,-14.780755642657446,0.22852614452931097,3.5542258684047416
SMB001,smallmouthBass,-15.62927076432425,-0.6500434411640913,1.5414496473751
SMB001,smallmouthBass,-11.1446864713831,-1.6072768815412437,-7.402066569042741
SMB001,smallmouthBass,-15.196324790686369,-0.6709286116594639,2.9725851399505876
SMB001,smallmouthBass,-7.663292515993659,0.3739987819384299,7.1478592408397015
SMB001,smallmouthBass,-11.434154654554021,3.823010600620556,0.25304465524815734
SMB001,smallmouthBass,-8.146622100251577,-2.4486487395776733,1.5764303012968557
SMB001,smallmouthBass,-2.823788848723831,4.3606396092471815,-2.8974074844237965
SMB001,smallmouthBass,-4.559158801969498,-0.2105083650298498,3.2173943214723755
SMB001,smallmouthBass,-3.664731645961475,-2.1144859528831548,0.967100424778495
SMB001,smallmouthBass,-6.38486859158604,0.22623737213208212,-0.7931329254007993
SMB001,smallmouthBass,-3.888672956373514,-0.01663941348312939,-4.168553448279683
SMB001,smallmouthBass,-4.9656990325156425,0.030761664608236247,-3.955117143644311
SMB001,smallmouthBass,-10.38827890893053,1.3078182314369524,2.8371387980649363
SMB001,smallmouthBass,-8.030400202534338,3.1984336462353458,4.057556630312724
SMB001,smallmouthBass,-6.0215796543662705,-1.2923259845411252,-3.4761951469165577
SMB001,smallmouthBass,-10.486515875705079,1.9668208014917008,-2.2561231423924877
SMB001,smallmouthBass,-6.561061294714525,-2.3663219031567118,-0.5190811733580796
SMB001,smallmouthBass,-8.487117688107132,-1.8408766752112025,2.8343684631739525
SMB001,smallmouthBass,-9.037110646854394,-3.3819757554971996,-1.3236084817880953
SMB001,smallmouthBass,-2.951511558503068,3.7256880854645615,-2.586213126320177
SMB001,smallmouthBass,-5.605912328540752,2.0259744663271904,5.372325139133133
SMB001,smallmouthBass,-2.911283443401827,2.006068249008244,0.4397984061085105
SMB001,smallmouthBass,-2.650849722768744,0.335027312600299,-0.7713676855783036
SMB001,smallmouthBass,-4.031097722008511,0.9941470022800768,-0.7712814553398686
SMB001,smallmouthBass,1.1814433318472415,0.3886283008107383,3.4342461200016077
SMB001,smallmouthBass,-3.252965467597833,2.2850758590098366,2.0194146279635157
SMB001,smallmouthBass,-7.42363820502425,1.7909083505967947,1.2050114623219086
SMB001,smallmouthBass,-2.6959697185359506,-0.3073648645036324,2.703821802383393
SMB001,smallmouthBass,-6.9577117993817055,0.6266513548500477,5.590327217284711
SMB001,smallmouthBass,0.774381181162381,4.599586249877453,2.92842545349232
SMB001,smallmouthBass,-0.9878872466384391,0.8326869668541692,2.168717589966648
SMB001,smallmouthBass,0.3312297734132127,6.571283049836286,3.413217195868802
SMB001,smallmouthBass,-2.595799638240379,1.611924261965224,9.07835570879523
SMB001,smallmouthBass,-2.1833216110328806,4.20843270989944,0.0205922331005553
SMB001,smallmouthBass,-9.821274900211957,5.545872358042474,3.1411692747520825
SMB001,smallmouthBass,-7.778982892973662,4.75111644329867,5.54302503211828
SMB001,smallmouthBass,-2.5993550490072685,-4.31307658475268,2.421759874860004
SMB001,smallmouthBass,0.8798034549140881,-4.927151988738535,1.4557174901757994
SMB001,smallmouthBass,1.3847252182658825,0.5119963811687087,3.5096345661247943
SMB001,smallmouthBass,-1.6716295214157098,5.29714776917032,7.147689101781956
SMB001,smallmouthBass,-5.791705594576282,2.0992365433377227,7.902518444391602
SMB001,smallmouthBass,-11.041093241366744,-0.34362003872033087,1.4058319402092674
SMB001,smallmouthBass,-5.902089974579782,1.2523964473242744,4.407797651364667
SMB001,smallmouthBass,-5.127086135913503,4.804796545609555,5.436029761737906
SMB001,smallmouthBass,-6.469725237738294,-4.339928482794052,5.612345347326997
SMB001,smallmouthBass,0.14684983660252154,1.9091093235560395,-0.46223475481370413
SMB001,smallmouthBass,-0.6734784283343038,4.176167584029905,3.9824983628409325
SMB001,smallmouthBass,-3.158066959993419,2.5768791803994793,7.353854809901973
SMB001,smallmouthBass,-3.6208345093862624,-0.9458207145971861,4.965797487568671
SMB001,smallmouthBass,-5.3200216278047066,-0.9057636143531596,2.897816072487042
SMB001,smallmouthBass,0.31814240940116045,4.293247761314824,4.316485690684348
SMB001,smallmouthBass,-7.188505296743598,1.3991091327204772,-2.8405712018225495
SMB001,smallmouthBass,-4.309924547195752,0.8146816464853351,0.8378236299472999
SMB001,smallmouthBass,-9.230977862094798,4.292113362856814,2.1691384568525645
SMB001,smallmouthBass,-7.06694988858858,0.6962391953386654,1.1167621933091978
SMB001,smallmouthBass,-5.3109923475028955,-1.9969275747275486,1.3657797070994482
SMB001,smallmouthBass,-6.6457234659721935,3.9113232626993772,2.5512683939667107
SMB001,smallmouthBass,-5.598940952005848,1.7763868645819996,3.6296401764647603
SMB001,smallmouthBass,-5.350909848390487,4.274797861889811,-6.667320718788598
SMB001,smallmouthBass,-5.3223655177089295,-2.500493795979003,5.919562951696782
SMB001,smallmouthBass,-4.532244146957191,-6.332705807648187,2.362716854568273
SMB001,smallmouthBass,-3.650049551577893,-3.6848747964759165,1.9446559872292157
SMB001,smallmouthBass,-4.382108978687308,-2.682950340365093,5.682736427313458
SMB001,smallmouthBass,-4.1552621494294,-3.3758627966750083,2.775365422649971
SMB001,smallmouthBass,-14.572887488224291,-6.8056708898321245,2.585122409143455
SMB001,smallmouthBass,-16.357222054545808,-5.726738479040421,1.8879453983390173
SMB001,smallmouthBass,-10.011652234393205,-2.743904371031841,6.221893826475501
SMB001,smallmouthBass,-7.483221113973277,-1.0382947808119993,8.81141492614593
SMB001,smallmouthBass,-11.938319879256493,-3.17253709257658,3.0674327102242116
SMB001,smallmouthBass,-11.819348796303684,-2.795160196466582,-0.7184795906293173
SMB001,smallmouthBass,-20.9751259351554,-5.635499618817916,-0.41379458923286006
SMB001,smallmouthBass,-17.6294921226894,-7.014473939972305,-2.8807859954668174
SMB001,smallmouthBass,-3.4719142821805837,-1.6851720965869292,5.91149341950546
SMB001,smallmouthBass,-3.2167255704239075,-1.0894777787331673,4.997831320748457
SMB001,smallmouthBass,-4.353856167457827,-1.5452798992645194,6.565756823010041
SMB001,smallmouthBass,-7.422740699961902,0.09981398755930848,-5.182852063959238
SMB001,smallmouthBass,-9.731732740151397,-4.0951508202581355,-0.19022487389334597
SMB001,smallmouthBass,-7.564194747896745,-0.6456299246098323,4.60006961991733
SMB001,smallmouthBass,-7.516426387713668,-0.5611040778495567,5.55939589208784
SMB001,smallmouthBass,-15.967636404714543,-5.607034887337139,1.451145071129578
SMB001,smallmouthBass,-13.86288723585301,-5.862151216088405,1.4631079645215876
SMB001,smallmouthBass,-12.131311326036672,-4.031054246830568,0.19459619210500645
SMB001,smallmouthBass,-10.936182178213912,2.3803385505514836,5.617200480715032
SMB001,smallmouthBass,-12.616067962436109,2.9925252472617854,5.716760367034655
SMB001,smallmouthBass,-21.835358857546026,-5.408381847664353,0.09355876303866673
SMB001,smallmouthBass,-16.145213526080177,-4.618353202216827,1.337445860304057
SMB001,smallmouthBass,-9.260559679255945,-4.41371004869434,1.5961790097772979
SMB001,smallmouthBass,-6.398069604510862,-0.3396664203967684,8.75781893241151
SMB001,smallmouthBass,-7.0558466367434,0.6512281608486772,7.54252662507891
SMB001,smallmouthBass,-13.547000465776662,-4.159777131086846,2.3415062536010316
SMB001,smallmouthBass,-19.322901840896975,-7.179556136436853,4.890776795171939
SMB001,smallmouthBass,-19.514762980178258,-3.3690540316069413,-2.3346873015350753
SMB001,smallmouthBass,-9.649474797986496,3.3543658796278013,2.644006877017941
SMB001,smallmouthBass,-5.913793543499642,3.813931064762052,4.051092263925194
SMB001,smallmouthBass,-9.591709011242202,-5.946996560348184,0.208586582763985
SMB001,smallmouthBass,-13.568181861994992,-5.079857413992723,2.8239972883911326
SMB001,smallmouthBass,-19.05243993892023,-4.461616545511103,1.350285792690672
SMB001,smallmouthBass,-6.447799381100834,-0.21121648714102786,1.543197684651866
SMB001,smallmouthBass,-1.9446889216766177,-2.1426381192403903,1.4638120110591872
SMB001,smallmouthBass,-2.1941861481487748,-5.331210717225467,5.350317807842659
SMB001,smallmouthBass,-0.7571278056270212,-0.5876829687387362,4.606228432914207
SMB001,smallmouthBass,0.6910300736238081,-2.6846143952594415,1.0925765135202947
SMB001,smallmouthBass,-2.2184136027182975,1.4854595103194852,5.843443401187304
SMB001,smallmouthBass,-5.2025312444356295,5.410488234406945,7.160721057048047
SMB001,smallmouthBass,-5.576747059439353,-1.720280767735476,0.4349234720651718
SMB001,smallmouthBass,-7.604579367543316,-1.82367214155934,2.3321163373779776
SMB001,smallmouthBass,-7.292255961511913,-4.218768660739981,1.5012105339172643
SMB001,smallmouthBass,-5.925833367256328,6.3944323762432305,6.5669898724092155
SMB001,smallmouthBass,-2.3252402171300077,-4.635040798026837,-2.3206755872061153
SMB001,smallmouthBass,-3.971741713948355,4.69280264472561,6.108065514016104
SMB001,smallmouthBass,-5.718317228722446,-3.885354710315925,0.3828940612997226
SMB001,smallmouthBass,-8.111743784008048,-2.3067474457105694,1.439017299672733
SMB001,smallmouthBass,-15.658124638700901,0.9522780603013927,3.436127735853481
SMB001,smallmouthBass,-12.699610637749354,1.4034085789551343,-1.3664895622059419
SMB001,smallmouthBass,-18.362023471904966,-0.4992586720528154,3.573260785900503
SMB001,smallmouthBass,-13.41209429841269,0.34011807228313434,0.4900735052737111
SMB001,smallmouthBass,-11.104114447781104,-2.9059371200458433,0.6849996312362895
SMB001,smallmouthBass,-6.405542635418154,5.171078119073112,4.019627361633915
SMB001,smallmouthBass,-5.932427088685806,-1.298315356822703,2.9003211998520477
SMB001,smallmouthBass,-3.6912478278953764,3.0634719453068975,5.391538342493724
SMB001,smallmouthBass,-2.3381501258179416,3.00155288201281,4.8811433049125315
SMB001,smallmouthBass,-3.56896014780207,2.0017772103488434,0.024161480495836246
SMB001,smallmouthBass,-3.02808842881697,-5.475061471803983,-4.094671553751462
SMB001,smallmouthBass,-7.844308690786663,1.0321876766194649,6.706094230823293
SMB001,smallmouthBass,-10.527112875650232,2.887777989929175,1.0630727130521251
SMB001,smallmouthBass,-14.266396853673152,-1.300517038650754,3.4666816865506798
SMB001,smallmouthBass,-14.867728353094071,-3.625038884168683,-0.34592001642353815
SMB001,smallmouthBass,-23.856288554098278,-7.9945708753598455,2.980012186688371
SMB001,smallmouthBass,-15.779073522164216,2.0913823294929226,4.411958775126935
SMB001,smallmouthBass,-6.605605640743722,-2.5125388126339803,1.639819699962691
SMB001,smallmouthBass,-5.41900376474787,-0.4279309824300005,-1.7947118975922394
SMB001,smallmouthBass,-5.109370267841303,-1.1371036801856969,0.35351195671403585
SMB001,smallmouthBass,-4.14797018830434,-0.11766725442904744,1.3209546721781342
SMB001,smallmouthBass,-3.9889225685154837,0.16480804769375415,-4.356216942191815
SMB001,smallmouthBass,-8.697218500647619,0.23185738848353354,3.538421527758601
SMB001,smallmouthBass,-13.542623379005374,0.4882790923580336,-5.69330005032268
SMB001,smallmouthBass,-3.3624204363597423,-2.9423636095719203,2.520386084817917
SMB001,smallmouthBass,-4.5506700262235436,1.8449438408289236,5.954041884552355
SMB001,smallmouthBass,-3.6407791023386444,-0.7000960539139253,4.629747314564128
SMB001,smallmouthBass,-7.461003371167902,-1.658716852192611,1.1183534640005606
SMB001,smallmouthBass,-7.949418429725894,-2.104865305312638,1.8179270253972224
SMB001,smallmouthBass,-3.0579099850839615,1.4708187922697444,3.4486506864250277
SMB001,smallmouthBass,-4.816087881323247,4.802601086605746,7.147218840788269
SMB001,smallmouthBass,-1.7282889214482489,-0.42904434644230377,5.600980472708311
SMB001,smallmouthBass,-6.290862822469919,-4.134313984854881,-3.131678269645399
SMB001,smallmouthBass,-5.362720555463218,-4.622135268339816,1.0521227063523604
SMB001,smallmouthBass,-6.625242096094173,1.644106975081754,5.0136139323209745
SMB001,smallmouthBass,-4.772916945125813,5.69107637775692,5.153049408548368
SMB001,smallmouthBass,-5.881529661557662,4.9377249039097215,6.431122602356394
SMB001,smallmouthBass,-5.10800589662822,-3.570798708566697,1.9610760333890327
SMB001,smallmouthBass,-5.22153919962083,0.5038241604905933,0.4555232881326272
SMB001,smallmouthBass,-8.458549957946516,-3.370711980936634,4.538283535453764
SMB001,smallmouthBass,-9.473117588014905,-0.8027781653746433,9.54924786151511
SMB001,smallmouthBass,-10.323623611719054,1.7524974916631544,4.328756778127212
SMB001,smallmouthBass,-9.891130372063316,0.8109460293730615,-3.636203159741586
SMB001,smallmouthBass,-13.037101752532564,-4.449373234516374,1.4339647410130467
SMB001,smallmouthBass,-8.51558333984729,-3.288295098900524,-0.3853301805692172
SMB001,smallmouthBass,-1.7021550578013174,0.47391189017022795,3.5488968716630738
SMB001,smallmouthBass,2.166717731375088,1.2368550216370469,3.658472191972607
SMB001,smallmouthBass,-4.942576493479806,-0.8264139492767055,-5.994158113425259
SMB001,smallmouthBass,-7.4765972635778155,1.3696447941110588,-7.673052626779637
SMB001,smallmouthBass,-3.453637378689359,-2.4629175999634167,-4.096040920681159
SMB001,smallmouthBass,-3.1770058341029643,-4.813169257443785,2.368822284585589
SMB001,smallmouthBass,-2.4808672161499024,-0.006431786915010368,6.362775757339706
SMB001,smallmouthBass,-3.672300045541964,-1.674242574124614,-6.708344680140377
SMB001,smallmouthBass,-2.7684496400172223,-2.965577912154874,3.53557431048314
SMB001,smallmouthBass,2.6290144862512745,-0.044172291939813424,3.2337935594809317
SMB001,smallmouthBass,-0.31066653930790533,0.4017159858534374,5.711472478298981
SMB001,smallmouthBass,-2.9094079058566376,4.1297782997848405,2.1155905721298787
SMB001,smallmouthBass,-3.6643417730455172,4.691724975443013,4.007139406287824
SMB001,smallmouthBass,-0.584212922614989,3.1257147821847617,4.313807836863411
SMB001,smallmouthBass,-2.119878466912981,0.12359228169361286,7.264878808688597
SMB001,smallmouthBass,-3.7196138869016258,0.47536233003363404,5.718825690581289
SMB001,smallmouthBass,1.280506622386242,-3.330632533276513,1.391556376892403
SMB001,smallmouthBass,-0.0654364936988745,-5.122994476096862,3.013060674653164
SMB001,smallmouthBass,-2.3428083066199075,0.20208881004724666,3.833639366964529
SMB001,smallmouthBass,-8.605838428917028,0.20900928236363112,8.743231369329791
SMB001,smallmouthBass,-9.070595526295168,-2.279497365932685,2.346295134941097
SMB001,smallmouthBass,-5.539316168786652,-1.2681229807401675,2.834706996516263
SMB001,smallmouthBass,-4.849245939849915,-4.639228848357881,1.8958526444433192
SMB001,smallmouthBass,-4.780715454753303,-2.6193225123221135,1.214930855009463
SMB001,smallmouthBass,-5.363417524072702,-1.1571748126558299,5.714205459790484
SMB001,smallmouthBass,-1.5339627841353005,-1.6484220989592746,3.533818047076554
SMB001,smallmouthBass,-3.698820111328534,-2.2485162200619793,0.8471269602740379
SMB001,smallmouthBass,-6.579083046620788,3.3017958474458022,4.164556715252512
SMB001,smallmouthBass,-0.5618015394987841,0.6936043905626154,3.48806085489546
SMB001,smallmouthBass,-2.0153437281401967,-3.5621735874422074,2.037540912614578
SMB001,smallmouthBass,-2.35337373692779,1.4732330368332607,-7.6269188576030675
SMB001,smallmouthBass,-2.130714384747101,-2.6286758299210646,3.087779022332736
SMB001,smallmouthBass,-3.848766291460142,1.3411209233681198,5.2300160899540975
SMB001,smallmouthBass,-2.3410683327865827,5.759879421502628,3.431840701250508
SMB001,smallmouthBass,-0.72865947188911,3.999556427171267,-0.26816991335462453
SMB001,smallmouthBass,1.5985171343562898,1.735176760775626,3.8070087288221632
SMB001,smallmouthBass,-0.8292886570913809,-1.2142647165924227,4.528267380847665
SMB001,smallmouthBass,-0.834421018354755,0.8477839670355058,0.904229391785464
SMB001,smallmouthBass,1.184966781407128,2.334144024549239,3.467759783568621
SMB001,smallmouthBass,3.818937816463649,7.121969835889717,5.186757499128737
SMB001,smallmouthBass,3.9449678810890734,3.848241911668477,4.5054569326996186
SMB001,smallmouthBass,1.2973226470141226,3.1939034545232454,3.3896251832812196
SMB001,smallmouthBass,1.031353908428625,5.847853998333194,2.2300506829842934
SMB001,smallmouthBass,3.0672061761305,0.8336329856388781,-0.011791960879269647
SMB001,smallmouthBass,0.6917538608711407,8.997101476967467,5.461936184754473
SMB001,smallmouthBass,0.16137124500844846,3.178528773369765,0.3511044998921006
SMB001,smallmouthBass,-4.108303335289805,2.1134256591703946,0.5213505712866028
SMB001,smallmouthBass,-4.2631128751022676,-0.2872783251923171,5.495907896266913
SMB001,smallmouthBass,-7.201114543313622,-2.033302688649168,-2.6909355973345876
SMB001,smallmouthBass,-3.0353994673970193,0.7095195451779507,4.873660039763759
SMB001,smallmouthBass,1.9410300086615122,-0.39237866297830953,-2.7416220860254374
SMB001,smallmouthBass,3.9723815800526894,6.500844144828997,3.8379533262216396
SMB001,smallmouthBass,2.555762743318689,4.394209917468509,3.1350938557392327
SMB001,smallmouthBass,-0.9538748674395979,4.149735662493008,2.1639799853838784
SMB001,smallmouthBass,-3.679457201227857,2.825180279291391,0.9135690008400736
SMB001,smallmouthBass,-3.6374763332712954,1.5789592649613444,0.603874577281934
SMB001,smallmouthBass,-5.391352142776729,-1.5953425581114182,5.583849709418889
SMB001,smallmouthBass,-1.2660314717014987,1.6958905679208867,7.1400211927623785
SMB001,smallmouthBass,-0.8217457357024247,-1.793578181422048,-1.5345977979892014
SMB001,smallmouthBass,1.7372702590281546,-1.6291634417447098,3.8347133972001215
SMB001,smallmouthBass,1.487454008943518,-3.1796913793920902,1.4927986958012809
SMB001,smallmouthBass,0.7964074263553881,2.0434208509837526,6.186670036765877
SMB001,smallmouthBass,0.9427517971909154,1.6703969902007276,7.743952141194991
SMB001,smallmouthBass,1.5254611788356334,3.576365514896988,3.9185527640701134
SMB001,smallmouthBass,-2.9256046238953193,-2.4238078646147048,-1.2965843234814178
SMB001,smallmouthBass,-3.7571785697865847,-2.5963616059382457,2.927926952161643
SMB001,smallmouthBass,1.325689178558192,-3.461561339951173,-0.08748596014658526
SMB001,smallmouthBass,-2.94164578462738,-1.7195755817822838,8.87590600578916
SMB001,smallmouthBass,0.49275393850523713,0.1301892254076789,7.4193303177765735
SMB001,smallmouthBass,1.424025510745705,4.4918874919597105,2.2628758490196503
SMB001,smallmouthBass,-1.09187692050003,3.1389015963589753,3.0469525522167737
SMB001,smallmouthBass,-1.001178987245956,0.660709260297852,1.3390007634272916
SMB001,smallmouthBass,-1.4424744004839167,-2.998383843385413,2.873806294490244
SMB001,smallmouthBass,-4.2748533858291164,-2.2115081003560015,0.9182226987665366
SMB001,smallmouthBass,0.5888352181115148,-1.7845106600815184,3.158617868826129
SMB001,smallmouthBass,-2.5781194094311517,-1.3490668800245664,2.7443804464301085
SMB001,smallmouthBass,-3.6560528786929574,3.7910662687944923,5.945579511077594
SMB001,smallmouthBass,-1.1474597193094196,-1.2620884473838887,2.9628362688017416
SMB001,smallmouthBass,-1.4884638216226436,-5.777552985559378,0.7318412869249642
SMB001,smallmouthBass,-3.380621632788536,-5.130799603968865,0.5233715842865353
SMB001,smallmouthBass,-4.241657276006349,2.625272517096506,2.3478773939327855
SMB001,smallmouthBass,0.3960844759024282,-1.8528271243547196,-3.2394707474904547
SMB001,smallmouthBass,-0.5449628890375591,0.12945574226833884,-2.0751774752979917
SMB001,smallmouthBass,-1.3949095304970955,1.8080534759314744,-7.079010260888228
SMB001,smallmouthBass,-2.811707413631673,-7.67176980966597,-4.030349688458056
SMB001,smallmouthBass,5.998888253751256,-0.5107298279271143,2.1419773197929257
SMB001,smallmouthBass,0.3318793053855251,2.6210842981823723,5.805804439088249
SMB001,smallmouthBass,2.4644353214623496,1.2895639980762155,0.97991775831928
SMB001,smallmouthBass,-1.9145118540150348,3.6728783383089816,7.627028087804167
SMB001,smallmouthBass,2.343133769125037,3.3689919142385034,6.735355842065903
SMB001,smallmouthBass,2.5086132224778557,-1.732810002104496,3.421665813577839
SMB001,smallmouthBass,1.800942508444594,2.5390475925075684,0.3871475673897208
SMB001,smallmouthBass,2.5494290247512543,8.001006404153388,-2.4984904516016018
SMB001,smallmouthBass,3.5172870355597676,-0.6631275272521715,5.1533603497295415
SMB001,smallmouthBass,-2.208540713214458,0.5058813345400454,7.253117715902247
SMB001,smallmouthBass,3.850971545329367,3.8589667023938956,4.203129116125808
SMB001,smallmouthBass,9.713362391889648,4.1141704064415325,-3.123270965252673
SMB001,smallmouthBass,9.024873437957007,-0.7305862906726401,-2.305675504118832
SMB001,smallmouthBass,3.30929490305476,-6.481580566604592,-0.6346854117762294
SMB001,smallmouthBass,4.744355802809965,-2.0492547790860405,1.5193705882049153
SMB001,smallmouthBass,-1.6304499754661028,4.573068407372457,5.872407145776104
SMB001,smallmouthBass,0.6668358219111354,2.8527695335037686,4.7563063094367415
SMB001,smallmouthBass,3.557652709461841,3.1758417786420785,4.239905370601678
SMB001,smallmouthBass,-0.49902035291684266,2.048948367966883,7.594029376076902
SMB001,smallmouthBass,5.244808062586044,-5.527496313231344,2.3542467211045977
SMB001,smallmouthBass,6.586915606825773,-0.007341465152124915,1.9950666385657925
SMB001,smallmouthBass,15.157189241212993,-1.0116835021990058,1.5037309627200701
SMB001,smallmouthBass,6.0107053946485935,-0.46798838456244807,4.0648059115649335
SMB001,smallmouthBass,10.75766131247256,-1.511807035096863,0.9704002785550435
SMB001,smallmouthBass,9.645084116128517,-4.510031011322764,8.136608698437747
SMB001,smallmouthBass,8.443496160133899,-7.8317297495315215,-5.750458133060343
SMB001,smallmouthBass,6.3314633071300275,-4.052493947680129,-5.875815993724638
SMB001,smallmouthBass,12.839139007377696,-4.267486329424959,6.556829816758728
SMB001,smallmouthBass,7.936128342664999,-4.274419422113847,1.8102227379594722
SMB001,smallmouthBass,8.210154653082451,-4.344173503206102,2.8682397398803574
SMB001,smallmouthBass,9.34951139724057,-0.47272203115925737,-2.5836286775628623
SMB001,smallmouthBass,11.567814734326252,-4.611188563834397,-4.371333831182131
SMB001,smallmouthBass,6.611917237633806,-4.4228574183631855,-1.3991947294546088
SMB001,smallmouthBass,8.252009158934445,-10.782632366794823,0.9156897142623921
SMB001,smallmouthBass,3.9464651509684696,-8.934946425042357,0.5129717461876988
SMB001,smallmouthBass,4.584419097828866,-5.356137711209195,4.839203060571409
SMB001,smallmouthBass,-0.8410259853964677,-1.3600738069870402,6.384507741356861
SMB001,smallmouthBass,-5.678559600244382,-4.4268143450527,0.10858926185908563
SMB001,smallmouthBass,-1.051236486580541,2.836915201956996,5.459288086960639
SMB001,smallmouthBass,-2.736183971877467,-3.4083918995623232,2.829913400318647
SMB001,smallmouthBass,-3.6929185332863916,-3.9268407776642813,-0.5178564825770472
SMB001,smallmouthBass,-6.37254637539775,-10.427008993823836,4.231966445683429
SMB001,smallmouthBass,-3.2502955806518896,-6.066959463818188,-3.4380000737981407
SMB001,smallmouthBass,-6.071845639026873,-9.659448461774069,-5.094503150400457
SMB001,smallmouthBass,-9.036799825415944,-7.599000889132429,6.16383099861864
SMB001,smallmouthBass,-11.840016180804867,-5.217589440377102,-2.491157857706162
SMB001,smallmouthBass,-2.875956075508284,-2.1498994870225703,2.3206020914637575
SMB001,smallmouthBass,-1.752485339116369,1.9356287596842763,2.951122687220812
SMB001,smallmouthBass,3.2532192991461444,-0.8117053067843363,2.6002105645565936
SMB001,smallmouthBass,10.72225268076852,1.9434817260549786,-1.1110548218431744
SMB001,smallmouthBass,16.260041097308957,-4.322335085441669,-3.326013255891984
SMB001,smallmouthBass,13.64307720337101,-0.031974183556701896,4.6568855114297
SMB001,smallmouthBass,12.364933376595523,3.057514093430717,-0.8243942449341363
SMB001,smallmouthBass,8.370029172482468,4.0645914202793385,3.3654920228584846
SMB001,smallmouthBass,4.873998593253974,0.34431670454781693,3.7402182853444432
SMB001,smallmouthBass,12.21334740662087,8.335906266860722,2.8453900270631154
SMB001,smallmouthBass,11.690930072736574,6.643195085944901,3.24118294059459
SMB001,smallmouthBass,17.005273935711685,5.014908254162906,-1.4186698287673327
SMB001,smallmouthBass,15.080543779252526,1.6334037949054814,0.8197589118754531
SMB001,smallmouthBass,13.649049432467837,-0.07717884571481676,-3.0461572220620416
SMB001,smallmouthBass,10.94085347594468,-7.716991552485678,-7.0360778326194735
SMB001,smallmouthBass,11.136800815284495,6.614744096399157,-3.0375541703980957
SMB001,smallmouthBass,14.645261594310814,-2.335741525636456,-4.941396469201396
SMB001,smallmouthBass,15.630445237516051,-0.4707665212411837,3.2923219637503927
SMB001,smallmouthBass,10.080826949522317,1.5818737357497024,6.55961280699576
SMB001,smallmouthBass,12.809104622533521,-4.717063089755538,-4.1407369701555075
SMB001,smallmouthBass,9.987027992690667,-1.9793689431852992,-2.2069167958618614
SMB001,smallmouthBass,10.317947966194446,3.4432893525820436,0.48724206356438626
SMB001,smallmouthBass,8.045436775142043,-2.201324064212158,-8.701890543678832
SMB001,smallmouthBass,7.506221829879879,-5.324216585150983,-6.749716377634551
SMB001,smallmouthBass,7.55905376873313,-8.6595819878775,-6.2259691437039155
SMB001,smallmouthBass,17.232894045917877,5.664540450008554,-3.0530843490229556
SMB001,smallmouthBass,12.68700783360269,0.11029463556283403,0.7530159552744369
SMB001,smallmouthBass,12.667432371376085,-2.781138646168489,-6.029659137248821
SMB001,smallmouthBass,8.38619132549605,1.078227485966522,0.8839041944827327
SMB001,smallmouthBass,13.005676794340882,3.708859930960057,-3.831347398198879
SMB001,smallmouthBass,11.320130135250695,5.271897750567861,2.663045253449001
SMB001,smallmouthBass,12.852595049990624,4.229876107463263,-1.0735716186640094
SMB001,smallmouthBass,7.637216209828786,-5.417203705699169,-3.6540200312477493
SMB001,smallmouthBass,12.90100275271996,4.084251362881433,-2.070312784450369
SMB001,smallmouthBass,13.082958236287073,4.761212686267684,-2.5373235226001802
SMB001,smallmouthBass,10.988836325827727,5.27268375747843,3.360288178202627
SMB001,smallmouthBass,15.75783397942731,3.5490270789665153,1.2153774743686292
SMB001,smallmouthBass,17.161471853007438,-0.10042377154468252,-2.0012924125628206
SMB001,smallmouthBass,11.380268084844934,6.318874114733144,1.6124531032481224
SMB001,smallmouthBass,15.043982940348666,-2.936470538881881,-2.200333052750157
SMB001,smallmouthBass,17.003044799411906,1.9948649749295293,-1.6146439329098263
SMB001,smallmouthBass,15.316482643481526,1.9237521267918183,-1.0314091108967376
SMB001,smallmouthBass,15.040137892254279,0.5331290816215135,-0.2116346537666109
SMB001,smallmouthBass,11.433511746900326,2.9104548561379535,-0.17342888467284662
SMB001,smallmouthBass,10.55129393487383,1.2352665400477854,2.488977382899134
SMB001,smallmouthBass,8.368208524186464,6.7216226906945975,1.7795062489648472
SMB001,smallmouthBass,13.542590261546879,0.5080156957420014,2.7750302990685847
SMB001,smallmouthBass,12.980656648826454,4.933168612364587,3.9398431817609403
SMB001,smallmouthBass,8.573507541560197,-4.4523225303653815,-4.567572177865814
SMB001,smallmouthBass,7.926116186214456,-5.395305428614314,-6.135723042101046
SMB001,smallmouthBass,11.079251856330966,4.357969888145329,2.461595731856747
SMB001,smallmouthBass,13.193233030505365,-4.361983322468156,1.2864386286047684
SMB001,smallmouthBass,14.384829017632299,6.679534756248903,2.4480455618273904
SMB001,smallmouthBass,13.844192297767885,4.177508323821481,-1.7963393993665184
SMB001,smallmouthBass,11.82684962313241,3.000717244565168,0.9131669649448665
SMB001,smallmouthBass,11.080820419979784,2.981223053351718,1.1452080878891227
SMB001,smallmouthBass,11.881065122009511,0.5935204152105482,3.2949776946777725
SMB001,smallmouthBass,9.742092140223658,0.2829417249567282,3.849417368330674
SMB001,smallmouthBass,10.476182186480731,-3.5948056335728795,1.7562427598078378
SMB001,smallmouthBass,12.098990083244637,0.10894046530568124,-2.8209972381964605
SMB001,smallmouthBass,9.134904910681733,-3.7526911609320255,-1.2525723533689057
SMB001,smallmouthBass,12.696595435873956,-1.66093520224701,6.377044366388836
SMB001,smallmouthBass,15.320270114200941,3.2669880931980853,-1.518016626727284
SMB001,smallmouthBass,13.481023908587368,-0.12464150020064846,-3.9008368571895256
SMB001,smallmouthBass,12.384999104520167,0.8729751610859251,3.0085411877014674
SMB001,smallmouthBass,13.37025312459988,-6.1850915621234694,-4.035029660250845
SMB001,smallmouthBass,11.167649216114647,-5.437423953356124,-4.040338520356312
SMB001,smallmouthBass,14.304361517494916,-5.425176519593584,-7.852771077140062
SMB001,smallmouthBass,9.774311970496768,-5.117465277460605,3.8987902735244355
SMB001,smallmouthBass,11.277765540341932,-1.793567179643764,0.8791424890181643
SMB001,smallmouthBass,7.307340598201055,-8.444591403611172,-3.070569025524387
SMB001,smallmouthBass,6.323000879843566,-5.855026861349664,-11.230620349549554
SMB001,smallmouthBass,12.144827103106016,-3.918645379753686,-2.5589794023574646
SMB001,smallmouthBass,18.299944996163767,7.385589075231745,-8.518412262118021
SMB001,smallmouthBass,11.268277924623032,-1.2047920979201594,-2.9585072154758136
SMB001,smallmouthBass,14.161450792118563,-0.0405973044717054,-2.0518214793861618
SMB001,smallmouthBass,10.76402781657363,2.8887304658082846,-4.648529037126548
SMB001,smallmouthBass,12.189237966545456,2.1821789500422817,-3.9495280131165766
SMB001,smallmouthBass,11.09696105525773,3.3122423725676944,-2.0277793453799284
SMB001,smallmouthBass,6.845232835599417,7.404538654032901,-0.06472098051876851
SMB001,smallmouthBass,11.819563211832198,2.966510821659212,-2.777711218308539
SMB001,smallmouthBass,10.786903402922277,-0.46252296298391643,-1.9616856806456744
SMB001,smallmouthBass,9.173487395373751,-3.6779448472459264,-5.407852587014005
SMB001,smallmouthBass,11.080058231966435,-4.519910263150404,-0.6231658283570009
SMB001,smallmouthBass,6.394336092820689,-3.656896210352916,-9.032381249392659
SMB001,smallmouthBass,8.071214836621163,-5.1099924899336795,-1.7935389975944436
SMB001,smallmouthBass,8.370647821418663,-2.8758852229958216,-4.460175766775809
SMB001,smallmouthBass,11.3398178198713,1.0143292262074783,-2.8207024309966235
SMB001,smallmouthBass,16.183616553463295,6.556052386280309,-3.216014086011809
SMB001,smallmouthBass,8.58098582550728,-3.300696042144322,-9.58968205731375
SMB001,smallmouthBass,12.17631260936321,-5.947522041664503,-0.7894266957100824
SMB001,smallmouthBass,10.248024663835906,4.801099389834648,2.679162114201197
SMB001,smallmouthBass,11.280880859361645,2.872409202163044,2.166752122032009
SMB001,smallmouthBass,9.055819846451893,-0.1051260050703402,-5.389498617360804
SMB001,smallmouthBass,10.751162550084048,0.04726188831454492,-1.2844743565466143
SMB001,smallmouthBass,11.98388647906388,6.042687893990036,-1.1973078512542994
SMB001,smallmouthBass,13.98558269500088,6.41439623723649,3.0236337004543556
SMB001,smallmouthBass,14.798831039510501,5.77035701809517,0.1961598365742433
SMB001,smallmouthBass,7.8052138903005766,-4.380033262861597,-9.154849881207284
SMB001,smallmouthBass,11.553602785129934,3.117567303499577,0.12980642344355575
SMB001,smallmouthBass,12.586495281948494,2.3457583905548467,0.5833972853777623
SMB001,smallmouthBass,8.814849964130032,0.5322433053517879,-7.913252074895581
SMB001,smallmouthBass,8.014795936438556,0.656717399486339,0.5387581795807389
SMB001,smallmouthBass,8.159776274295965,-0.24027620750201995,0.8658550438663053
SMB001,smallmouthBass,13.653411731154097,-1.720333335196266,1.5994556241401503
SMB001,smallmouthBass,13.814148701390607,-0.5144031460048972,-3.9313743447036975
SMB001,smallmouthBass,4.907967788597367,-5.647994570237839,-7.327617132690972
SMB001,smallmouthBass,11.612979352190134,-1.475599719978732,-0.2151069514724286
SMB001,smallmouthBass,13.103574202126705,2.9264771932177056,0.6038562237389347
SMB001,smallmouthBass,10.642651850249724,0.432055153542471,0.275923328018178
SMB001,smallmouthBass,9.242549812795042,-2.111977879890106,-7.137819101549665
SMB001,smallmouthBass,9.369530796017893,1.853327076837551,-2.6852009175272915
SMB001,smallmouthBass,8.91716146880685,-1.2408369582455538,-7.908596093469583
SMB001,smallmouthBass,9.753710865757824,-1.9132966588711857,-8.16202357189737
SMB001,smallmouthBass,7.9187663407210795,-2.7288369524801976,-9.305610692288711
SMB001,smallmouthBass,7.5524393383284965,-2.2081344346366887,-2.977389462143093
SMB001,smallmouthBass,9.87252702608307,0.6562862070824627,0.7860010803713828
SMB001,smallmouthBass,9.483068665493676,-0.5500781551283301,-2.5544223124610785
SMB001,smallmouthBass,9.239672826936548,-2.9524709051987528,-3.4137076816783853
SMB001,smallmouthBass,8.156880935633023,1.4792925517004616,-6.158347487719198
SMB001,smallmouthBass,8.871162851083016,-1.3034196139759169,-3.8158263408901267
SMB001,smallmouthBass,10.573515548392901,-0.26992458249003914,1.6090663241768632
SMB001,smallmouthBass,9.689749289765862,3.0434663668928037,1.5877501151435434
SMB001,smallmouthBass,8.961735126180237,1.272081831767438,-5.637729823961383
SMB001,smallmouthBass,10.401910635482173,1.8494192213907004,-11.503902537066633
SMB001,smallmouthBass,9.692852896951775,-1.4443204060054922,-4.9895344394693755
SMB001,smallmouthBass,7.756870954038801,-0.09078073851038504,-5.520662659587324
SMB001,smallmouthBass,11.075209716282506,6.035544728316509,-2.4074057695816746
SMB001,smallmouthBass,8.7503567811988,0.83882503811759,-13.283537802767388
SMB001,smallmouthBass,13.510870192072552,1.3190323170234803,-0.19313321158599028
SMB001,smallmouthBass,12.776128280836112,0.5550908814731996,-3.4196243132083786
SMB001,smallmouthBass,13.383211507313206,3.241161573695206,-6.924791416865201
SMB001,smallmouthBass,15.195620765836242,2.9178347250336163,1.969082158514176
SMB001,smallmouthBass,15.425854104344285,5.067557176609141,-0.42905008748964457
SMB001,smallmouthBass,6.99661999216166,3.7233623652245704,-4.3669184392707985
SMB001,smallmouthBass,13.644704754518113,2.9329371385417615,-4.696862762331531
SMB001,smallmouthBass,13.918479074574186,3.443817194944919,-0.8831369747434078
SMB001,smallmouthBass,8.965587502862547,-1.8690041396725026,-8.823490842136318
SMB001,smallmouthBass,10.217135401617405,-2.2372680206695215,-1.7913798752257042
SMB001,smallmouthBass,14.074343056696137,2.958204034223007,0.8116334833417156
SMB001,smallmouthBass,13.824028013069654,6.135414939189849,-3.6445928084942376
SMB001,smallmouthBass,14.658215845037434,6.479555238026486,-3.2920346831590637
SMB001,smallmouthBass,12.5920903636883,7.532804589571864,-0.9697774536856528
SMB001,smallmouthBass,11.352153994575252,1.6725168512431234,0.08348109843085039
SMB001,smallmouthBass,13.230045902008726,1.7985254265375246,1.5291011194804063
SMB001,smallmouthBass,15.070155209296527,4.49974054775065,1.4853638154620716
SMB001,smallmouthBass,15.12505024104252,5.896869145705131,-0.8856515660695744
SMB001,smallmouthBass,16.528295968996172,7.072703736898523,1.5078556585193919
SMB001,smallmouthBass,12.802686468144401,4.592099435384412,-1.616002858167457
SMB001,smallmouthBass,13.95541025194166,3.793531142771373,-1.0805732119787756
SMB001,smallmouthBass,11.143923549753929,6.472909405042217,1.7472109059936796
SMB001,smallmouthBass,13.421864868188258,1.324948001191443,0.8637025653471955
SMB001,smallmouthBass,13.472727044601381,2.594123291283535,3.6615053604551733
SMB001,smallmouthBass,9.875220948746378,2.6818488700615255,-0.8938328765184116
SMB001,smallmouthBass,19.599663093904084,9.49962187119734,1.2052291366784376
SMB001,smallmouthBass,18.00722516920683,6.526694399742786,-3.9809766257933057
SMB001,smallmouthBass,9.875475687564151,-3.4351277083815264,3.2114119738944127
SMB001,smallmouthBass,6.982969128709888,1.9773209577771613,4.443140253889054
SMB001,smallmouthBass,7.453616197211444,-1.133348554557746,-0.8050578300252698
SMB001,smallmouthBass,10.909689143783005,-0.2763373307956611,0.644354213623053
SMB001,smallmouthBass,6.8043688923359085,-5.407453062071579,-7.111511114185256
SMB001,smallmouthBass,12.616593666678284,3.385069676768139,-5.007163276750565
SMB001,smallmouthBass,9.340308705918105,-6.078210894380781,-4.3847627181471305
SMB001,smallmouthBass,7.927205921543743,-0.9908740872192043,-2.212988602365777
SMB001,smallmouthBass,12.87027303786962,1.9279299474505145,-6.674060276550226
SMB001,smallmouthBass,12.1516865516992,9.253125570760051,0.5159406930578327
SMB001,smallmouthBass,7.146105854273832,-4.666782176110457,-4.816872600949382
SMB001,smallmouthBass,6.593343415936255,1.0302697137144405,1.1197103903456376
SMB001,smallmouthBass,10.520206216569024,0.7236305226521947,2.4689759526171287
SMB001,smallmouthBass,7.28075426887821,-0.6080708514205204,-5.3861281745364655
SMB001,smallmouthBass,6.490370411188605,-1.0685102351210058,-2.463655205255754
SMB001,smallmouthBass,8.8268791941226,0.44446727864117636,-2.896016882061213
SMB001,smallmouthBass,8.83250685437217,4.332172357215426,0.5633482357957179
SMB001,smallmouthBass,8.98214101691429,5.510520773130931,3.139251895994638
SMB001,smallmouthBass,11.446906325492291,0.08132603618007928,-3.3763745418419733
SMB001,smallmouthBass,13.204515379431111,0.21416095066860852,-3.695364858326556
SMB001,smallmouthBass,10.23662181142397,-5.820215916772712,-3.1871286397617054
SMB001,smallmouthBass,10.096558157692254,1.1249805851060586,-1.0647651248520984
SMB001,smallmouthBass,12.035251850749374,6.513864705169778,-9.911343516432101
SMB001,smallmouthBass,9.361639054681174,3.0046379864758017,-0.25043925630305003
SMB001,smallmouthBass,5.08640758103101,2.633860130860569,1.0372712462210818
SMB001,smallmouthBass,5.407218121170206,0.11227896271690385,-8.133806705714248
SMB001,smallmouthBass,6.893282841132812,0.007699836624879441,-7.15902881702419
SMB001,smallmouthBass,6.18262597815861,-0.15410808464377104,-1.191728622672684
SMB001,smallmouthBass,15.590816219197892,3.0933548724008326,-1.5080759349613575
SMB001,smallmouthBass,12.802454108474361,2.0341236408009657,-1.2658363670088937
SMB001,smallmouthBass,11.553918448347096,7.3258290087822555,-8.01782441709177
SMB001,smallmouthBass,11.785651362131738,8.09415897781452,-2.9038468258048793
SMB001,smallmouthBass,7.392976187677377,6.212688639833283,4.017254758310779
SMB001,smallmouthBass,0.5886481952553431,0.567817322589107,3.963063351969743
SMB001,smallmouthBass,-8.55036335123113,0.6569198169964853,-1.7697329947211027
SMB001,smallmouthBass,-3.8873258920720253,0.9123922427125708,-5.149442661750476
SMB001,smallmouthBass,-3.0950729448028556,-2.358428006468396,0.6711917645841177
SMB001,smallmouthBass,-1.2860346653750532,-0.5388526698984258,2.2046066787291436
SMB001,smallmouthBass,0.5207235356184587,2.8913647012716175,5.455760802316439
SMB001,smallmouthBass,-0.3658857709871157,1.112690916058484,4.960339665991332
SMB001,smallmouthBass,-1.0257997587402068,1.3336818216403923,1.9989420760962304
SMB001,smallmouthBass,-1.6199606593168605,-2.2975087806749777,3.901759094927829
SMB001,smallmouthBass,-6.573872267891349,-4.5219857047758705,-0.16042754509652987
SMB001,smallmouthBass,-6.458328580189551,-2.5997176210020116,2.5193841119707567
SMB001,smallmouthBass,-4.5954676807397945,0.4007574236224914,0.09358719603875446
SMB001,smallmouthBass,-4.682337733818026,-0.8364274303500088,0.48763270500376993
SMB001,smallmouthBass,2.7667869209549747,4.995186481277257,3.895369069204125
SMB001,smallmouthBass,-1.7719766511345734,-0.9020417769464223,9.049783691881332
SMB001,smallmouthBass,4.623348144985045,1.6217669746125407,6.257689853516422
SMB001,smallmouthBass,2.8124927538387534,-2.8169969715340635,-1.1801525993507997
SMB001,smallmouthBass,3.075835110492537,-4.533694845121367,-5.155809172817543
SMB001,smallmouthBass,1.9472226159579429,-0.18018671318870777,-7.07108056579223
SMB001,smallmouthBass,9.283346129858124,0.9554451817408763,2.8198594046525565
SMB001,smallmouthBass,1.5191141239741737,1.7146655304063823,7.512750102377322
SMB001,smallmouthBass,-0.9584963238763902,4.252596866762016,4.199004413342675
SMB001,smallmouthBass,-0.19603016639569365,-3.414052878630773,3.4245124823146327
SMB001,smallmouthBass,0.9372172966239476,-3.7851980157856335,6.695222065443995
SMB001,smallmouthBass,0.5223177235609993,-2.2543661514558573,-2.6264119680138482
SMB001,smallmouthBass,1.4966450584621278,5.709205059474289,3.2097293264342137
SMB001,smallmouthBass,4.942821633631954,3.204881376042892,5.388889639212216
SMB001,smallmouthBass,4.473943832518675,-0.7453551289190624,5.448713695053277
SMB001,smallmouthBass,3.962049906321924,-1.6290710392049204,-5.551031557636258
SMB001,smallmouthBass,0.8251269318774149,-0.7909613896801507,-6.850259032457785
SMB001,smallmouthBass,-1.2389662249250486,-0.3248842568483722,5.077129895582628
SMB001,smallmouthBass,-2.004251005925226,3.2261049263562724,7.230129686780691
SMB001,smallmouthBass,0.9924151232771583,3.852154303321506,2.855514248015831
SMB001,smallmouthBass,0.9120600076797241,-3.2364327760535936,-2.7903752720692236
SMB001,smallmouthBass,3.404136086091413,4.2172400395056835,-4.264392044443299
SMB001,smallmouthBass,2.4442109028245413,-4.500059095554689,1.3260796385267757
SMB001,smallmouthBass,5.417501703394449,-4.461075678479982,7.911516513952192
SMB001,smallmouthBass,3.8217157137820705,-0.5971282608911326,4.7737931730247025
SMB001,smallmouthBass,1.4761719866464915,-2.0086007079297867,5.891134160422398
SMB001,smallmouthBass,-0.45102202741285624,-0.30717764679126963,-4.839346355552285
SMB001,smallmouthBass,-1.1664007576593949,-1.7040501095003728,1.2645425779088744
SMB001,smallmouthBass,0.07146114502298023,-4.84000263782035,-1.0886292345779855
SMB001,smallmouthBass,-2.053119338773178,1.869432630280995,-5.532375974041041
SMB001,smallmouthBass,-5.0400826193577934,-3.6604441265482017,-3.3861599986946924
SMB001,smallmouthBass,-1.917060848525519,-1.974296404056861,0.047104793926035976
SMB001,smallmouthBass,4.66382785744797,-0.5242576023603379,-2.1418546997017107
SMB001,smallmouthBass,0.7672480868465517,-1.507266094209898,1.326549891379754
SMB001,smallmouthBass,3.2363988536704644,-4.841594791798417,-0.3700074222554684
SMB001,smallmouthBass,3.179372442203291,-4.365657810764389,0.013173933063291517
SMB001,smallmouthBass,-1.899008418894249,1.1024329057029576,3.5672955978187058
SMB001,smallmouthBass,1.0574929982531014,-5.749770845299913,-0.6928439807763619
SMB001,smallmouthBass,-1.9337754953746682,-4.5628215930260145,3.0361098607978407
SMB001,smallmouthBass,-2.089764929590605,3.080975321953341,3.739506674347867
SMB001,smallmouthBass,2.3551820186221457,1.1442817332955508,2.3252593496281753
SMB001,smallmouthBass,-0.6258910288125051,2.2082783973185873,-4.350198513818197
SMB001,smallmouthBass,2.2054009056710866,-6.912732963720185,-0.5559087253532989
SMB001,smallmouthBass,-0.3381988249285255,2.3224104729019523,-6.77419044155852
SMB001,smallmouthBass,3.3616903189607896,-0.7644258569898497,2.955296769893627
SMB001,smallmouthBass,2.149175259211278,1.624454555220479,4.5597896594096445
SMB001,smallmouthBass,4.230502191328856,-7.691640743598288,1.0006872680416858
SMB001,smallmouthBass,1.9195329234427545,-0.23809450990665496,-5.559534281329174
SMB001,smallmouthBass,1.882825583690631,1.6424119707798293,-8.592752421851586
SMB001,smallmouthBass,-2.1844994658488295,-2.101936876590006,6.833105045024171
SMB001,smallmouthBass,1.483137657666207,-0.3733998836116707,2.9324997311988246
SMB001,smallmouthBass,2.0391292921723925,-1.9931606957769916,-2.5136700052696175
SMB001,smallmouthBass,0.6534736759870132,-6.39011175854652,-0.27241744588464384
SMB001,smallmouthBass,1.0893843311531668,-8.760777290204524,-0.7342449081999752
SMB001,smallmouthBass,-1.8690981662865769,-1.8170638893960769,-0.4957527473937141
SMB001,smallmouthBass,-0.4010845073896405,-0.5908374133579157,5.596564451059883
SMB001,smallmouthBass,-1.4507942787837542,-1.2658726352347465,5.4477401757844195
SMB001,smallmouthBass,3.9930406995064667,-7.977965199035495,0.618128000044048
SMB001,smallmouthBass,1.6802200877621474,-3.2214686285511354,1.053965127212812
SMB001,smallmouthBass,3.8858571311180823,-3.029388869498742,4.758187115129761
SMB001,smallmouthBass,3.7209417118554224,0.3995995338761882,-2.285269706032274
SMB001,smallmouthBass,0.8474369410457423,0.06419651006413774,0.7405094252832534
SMB001,smallmouthBass,1.9410680859765537,-3.072333289420545,7.908712489379334
SMB001,smallmouthBass,4.9478353567058555,-1.3181885370657862,-0.2858710998974779
SMB001,smallmouthBass,1.6779358457591171,-1.875295199428094,-0.36109239677992416
SMB001,smallmouthBass,3.430335566930829,-3.761413928019958,5.135948872356745
SMB001,smallmouthBass,2.698977178912849,2.6852593728208083,0.8786659263602307
SMB001,smallmouthBass,5.778578291022377,2.012393717498389,4.743880811371993
SMB001,smallmouthBass,-1.1257259206058743,-0.23220874854274265,4.991345247796394
SMB001,smallmouthBass,2.157082503358423,-4.516993083983044,3.06511328623084
SMB001,smallmouthBass,-0.18313539042971716,-4.918564950821623,-4.0355694254736045
SMB001,smallmouthBass,0.17369039652531715,-1.8041860202112674,-0.3016820032357672
SMB001,smallmouthBass,1.6855663674622863,1.2655573567737863,7.211210032780489
SMB001,smallmouthBass,0.5920773223537563,2.229678065003977,5.837670806013917
SMB001,smallmouthBass,-1.5375691422679707,1.9101413420911968,-9.281301194762413
SMB001,smallmouthBass,-0.4836165389663857,-4.566576794778505,-6.223855402334614
SMB001,smallmouthBass,-1.1951357993560046,-0.4502108194993931,3.1282128086407814
SMB001,smallmouthBass,1.8788544444661814,0.7218541539103376,2.5290951854085524
SMB001,smallmouthBass,4.27122684940064,-1.4616494935202897,-0.6582606739442572
SMB001,smallmouthBass,0.37217035957093814,-1.907726394907748,-4.075792776905256
SMB001,smallmouthBass,1.3886507272738942,-4.458007508381373,-5.517686953649076
SMB001,smallmouthBass,-0.5745602986399985,-3.907933613881806,-1.4048336579775795
SMB001,smallmouthBass,2.9827275095269434,0.36437795290355185,5.2738157582789
SMB001,smallmouthBass,2.730406657507734,1.0018945033040254,1.5389314845153779
SMB001,smallmouthBass,2.6955622247412037,-6.076942423742035,-0.24133495804907742
SMB001,smallmouthBass,3.685231192412302,0.2528951796904957,-5.094679211115676
SMB001,smallmouthBass,2.1815423263744096,0.767441465111399,4.336381382039967
SMB001,smallmouthBass,2.713660033185997,4.118702113322783,-1.959577020892451
SMB001,smallmouthBass,2.345225258717403,2.8759102964357988,1.307190112238632
SMB001,smallmouthBass,1.9322297520500986,0.9560390460891406,-7.913118910882015
SMB001,smallmouthBass,3.611928310591704,-6.787666117831076,-1.5543020603099293
SMB001,smallmouthBass,1.3497885980417281,-4.9545821569451345,-1.718378886298716
SMB001,smallmouthBass,-0.9897632952446493,-2.695736612472873,1.4955814923750617
SMB001,smallmouthBass,3.467761089026094,0.1514393152176469,-6.50996602725756
SMB001,smallmouthBass,1.7007318666024445,0.2535450255990837,4.54323207927387
SMB001,smallmouthBass,5.141387157837716,0.5303995181124992,5.505160605383415
SMB001,smallmouthBass,4.043741988299079,-1.5745638153535555,8.236714627727979
SMB001,smallmouthBass,3.9842110089549285,0.07315785694025434,-6.623140408073163
SMB001,smallmouthBass,1.289748922388818,-2.5897522756093827,-0.9523793064867438
SMB001,smallmouthBass,5.8279230838598535,-3.610735074138936,-0.38710401247811616
SMB001,smallmouthBass,4.630035130437049,1.7016632008479082,4.308519176474089
SMB001,smallmouthBass,2.755020004004684,-1.253476951194235,8.858805750640697
SMB001,smallmouthBass,-1.6785022564582897,-3.209819433893192,-1.9063885887405538
SMB001,smallmouthBass,4.409723897506005,-3.226141667091623,8.090312365878246
SMB001,smallmouthBass,2.4795361905081164,-2.849486860732772,4.803134211931749
SMB001,smallmouthBass,2.6284786435199234,-2.178726316368933,-8.31902153130647
SMB001,smallmouthBass,1.0468882362655254,-3.0241550756598072,-1.2122672777471613
SMB001,smallmouthBass,2.012291482445929,0.8869734987509694,4.188222917562307
SMB001,smallmouthBass,0.017301782284717793,-2.9550640328307574,-5.121332114860053
SMB001,smallmouthBass,4.786577745196249,1.7271172271586948,-5.4293600763566925
SMB001,smallmouthBass,5.6940754713398265,-4.165786955960711,1.3340434573399744
SMB001,smallmouthBass,3.1078593592211368,-2.356026460877521,5.115232301516134
SMB001,smallmouthBass,1.134037225917004,4.545719892078487,2.42061892598999
SMB001,smallmouthBass,4.320334053202782,0.796156958568526,1.6849622560529487
SMB001,smallmouthBass,8.044700343496212,-0.20373307654807588,1.4470470383870304
SMB001,smallmouthBass,4.535967956095804,0.6641332466286571,-3.1577966383640925
SMB001,smallmouthBass,2.7868919733241073,-5.346874635755118,-3.1194701562414813
SMB001,smallmouthBass,1.1218113085240162,-4.482194102213667,-7.723341077088552
SMB001,smallmouthBass,2.55065605460819,1.3166183484871372,-1.8330536908997386
SMB001,smallmouthBass,6.392502249904925,0.1823855499158435,3.187716563461143
SMB001,smallmouthBass,3.3672794477625194,0.2193277609840939,5.399102458386367
SMB001,smallmouthBass,7.570196584392068,3.6889394210101516,-8.575725499907367
SMB001,smallmouthBass,2.4205746925020035,-1.7278575002679386,0.22887342359994256
SMB001,smallmouthBass,1.0623776458153085,1.303019059026971,0.3466517032303228
SMB001,smallmouthBass,3.249331727021851,-2.235487060180566,2.138228684637502
SMB001,smallmouthBass,-0.3908449401147751,1.0571642937669938,-10.117844375502571
SMB001,smallmouthBass,4.251722555506286,-4.289476001185686,-3.730240352848762
SMB001,smallmouthBass,-0.8858219510891104,-3.6158014787046886,-3.4649364131224574
SMB001,smallmouthBass,1.9453846789411071,0.3028812473339705,-0.07058615564571546
SMB001,smallmouthBass,7.24778260313103,2.1708796399545873,5.470898942584602
SMB001,smallmouthBass,5.895904945169055,-2.1205370294388697,6.805424328379209
SMB001,smallmouthBass,9.411357454995827,1.6161949508491211,-2.7607852442862972
SMB001,smallmouthBass,7.721242098146317,1.8115874074417406,-8.17211465705306
SMB001,smallmouthBass,2.7315228523741926,-1.7588462239964482,-7.79914996211958
SMB001,smallmouthBass,4.310368527146204,1.5827341105056854,5.6748089662215255
SMB001,smallmouthBass,1.1810100005456272,-0.29210412018055437,3.07677792105256
SMB001,smallmouthBass,1.069018353832541,3.979339195851133,4.925655674007165
SMB001,smallmouthBass,4.506258628005671,0.9668156025058094,-10.428032379183868
SMB001,smallmouthBass,9.809723066209367,-1.6113483360003416,4.95661730863365
SMB001,smallmouthBass,10.403316324974597,3.6282833479404326,1.3907367236895531
SMB001,smallmouthBass,7.050146647268129,-0.2251532002133621,5.818999190892016
SMB001,smallmouthBass,4.005393796077978,5.089961972439704,1.9569404221752955
SMB001,smallmouthBass,2.0968470493949622,1.3233327660838152,2.819038860524848
SMB001,smallmouthBass,5.662978950797907,4.953814094775964,1.7964751968226218
SMB001,smallmouthBass,1.8563765480912071,0.963273277995347,-9.777276860980104
SMB001,smallmouthBass,5.336525787930361,2.203530012058541,-9.396313660488039
SMB001,smallmouthBass,3.0757300951289865,-0.5550420710699742,2.6000408725016255
SMB001,smallmouthBass,6.872131626058767,3.4288975967303337,1.7084243366570235
SMB001,smallmouthBass,5.719096557571534,-1.3874096074345448,1.8304924696795328
SMB001,smallmouthBass,5.361908840885369,2.315849937072778,4.536997391206341
SMB001,smallmouthBass,4.790875112867066,2.738506485409022,3.7911390969815644
SMB001,smallmouthBass,4.744097369147304,-2.9321906062236582,-1.7595290358260474
SMB001,smallmouthBass,3.754426753128396,-0.12194650895181121,-2.4553468520667083
SMB001,smallmouthBass,7.946992885417327,-2.884538995711841,-3.362308743889841
SMB001,smallmouthBass,3.131177616664558,3.929422835023523,3.6358899519928602
SMB001,smallmouthBass,3.784473763106081,4.339380484162765,4.846359528964658
SMB001,smallmouthBass,2.6258122741967886,0.22064155171236344,6.775532602869857
SMB001,smallmouthBass,4.336834140911041,5.0641009849166005,-0.5110956617584993
SMB001,smallmouthBass,3.03186865133159,4.1957502483191496,2.378932871718619
SMB001,smallmouthBass,1.185385228294534,0.11411747716525408,1.6228954637625643
SMB001,smallmouthBass,6.950120371966615,1.771675813675605,-0.7169057976129936
SMB001,smallmouthBass,0.27217451198619946,0.9507504839767511,0.14286779257829257
SMB001,smallmouthBass,5.047954285838189,0.5692974896246921,-3.3731314030243245
SMB001,smallmouthBass,3.641543844914052,-0.2721306464607916,-3.3649045928581307
SMB001,smallmouthBass,4.442352829895489,-0.9638538058623267,3.960323795569823
SMB001,smallmouthBass,4.609721804045923,2.4542687068106686,2.629633813912031
SMB001,smallmouthBass,-0.7288456500162563,3.17840428666106,1.5982939976652921
SMB001,smallmouthBass,-2.2661745274934995,1.6906365752037713,6.840507467361473
SMB001,smallmouthBass,1.9231840295025824,4.199041134057379,2.7738458295461226
SMB001,smallmouthBass,-0.47069150066638904,0.5141016669866031,4.6110110339088815
SMB001,smallmouthBass,3.8960877891862697,-0.26488105579029647,2.427147006967854
SMB001,smallmouthBass,2.953272121619287,-7.729767101708944,-1.9421925943487053
SMB001,smallmouthBass,6.356197369249389,0.8927845561203104,-0.03942369043160976
SMB001,smallmouthBass,7.98453311243145,-0.878541324227963,-3.4736934971643634
SMB001,smallmouthBass,7.292439109954616,-3.0527799687354986,-2.328035309095051
SMB001,smallmouthBass,-0.0052699522191245185,-1.4506895974474994,1.5355691672733947
SMB001,smallmouthBass,-1.3917950418241174,-0.23216439059552238,-7.260180205766942
SMB001,smallmouthBass,-3.515657797193944,-2.1323214179934857,-3.812003767114192
SMB001,smallmouthBass,1.6522563536107953,-0.5144715819868675,-1.5770913737093852
SMB001,smallmouthBass,-0.9934265975743165,5.594360658750606,3.5479672781197142
SMB001,smallmouthBass,1.1769196765062584,4.059753930412242,2.870053326844501
SMB001,smallmouthBass,-0.3275359403089669,5.523868216377628,-8.549384150002815
SMB001,smallmouthBass,-0.7718722215347402,-2.553854113120462,-2.2218986424114244
SMB001,smallmouthBass,7.56332575689984,1.9956501758850316,1.9750000099184382
SMB001,smallmouthBass,5.511648433613334,2.3044177831177484,2.5564008913652825
SMB001,smallmouthBass,2.8308247140787137,-5.778265175602282,-2.837946930569712
SMB001,smallmouthBass,1.9237218760190384,-1.7724006525486586,-1.5243380832473337
SMB001,smallmouthBass,-1.736244257926,0.01417261671551047,-4.965155759933693
SMB001,smallmouthBass,3.450184370957103,5.355732514582749,2.5080202335757242
SMB001,smallmouthBass,4.98206395262103,5.926578025918613,1.8435659674498366
SMB001,smallmouthBass,6.214886779160704,-1.2390765799024575,-1.3981649465473325
SMB001,smallmouthBass,0.7245507483722257,-3.9269672178723227,-10.007714157333117
SMB001,smallmouthBass,4.100993505269815,-1.389224981878352,-9.568501790549211
SMB001,smallmouthBass,5.2409026077544345,-0.3764703022015361,5.086017016770463
SMB001,smallmouthBass,4.873342652742125,3.9351124172451204,4.860813908394357
SMB001,smallmouthBass,5.628727431337822,-0.7073609175182924,2.397832112275006
SMB001,smallmouthBass,1.0483385203916327,0.8555189054070172,0.6129913644931438
SMB001,smallmouthBass,1.593521192557224,-1.6215816219393666,-3.248324013503425
SMB001,smallmouthBass,0.2884306297205188,-4.544035695911695,-2.5154368416645316
SMB001,smallmouthBass,0.010603180153558378,-7.680246531584606,-1.7862105703499582
SMB001,smallmouthBass,-3.751770878936753,3.8070464002374087,-0.4221302607890555
SMB001,smallmouthBass,0.2487692292147472,-3.279693595442393,-3.0117576909525527
SMB001,smallmouthBass,0.6917534736923024,-3.5221687319385873,-6.889325348250217
SMB001,smallmouthBass,3.0686235499090198,4.268414318853751,-4.104111990831707
SMB001,smallmouthBass,7.893106113501057,5.556170790274705,0.8465021368529406
SMB001,smallmouthBass,5.385983030541444,-2.906535187279202,-2.8062467345130537
SMB001,smallmouthBass,1.508599782829315,2.953203604218967,-0.9145831090501275
SMB001,smallmouthBass,0.7004319221291839,8.153088611881122,2.9397875680213983
SMB001,smallmouthBass,5.122306089469745,1.955862123341254,-5.635988371050524
SMB001,smallmouthBass,-1.3688385769843971,1.2306208082856158,0.1433086607746839
SMB001,smallmouthBass,6.95350374873691,6.429930979554976,-0.29391292750609
SMB001,smallmouthBass,2.000717255870428,-0.7515871495789622,-6.016716018360127
SMB001,smallmouthBass,6.51135111967047,1.9828036955936987,0.6508127508213314
SMB001,smallmouthBass,6.2860926707981815,1.3867250120193488,0.9697745552520546
SMB001,smallmouthBass,3.1582453416686307,-2.822897725611187,-2.5035395732497334
SMB001,smallmouthBass,0.34445509107590766,-5.381873394668293,-1.0932152399800863
SMB001,smallmouthBass,-0.14190755548413508,-0.21068891929578124,2.949481326876525
SMB001,smallmouthBass,-1.494843308019422,1.061483533763685,-4.967545391188591
SMB001,smallmouthBass,0.10853219156996213,0.915931898681575,2.0367490162892685
SMB001,smallmouthBass,2.9857192085928896,2.913365459367618,-0.17915503817613515
SMB001,smallmouthBass,0.8680404861333367,2.2783070805495504,6.354834626465732
SMB001,smallmouthBass,11.165702948395825,5.588229740960951,4.287479082083126
SMB001,smallmouthBass,5.401161508930693,-1.823381099543557,-7.706006152864161
SMB001,smallmouthBass,5.586976838200039,1.0141687279340021,5.005149350792003
SMB001,smallmouthBass,3.2854775543737587,3.831405788242418,-0.4803804275100377
SMB001,smallmouthBass,-0.40793561590485405,-0.66353752910578,4.047615549192782
SMB001,smallmouthBass,-3.38490079215708,0.07954134922970851,5.047986471470641
SMB001,smallmouthBass,-5.635832731647541,-0.27681636836947476,-10.556617787331943
SMB001,smallmouthBass,-2.821290780834989,-0.18133885027962518,-4.957417374559703
SMB001,smallmouthBass,3.725029829415797,2.209198370420755,3.43892787209145
SMB001,smallmouthBass,6.619992399399566,0.02210917939426632,2.442868994591302
SMB001,smallmouthBass,3.7701667136740276,0.6595064599630399,-3.809534780140735
SMB001,smallmouthBass,12.41477214619037,4.266833328477471,2.604682860933073
SMB001,smallmouthBass,3.5016640518447355,3.184490840905808,-9.739221761090176
SMB001,smallmouthBass,-1.5903747482151105,0.9045680613988237,-8.719835999725635
SMB001,smallmouthBass,-1.2483279202259694,-5.975824664564295,-4.905164906042856
SMB001,smallmouthBass,-0.20351139786228553,4.726148566216032,4.133672304112081
SMB001,smallmouthBass,-1.284889447977729,7.535015435640944,5.900327903998335
SMB001,smallmouthBass,0.8925325694863827,1.0370316760150047,-0.949282723187157
SMB001,smallmouthBass,0.8764818804683949,1.9163916846127533,-5.75900296584452
SMB001,smallmouthBass,7.840677507676361,0.80370395174122,4.079095905969155
SMB001,smallmouthBass,4.775280086863825,0.7464991015850759,4.773786999228861
SMB001,smallmouthBass,4.600307033916436,-2.0920073439154208,-6.705932402530626
SMB001,smallmouthBass,5.465417201931459,-1.5608742367508683,-1.6098361752511925
SMB001,smallmouthBass,-3.7781218624379607,5.712718890391163,1.4084597135353532
SMB001,smallmouthBass,-6.523091491169847,-2.3604960952173792,-3.034295889734249
SMB001,smallmouthBass,-6.559067011184531,5.65939877171735,-6.623679714428595
SMB001,smallmouthBass,-1.3040043015861744,3.2429947798111645,1.7382183784527285
SMB001,smallmouthBass,6.76370549658583,4.145838453303118,0.3984620097325281
SMB001,smallmouthBass,6.104102447387346,0.9817805346312372,-7.122367170243812
SMB001,smallmouthBass,2.5352155757222796,2.1998744497350087,-5.901838571452249
SMB001,smallmouthBass,-4.397709390059401,5.3756070141502015,2.0907165681722866
SMB001,smallmouthBass,-1.5182422281084655,4.732549171342425,3.4247563465687367
SMB001,smallmouthBass,-8.798316074290867,-3.0985564011601245,-2.4194805833273914
SMB001,smallmouthBass,-5.144465629383286,-3.3905425331713643,-2.8518850406799965
SMB001,smallmouthBass,1.311642670553201,2.6774419235150755,2.1827749901597526
SMB001,smallmouthBass,4.947810914061579,1.8351818814501781,-9.516199254560451
SMB001,smallmouthBass,5.201034972791273,-1.8570669378323912,2.5571956466115724
SMB001,smallmouthBass,7.86176799455116,-2.3121189031137765,1.0364348718546383
SMB001,smallmouthBass,3.836380818595427,0.7144763869656273,-6.894331924913368
SMB001,smallmouthBass,5.781435213251565,0.11579485852065968,3.902787333088173
SMB001,smallmouthBass,6.536243130201111,1.61336259194233,3.826854816989133
SMB001,smallmouthBass,-3.8175299751997933,-1.0128898793234797,-2.548064138612103
SMB001,smallmouthBass,-4.816786968017852,1.2708342360103533,-8.425025738619375
SMB001,smallmouthBass,-6.5622870185111735,-3.274252928166122,-8.478018158404343
SMB001,smallmouthBass,3.9833742991823637,0.5996111565437394,3.4138057103796795
SMB001,smallmouthBass,7.999212803923246,2.0882432452464013,1.7571021017072983
SMB001,smallmouthBass,7.155147854892338,-1.469543446018171,6.101401996676852
SMB001,smallmouthBass,4.054810909314721,-7.0805382052033305,-3.580143690722303
SMB001,smallmouthBass,2.860474102697619,-0.37517148272128087,-4.237778605076502
SMB001,smallmouthBass,3.621392055510107,1.5950175571140301,-0.8594145827084888
SMB001,smallmouthBass,5.28047194415499,3.0044304538132836,2.232307883460602
SMB001,smallmouthBass,4.327856115400787,5.171504482959417,1.4249254841561556
SMB001,smallmouthBass,0.3630443347656189,-0.5478320522099125,-1.9138900159935501
SMB001,smallmouthBass,-1.022490862163124,1.0371903372877838,-0.0037296468067705146
SMB001,smallmouthBass,4.737156913499715,1.2152536848283801,-8.787806076911933
SMB001,smallmouthBass,3.6734241216587487,-2.49060895040071,0.09212880585595778
SMB001,smallmouthBass,3.57228467262686,-2.270708165280928,-4.09873114533499
SMB001,smallmouthBass,3.5319694870374545,-0.9047263972911994,8.06257408048445
SMB001,smallmouthBass,-0.11735245608922651,-5.284045599622333,-5.180532609752261
SMB001,smallmouthBass,-0.9363516352339699,-11.256660147323094,-2.0322816106398536
SMB001,smallmouthBass,1.9154816906814964,3.089434986541886,-0.6434624362572696
SMB001,smallmouthBass,1.6977565404772323,-10.17577483095683,-2.135993875467894
SMB001,smallmouthBass,4.1969743860674775,5.090328188117552,2.1288910543673722
SMB001,smallmouthBass,4.255448947341369,-3.338244622794662,3.7858947127563223
SMB001,smallmouthBass,5.005250500647349,-4.053452975609014,1.168270377805792
SMB001,smallmouthBass,-1.2055987492728018,1.747327706781805,1.6399248410405034
SMB001,smallmouthBass,-0.07274546088993872,-1.0858597248847723,7.86966183152399
SMB001,smallmouthBass,4.978813410878543,8.747712906576155,3.785217896006635
SMB001,smallmouthBass,2.5487831642153314,5.119178749269243,4.075584295707564
SMB001,smallmouthBass,2.475058107864646,-1.183332834852537,-8.98284560813836
SMB001,smallmouthBass,-1.1805461870094893,0.7887303030844603,1.6183808464410008
SMB001,smallmouthBass,3.2044956657985355,4.32448221196797,0.8282143903412459
SMB001,smallmouthBass,-0.5484000990419511,9.163721477418822,4.737951360512746
SMB001,smallmouthBass,-3.259470863121277,-2.23293019484456,3.3890947425068627
SMB001,smallmouthBass,8.30328552276868,8.344141165072541,0.704754203312054
SMB001,smallmouthBass,2.046912211031709,4.85114998491777,7.33132783925367
SMB001,smallmouthBass,7.767949626364009,-1.1314815350386278,10.196978266288578
SMB001,smallmouthBass,6.928473369494564,6.735712402032756,1.551844788542406
SMB001,smallmouthBass,7.773766721900271,3.624344995206208,1.4511111576683746
SMB001,smallmouthBass,2.599346139276196,5.910957640514759,5.699350716868434
SMB001,smallmouthBass,0.9725303003113233,-1.5599901534246465,-1.3153236467358456
SMB001,smallmouthBass,-4.405643668130715,-0.9139578258693403,6.593090596201722
SMB001,smallmouthBass,-0.9995707331528824,-0.00987495355934237,4.9484172221946485
SMB001,smallmouthBass,-6.125641692844871,-5.364942680151573,-9.827229988647266
SMB001,smallmouthBass,-3.499894047233099,-8.542061049174698,0.45060508795866955
SMB001,smallmouthBass,5.485289368569104,1.885822677732706,3.673875799448872
SMB001,smallmouthBass,3.205165093637534,-0.1541477635117735,3.5326192473978564
SMB001,smallmouthBass,4.033206445607792,-1.1945547574223896,2.8589076501383173
SMB001,smallmouthBass,2.1996618866532565,-2.1521689138993603,-4.048117600273464
SMB001,smallmouthBass,-2.263064664949171,-3.957336215282767,1.6378473716334128
SMB001,smallmouthBass,-6.100681068688675,-4.016820012883634,-1.3441248703707662
SMB001,smallmouthBass,-1.888185511593887,-7.087716078356323,-4.311407722229373
SMB001,smallmouthBass,2.113095962894035,-1.5036715846018582,4.290573862724451
SMB001,smallmouthBass,7.2299868241915295,-0.8496182747244212,4.769452119388231
SMB001,smallmouthBass,5.386789047711193,0.0742193068092144,4.410595790143278
SMB001,smallmouthBass,1.5030698874192203,-0.16850768028950414,3.184188651647714
SMB001,smallmouthBass,2.9615633678635396,-2.60323335300788,0.9214736783603772
SMB001,smallmouthBass,0.4780793499204343,-2.491574807538022,-2.2774585395977267
SMB001,smallmouthBass,-2.238139095210877,-0.34399872990283537,0.4688348749829476
SMB001,smallmouthBass,-2.907562320850743,-0.3440750045068693,3.9139355248285024
SMB001,smallmouthBass,3.9480644593378944,0.5685504733993588,0.9872959019539507
SMB001,smallmouthBass,3.903575952900399,-3.5127724943449836,1.513847543710664
SMB001,smallmouthBass,3.7457638407439386,-9.294434097268852,-1.7726720879692675
SMB001,smallmouthBass,0.06104451835342717,-8.436016409855785,3.463180563419155
SMB001,smallmouthBass,-0.2313332297264301,-7.541225976147141,-0.9069137515289155
SMB001,smallmouthBass,-3.304015969993549,-2.7181897989651276,-0.20590291242491982
SMB001,smallmouthBass,-0.7832485066274929,0.019671149802548832,2.5816307042668907
SMB001,smallmouthBass,2.1586789526640695,-1.1082027043772944,3.2632813702237935
SMB001,smallmouthBass,7.299583726557457,-6.028242316437839,4.253443844766993
SMB001,smallmouthBass,3.1235014461610686,-4.090900936584786,0.9716562495141084
SMB001,smallmouthBass,5.63172135305388,-5.469078973925054,4.358055051100463
SMB001,smallmouthBass,1.5858227566804894,1.7933952566795843,-2.558040444976181
SMB001,smallmouthBass,3.4403562892978394,-2.2923271847419553,-2.6854494286024804
SMB001,smallmouthBass,-0.7521396968935736,-5.985046393161853,-1.3562656652079828
SMB001,smallmouthBass,-1.3799348784333583,-3.277537852845932,9.186301235380993
SMB001,smallmouthBass,3.8182258049949183,-2.340791078598891,1.717547114550908
SMB001,smallmouthBass,5.96688546439904,1.171888896573605,-2.0289829403239295
SMB001,smallmouthBass,2.5614252006576717,-7.895930683783328,0.06907002329237343
SMB001,smallmouthBass,4.590971612186265,-7.837601828442856,-1.8677699086228492
SMB001,smallmouthBass,-1.54566449824759,-5.806880782860566,-2.1942892202275455
SMB001,smallmouthBass,-2.7089245592320235,-3.2701013283497744,-0.3328764123089516
SMB001,smallmouthBass,-3.8294847690297127,-3.031571552691136,2.109971517886252
SMB001,smallmouthBass,1.248363641587661,0.3784084763231832,4.4466169485174305
SMB001,smallmouthBass,3.242506076506988,-3.2320301904877895,1.9956532349545382
SMB001,smallmouthBass,5.985841094576212,-0.2198410541240618,1.307338118567238
SMB001,smallmouthBass,8.75814466312653,-5.606558145256665,4.964885670330183
SMB001,smallmouthBass,4.970044328465121,-1.747923794041733,-3.586534710585665
SMB001,smallmouthBass,0.25448360867291964,-11.801523934785537,1.8468842810932706
SMB001,smallmouthBass,-4.085248352221843,-8.743368702180003,0.9999296289640348
SMB001,smallmouthBass,-1.1911804345705606,-3.071466916285545,0.38084312969073286
SMB001,smallmouthBass,1.9740334336356007,-1.2394471825246374,-0.6447026341009177
SMB001,smallmouthBass,0.7717221719582236,-1.7612611227867414,-4.0957526290903115
SMB001,smallmouthBass,2.580128793777406,-4.622903280549772,-0.7143353394658202
SMB001,smallmouthBass,5.165275030593915,-4.760014048342557,1.8955807569124634
SMB001,smallmouthBass,7.125153649814003,-7.010067849158128,5.004167003523142
SMB001,smallmouthBass,4.793101712705288,-3.0396682061764277,-0.6754215977159594
SMB001,smallmouthBass,-0.8816653744947442,-2.1342509227735285,4.315480080273836
SMB001,smallmouthBass,2.0006758350978884,-1.4830971644483693,-1.2745325262202232
SMB001,smallmouthBass,2.904167435768759,2.753357531909882,-2.4911858399336664
SMB001,smallmouthBass,7.068054857514554,-5.707180055292355,3.118178463487752
SMB001,smallmouthBass,4.859343871096497,-12.685031801373265,-3.607943596501649
SMB001,smallmouthBass,1.0735661586566014,-10.327972059750506,-1.5799309452715191
SMB001,smallmouthBass,4.757130441077906,-4.968921780316107,-5.083619439060143
SMB001,smallmouthBass,3.4269185975092884,-6.284474926631955,-0.753573553853031
SMB001,smallmouthBass,6.237212312916479,-5.299647307231161,-2.175874722642121
SMB001,smallmouthBass,8.518533407796632,-3.1939241611815508,-5.276454205503889
SMB001,smallmouthBass,15.127904380003756,-6.451817552837732,-2.9494065778841905
SMB001,smallmouthBass,16.088843007872992,-7.426836424317326,-6.2998006039868875
SMB001,smallmouthBass,8.189039111062288,-8.594399855278295,0.47256543717266264
SMB001,smallmouthBass,2.3643675531923862,7.399666094710669,-1.3514641543355321
SMB001,smallmouthBass,-0.6343031038147772,-4.237768815050773,3.550352660026225
SMB001,smallmouthBass,4.580362241829498,6.2954018392435405,-0.46841607515414724
SMB001,smallmouthBass,5.897871873309757,-1.8434829588173152,-0.5556189029218722
SMB001,smallmouthBass,9.275040603798617,-9.627353436625297,-0.8849091869374806
SMB001,smallmouthBass,14.869151906852704,-3.8408072791372567,-4.544768425405784
SMB001,smallmouthBass,19.73284456110556,-3.9627023534819905,-3.31996286566241
SMB001,smallmouthBass,-6.602002233265708,-11.004720979424873,-3.5357894971211623
SMB001,smallmouthBass,-4.344382989542292,-5.315496673462907,1.214828306727186
SMB001,smallmouthBass,-0.37839606261469827,-0.3779326765635323,-1.754404260350974
SMB001,smallmouthBass,-0.5981240525031218,-4.575813336435677,5.021286163000141
SMB001,smallmouthBass,7.119107822423583,-1.1807136394457625,2.3610182883853366
SMB001,smallmouthBass,8.88474592416732,-4.200437584945141,-8.027772526244226
SMB001,smallmouthBass,-0.4533289701057688,-13.82846790203582,0.4486930843814389
SMB001,smallmouthBass,0.005739598470142604,-5.988905334598555,2.672668804068975
SMB001,smallmouthBass,-0.16079975703288674,-2.753872677888002,2.975070940524354
SMB001,smallmouthBass,3.1050452952582797,-3.5327027428947932,2.5645316238489584
SMB001,smallmouthBass,3.06990066165918,-5.237468517355531,-0.9796793644722631
SMB001,smallmouthBass,7.326903932886096,-3.5803425938666615,0.7702649199414395
SMB001,smallmouthBass,5.634617907062212,-2.682468781399362,1.55342052541736
SMB001,smallmouthBass,3.380138254066964,-4.624280222473852,1.8935452375834483
SMB001,smallmouthBass,4.040763916310572,-0.7785991562553718,3.201850759149683
SMB001,smallmouthBass,1.8305622673791655,-4.030989662120793,5.563783337070184
SMB001,smallmouthBass,3.3278670462633957,-3.0861010992527764,-3.2654242484229172
SMB001,smallmouthBass,7.353549408075051,-2.0168564232365607,1.7565903311139164
SMB001,smallmouthBass,9.594106887761745,1.8798443293911493,-1.258560782783561
SMB001,smallmouthBass,11.145611990790703,-3.0736653297609022,-3.1380897515888386
SMB001,smallmouthBass,4.664173371815128,-2.2429474609287863,2.6088524069228534
SMB001,smallmouthBass,-2.3992999131413537,-2.2528378925506916,-1.99161939800844
SMB001,smallmouthBass,0.8100969933020213,0.7566086229507906,2.2709539441215263
SMB001,smallmouthBass,6.792949624010083,-0.08205708227216069,2.6136863492127675
SMB001,smallmouthBass,6.994074168922268,-7.543951101614495,-2.5223011668137327
SMB001,smallmouthBass,6.978422103874472,-12.2035787751976,0.16427312169537503
SMB001,smallmouthBass,7.817310932370008,-3.2695521648060324,3.876797050144169
SMB001,smallmouthBass,6.086015935199457,-1.617956854531868,-1.4833589958087408
SMB001,smallmouthBass,3.324953452471671,-4.351930083988053,0.4111689412336724
SMB001,smallmouthBass,2.7178395410388556,0.06827057523260197,-2.388818664665488
SMB001,smallmouthBass,8.713931542673134,-4.955642565991496,0.7835759905230172
SMB001,smallmouthBass,5.112945132151376,-1.9215328210860458,-1.6056896136627041
SMB001,smallmouthBass,9.610421418735443,-1.859902164231586,-3.6198191317806225
SMB001,smallmouthBass,8.111242959271646,-2.584463644830774,4.301971333079217
SMB001,smallmouthBass,8.55600004929711,-2.0547474768404284,7.6363781624796765
SMB001,smallmouthBass,2.004111813952106,-6.673145786125038,9.665842488869256
SMB001,smallmouthBass,8.072224756166573,-4.0035984062216405,5.667784839519657
SMB001,smallmouthBass,5.897366427212488,-4.113015505900366,-0.370881121402565
SMB001,smallmouthBass,4.528148973622319,-1.1086423363685902,4.74392856019962
SMB001,smallmouthBass,-0.5885357326257168,-4.771013385697137,-3.7835371662595607
SMB001,smallmouthBass,0.28704329129952755,-4.382582444646361,6.203807328006482
SMB001,smallmouthBass,7.6130986915325805,-4.8621892574645305,-1.8569025366591545
SMB001,smallmouthBass,5.104288935211577,0.0703930823602828,4.655220727161322
SMB001,smallmouthBass,0.13401935451682023,-5.802320897523476,3.692486296698697
SMB001,smallmouthBass,0.1851656439973306,-6.756983655804232,-1.7925391166312694
SMB001,smallmouthBass,5.205242462808279,-12.452366952111637,-0.5523853959930273
SMB001,smallmouthBass,6.1477684259636005,-10.091491950331397,-4.098403601917074
SMB001,smallmouthBass,-0.08432158889556018,-5.951575620192943,0.36560337539378207
SMB001,smallmouthBass,-1.3243605174744595,-8.949969718651463,0.6559687317547052
SMB001,smallmouthBass,-0.1517074574946855,-7.032940547064646,5.792209107371588
SMB001,smallmouthBass,-0.8135670046226999,-6.707962609197253,1.153479582608753
SMB001,smallmouthBass,0.38991387416433554,-1.4062387197359212,-4.562467920604671
SMB001,smallmouthBass,2.9944213614453616,-7.196464063058952,0.46933383436604087
SMB001,smallmouthBass,6.272426943721298,-2.3501659794486143,-0.8743892432608861
SMB001,smallmouthBass,1.2530452271898351,-1.1029896344770456,2.687822094317707
SMB001,smallmouthBass,1.2390265879424072,-0.13021238425323511,1.9910686738622398
SMB001,smallmouthBass,5.107482198983866,3.752341769958545,0.3630650200449976
SMB001,smallmouthBass,8.54294781891872,-0.8554613277013168,0.15153676122105508
SMB001,smallmouthBass,6.671672963479157,-2.284127127842094,2.37802674255119
SMB001,smallmouthBass,2.9783672054183077,-3.794257945162719,-1.1666980913157392
SMB001,smallmouthBass,3.744709062448786,1.2723233375838108,0.910311866528767
SMB001,smallmouthBass,-1.0164273948006917,5.391027193803999,1.2460927104052646
SMB001,smallmouthBass,2.6576409410817634,-1.5589878423433128,7.296910475666929
SMB001,smallmouthBass,-0.9728200358486075,-0.8163977582860149,5.780068705237432
SMB001,smallmouthBass,3.4402972209891525,2.305535107521881,-7.037842275004544
SMB001,smallmouthBass,2.4707354775945163,-7.09262135021815,-3.117831850272393
SMB001,smallmouthBass,3.7575385425268233,-3.7832720648499967,6.2843731170511195
SMB001,smallmouthBass,-1.5887513209132145,-3.736112152090235,3.1833333587636785
SMB001,smallmouthBass,-0.40845193374903577,-2.541832128264472,-8.075440561132364
SMB001,smallmouthBass,2.400346216471847,-1.3579796438541454,4.975949103403999
SMB001,smallmouthBass,2.532655504140896,-1.5091800202161567,5.63215378326942
SMB001,smallmouthBass,-2.0559928108502357,-7.086133783716805,-2.48611488927422
SMB001,smallmouthBass,0.07680020690195555,-2.8639720147018406,0.603883174786352
SMB001,smallmouthBass,3.639375758569441,-0.5975375078844126,6.394453599580582
SMB001,smallmouthBass,3.0957805515161825,-4.19232728701568,0.5952720181635318
SMB001,smallmouthBass,-4.910175246055521,-6.107401078657112,-6.699878554563294
SMB001,smallmouthBass,-1.0796519857542264,-0.6942642873265528,-9.53813469884477
SMB001,smallmouthBass,5.903069532316009,-0.4703051271243277,-5.0145141160798605
SMB001,smallmouthBass,4.4838435254488065,-5.040109579930451,-4.296743286221179
SMB001,smallmouthBass,6.853906695672032,-1.58080555917386,7.3585837088371795
SMB001,smallmouthBass,0.9966431270232639,-1.9953504038353906,7.60830620234957
SMB001,smallmouthBass,-1.2115890016801902,1.5808681638135182,-6.712908973030405
SMB001,smallmouthBass,-3.6205026321637783,-1.9466137955400729,3.30096794269231
SMB001,smallmouthBass,1.1452836460289095,-6.7764768841748,-2.2049351249714695
SMB001,smallmouthBass,5.5991098207448164,-4.98676534024303,-8.275132791208266
SMB001,smallmouthBass,6.0886886803588744,-2.48992048866361,2.787926296319788
SMB001,smallmouthBass,6.882889509791809,-6.421412851617815,-2.355676752532225
SMB001,smallmouthBass,3.209761206557034,-3.7311756544629255,-5.959494953076456
SMB001,smallmouthBass,0.6730094506418185,0.1573707624220194,6.28731679275327
SMB001,smallmouthBass,-5.6578047197202,-7.903582806463312,-8.252306380571557
SMB001,smallmouthBass,2.685464630563053,-4.578523730398416,-0.7365811388091649
SMB001,smallmouthBass,6.242560511686814,-3.322613671366182,6.972303257158034
SMB001,smallmouthBass,3.12037760851866,-5.340015793090254,6.828188474704218
SMB001,smallmouthBass,-1.5287039572629477,-6.95963049511891,2.3797809719586445
SMB001,smallmouthBass,-2.239718527298738,-3.757556152953365,1.8638746949364249
SMB001,smallmouthBass,6.531299827197852,-4.597937043756267,1.4900670439630201
SMB001,smallmouthBass,6.737776220101761,-0.08031653516803763,-5.608088928925258
SMB001,smallmouthBass,2.631120074166004,-3.111848095567934,-1.6299847135109395
SMB001,smallmouthBass,-0.7368749713822413,-1.0924810873409778,1.1226329262234085
SMB001,smallmouthBass,2.219045904664809,-1.6177120118194332,5.6033817417806695
SMB001,smallmouthBass,-1.9859183289686917,-6.59609835240605,3.0821731382592406
SMB001,smallmouthBass,-1.9018437718765906,-9.062755988730132,-5.359256957059866
SMB001,smallmouthBass,1.2649379782848784,-7.245989865356022,-1.4309247321162677
SMB001,smallmouthBass,1.783793539000517,-1.9840916074783266,3.436471979748119
SMB001,smallmouthBass,-1.6821139230509612,-2.566223849099305,8.152772674767027
SMB001,smallmouthBass,0.9680578842444924,-6.12049400990802,-3.1183026588819307
SMB001,smallmouthBass,6.3088080166199365,3.2793410816856,-5.802306089667869
SMB001,smallmouthBass,2.1264543025166365,-0.8382616049155919,8.117522507065251
SMB001,smallmouthBass,6.315765975089063,-0.2993069055165053,2.5130888500877475
SMB001,smallmouthBass,0.8539595725988357,-3.3715136579775415,7.409343903138964
SMB001,smallmouthBass,2.0670085890617207,0.21020431582642224,-5.757830476493145
SMB001,smallmouthBass,1.9907886533171248,-5.738165702585317,-6.9293906929126745
SMB001,smallmouthBass,3.4944557735236534,-0.5824671005442681,5.592013694462041
SMB001,smallmouthBass,-1.194364459733836,-4.688173120431798,0.36112981727193255
SMB001,smallmouthBass,0.04853533144646471,-4.363978792878467,-6.341391151241809
SMB001,smallmouthBass,-4.17161471543081,-5.15763540432097,-7.855564256432442
SMB001,smallmouthBass,-10.295682361175055,-3.631195106546939,-4.354740409665108
SMB001,smallmouthBass,-1.4299473318366547,-3.5001217845083987,6.733466569155618
SMB001,smallmouthBass,0.7573820769211734,-0.04050883883473305,5.856522177171051
SMB001,smallmouthBass,10.769037420674099,1.1758431819748902,-7.286255289186428
SMB001,smallmouthBass,8.432575849453878,-1.5261740787186064,6.227697656288191
SMB001,smallmouthBass,4.747728521247373,-0.9724081266549954,7.259126171651009
SMB001,smallmouthBass,2.3413908739291527,-2.016717720463119,-0.31458919654824324
SMB001,smallmouthBass,-3.2753339819637874,0.5726035696386216,3.821588054501972
SMB001,smallmouthBass,2.1285322537749956,1.6633778462544566,1.8546167312790875
SMB001,smallmouthBass,11.234384680567972,-9.01129235043419,-2.207907750293394
SMB001,smallmouthBass,9.804799412512802,-6.327088974383891,0.2887183279548242
SMB001,smallmouthBass,2.437532988510205,-6.232713538842999,7.332166752728678
SMB001,smallmouthBass,4.5947704703911665,-6.916475918315186,3.127235075718711
SMB001,smallmouthBass,-2.8492284990867067,-0.9251496998070681,-1.7177103245512382
SMB001,smallmouthBass,7.7114601547638,-3.889981562329266,3.2246536293032255
SMB001,smallmouthBass,7.757976812502995,-6.403091014699672,7.915205132535322
SMB001,smallmouthBass,4.356195538232339,-1.1988552389585783,7.321799059482903
SMB001,smallmouthBass,1.4833714755647163,-7.611270124113959,-4.3641031415607525
SMB001,smallmouthBass,7.878773034670493,-5.260584463330339,3.5411052751964753
SMB001,smallmouthBass,3.6288289660891517,-4.280660850520951,7.074142436989134
SMB001,smallmouthBass,-0.0907176755620347,-5.204748448309805,1.4604670298300673
SMB001,smallmouthBass,2.33106822819654,-1.8688438971927468,-6.834617411159026
SMB001,smallmouthBass,5.791580653805633,-3.2852408514319316,8.375049435055574
SMB001,smallmouthBass,12.903197805866462,-3.9924305948068457,7.921654178365661
SMB001,smallmouthBass,4.607303087927538,-3.9750569425905664,6.702288842579199
SMB001,smallmouthBass,1.6824228780773753,-4.807820922305936,3.787432149943038
SMB001,smallmouthBass,4.152361102114215,1.141962280504883,0.031213871357850365
SMB001,smallmouthBass,7.276531605035348,-3.124495545149221,2.2125739248741367
SMB001,smallmouthBass,7.365984305638863,-0.576019021699241,1.8050010576155275
SMB001,smallmouthBass,9.128930178659921,-8.069634428515311,-0.06612382539556505
SMB001,smallmouthBass,1.4242753537266055,-4.905164950897095,-1.100530135295327
SMB001,smallmouthBass,9.630425237953002,-2.0605156815715,5.536327751245571
SMB001,smallmouthBass,11.554441115431134,-2.3098205385382538,4.478910986216656
SMB001,smallmouthBass,3.4515169244425152,-4.859670661224254,-8.300597146186027
SMB001,smallmouthBass,1.509971920857347,-0.7509116944779797,2.5832202760086087
SMB001,smallmouthBass,2.840556285187968,-4.448574546589515,8.298574329286955
SMB001,smallmouthBass,3.289828718005129,-2.4589737983577864,-1.4286861423839778
SMB001,smallmouthBass,6.254837120869162,-1.4906342438221534,6.023227302613595
SMB001,smallmouthBass,8.37293336392251,-1.2233312695478649,2.885745808450725
SMB001,smallmouthBass,9.340991226778495,-3.550035912025247,3.763217659850239
SMB001,smallmouthBass,8.448391341764077,-3.4779039385863966,-5.272985611612647
SMB001,smallmouthBass,8.422921160608254,-2.9558192860940915,4.65464487117938
SMB001,smallmouthBass,6.1280129385011355,-6.334804563158194,-7.169092331315747
SMB001,smallmouthBass,2.3883272487906444,-6.295141311438222,1.1472255569710959
SMB001,smallmouthBass,4.124902683699999,-2.259159977435232,9.015850126888026
SMB001,smallmouthBass,8.774854649665105,-3.940058943113534,-1.6823153417253713
SMB001,smallmouthBass,16.22956432403821,-4.053652044691398,7.615273023624281
SMB001,smallmouthBass,12.803933184028653,-0.41305145436247126,-7.6021694429332785
SMB001,smallmouthBass,10.645008046763358,-1.0466618447714697,-10.538972118880109
SMB001,smallmouthBass,13.671110516357762,0.05595051777958093,1.0385461983889999
SMB001,smallmouthBass,12.96668266841624,-0.14829380211675358,5.1296458496845965
SMB001,smallmouthBass,8.938135885354907,-3.0643064173296732,4.908919165794099
SMB001,smallmouthBass,5.8220360539266505,-2.219487160932187,3.6697424214124013
SMB001,smallmouthBass,8.343585285698305,0.4938501689492373,-9.482128279263934
SMB001,smallmouthBass,7.806693767737465,-1.8032875283228451,4.271597235250387
SMB001,smallmouthBass,9.272593365969852,-0.7978590686097434,3.653843938351518
SMB001,smallmouthBass,12.012581657902317,-1.4500036557092109,3.6780469438614327
SMB001,smallmouthBass,-1.346280098660351,-6.452985707996722,-5.074244512636807
SMB001,smallmouthBass,4.84566915810117,-0.7247917444421258,-4.794516710033009
SMB001,smallmouthBass,6.927400605467166,-1.5553394580583944,-3.307926309358403
SMB001,smallmouthBass,10.497366358679056,3.0193579541914253,-6.742156724125609
SMB001,smallmouthBass,11.309443152412102,-1.2544787185743806,0.31181780034290685
SMB001,smallmouthBass,16.269725285729873,0.2996886138541651,1.280254949782197
SMB001,smallmouthBass,6.559785599992779,-1.9775511481566015,6.972030164065627
SMB001,smallmouthBass,4.41799169386292,2.3562852145397053,-0.028518804256292107
SMB001,smallmouthBass,6.841995870805891,-1.496124815412449,4.254657883169703
SMB001,smallmouthBass,9.317845413487245,-1.0905988819851145,-9.146069169060318
SMB001,smallmouthBass,11.438258900196008,-0.90787513838368,-0.4754244907725971
SMB001,smallmouthBass,13.132987749894077,2.675898045322397,-5.431042909370914
SMB001,smallmouthBass,11.49366444043919,-2.009663666501305,1.5767892656929978
SMB001,smallmouthBass,8.209289877376415,-1.0631988467369047,3.785548427354347
SMB001,smallmouthBass,5.572102316479137,-5.991741551497562,-1.1424071377238365
SMB001,smallmouthBass,-2.6621163397069356,-5.062114806250418,-6.856538839830943
SMB001,smallmouthBass,-6.186462948220218,-1.100601929695103,-8.21278993229561
SMB001,smallmouthBass,5.4410190661425695,-0.39589921284881313,-5.719310204366985
SMB001,smallmouthBass,10.27807836885129,0.9409226491295537,-0.38065240912188725
SMB001,smallmouthBass,15.08835005170631,-6.847943068741435,5.578142092087503
SMB001,smallmouthBass,8.62659585210456,4.065690016392623,0.06480422639867456
SMB001,smallmouthBass,11.346094015385269,0.6325680552754368,0.3192635398451846
SMB001,smallmouthBass,11.076729807300946,-1.3263774085521667,4.312852258442208
SMB001,smallmouthBass,12.16602212650024,-4.082539375479697,2.8814508901132094
SMB001,smallmouthBass,8.083608242607628,-6.144227894716334,0.3659109407450282
SMB001,smallmouthBass,3.7689233887328677,0.48688153698458936,1.896703191634491
SMB001,smallmouthBass,8.17963908495376,7.361876409801707,4.10586721587393
SMB001,smallmouthBass,10.964022980481435,-4.622757909136427,0.6675362738379578
SMB001,smallmouthBass,10.983347895872772,1.0296517259275024,0.30575685748811066
SMB001,smallmouthBass,11.251452661023023,-2.6454990567770773,-1.153948059850196
SMB001,smallmouthBass,10.574953867055225,-3.6248604077952393,-0.5669176590934837
SMB001,smallmouthBass,13.167173993572238,-3.2593260953081318,0.6955157847630019
SMB001,smallmouthBass,14.770474218107637,0.13184381658033362,4.433206251810449
SMB001,smallmouthBass,9.904918034394056,-4.010397852072079,8.795250515148515
SMB001,smallmouthBass,4.306130169799513,-3.9906609115176406,0.4278460030435993
SMB001,smallmouthBass,11.366960621246697,-1.8012544930515437,2.2749416564622313
SMB001,smallmouthBass,7.721338050316151,-2.6199013450596476,6.470401086514274
SMB001,smallmouthBass,-0.9955847468852568,-7.208721540882037,-8.077143435497312
SMB001,smallmouthBass,-1.2827585901042002,-4.947273526218979,-2.0899244958435155
SMB001,smallmouthBass,10.889236033524014,-2.117816460851397,0.6163468092711337
SMB001,smallmouthBass,13.99453997075046,0.03447972321603299,0.7045656074057107
SMB001,smallmouthBass,12.520321134789993,-4.17156759810087,-1.2715291530017614
SMB001,smallmouthBass,6.479439480306837,-6.90600393170206,1.13578776523246
SMB001,smallmouthBass,4.293859717928257,-1.0415743852837593,6.40372202617792
SMB001,smallmouthBass,3.8857113954952163,-1.7324646986974113,0.6757446544937962
SMB001,smallmouthBass,4.23864679348414,-1.1362423333094065,2.2598141058189287
SMB001,smallmouthBass,7.010876912719652,0.31221526060397664,-7.585263886599349
SMB001,smallmouthBass,8.82454583591198,-0.7498906884468461,4.630012871926657
SMB001,smallmouthBass,6.351275620325519,-2.247321573533748,4.008455157718079
SMB001,smallmouthBass,1.7936339418653162,-8.268123311416568,1.9349586851857328
SMB001,smallmouthBass,10.808856956607663,-2.379451512721132,0.860136082635052
SMB001,smallmouthBass,8.34268897898173,1.5303960834104442,3.1611986458022954
SMB001,smallmouthBass,5.366556897211748,-8.597668184666789,-0.13801298387684832
SMB001,smallmouthBass,0.09172193848659654,-6.391625547038917,1.549049547092011
SMB001,smallmouthBass,-1.3114755616713882,-5.351431192457376,-0.9289224881570632
SMB001,smallmouthBass,6.911052426243143,3.278171298317441,-5.570380735661468
SMB001,smallmouthBass,6.899780775653526,0.41235304427682645,-0.7081237784121791
SMB001,smallmouthBass,10.962837322824,-3.1457520434901274,-7.516619233241485
SMB001,smallmouthBass,8.671914631842,-0.3652714284892479,4.665125673056476
SMB001,smallmouthBass,9.323359016208059,2.6265398346212905,0.0745727159172277
SMB001,smallmouthBass,5.211082117892998,0.21513177455088042,1.3970621066660218
SMB001,smallmouthBass,1.2910068145479854,-7.110044350955652,3.333579384279705
SMB001,smallmouthBass,2.7441406188729744,-5.164786436666391,-2.6985776208412164
SMB001,smallmouthBass,1.0958723050876142,-7.662395953119301,-0.4726488966447874
SMB001,smallmouthBass,0.07653651430462577,-1.8775292898159681,0.9501253751869037
SMB001,smallmouthBass,-5.971257430384678,-9.922294015661933,3.386692160252913
SMB001,smallmouthBass,-3.6965833088613334,-2.9238170129150163,2.2880221248330748
SMB001,smallmouthBass,-6.129490450860393,-8.76305918603234,-0.01697783793223917
SMB001,smallmouthBass,0.14087953245246776,-6.687587775030974,-0.7583690722651892
SMB001,smallmouthBass,0.10286798003712228,-0.7451421207399173,4.657114625865448
SMB001,smallmouthBass,1.0891072167708733,0.46805846941081664,0.9902333458442778
SMB001,smallmouthBass,5.147066578404504,1.2143294677335077,0.6477886482356928
SMB001,smallmouthBass,1.9291058694885437,-3.633801929282841,3.9703064806892407
SMB001,smallmouthBass,3.878215230451747,1.5059749875240682,4.455115328358626
SMB001,smallmouthBass,2.5275779164890544,-3.5940496792683154,0.9875316493549308
SMB001,smallmouthBass,-0.1715771641769466,-4.172303502515393,1.9533936114459163
SMB001,smallmouthBass,2.0670745539331707,-6.283490866574233,-1.8680794526490572
SMB001,smallmouthBass,7.020128558515782,-1.5747453692249058,2.3830805157531354
SMB001,smallmouthBass,0.2874803874957723,-3.441869904054758,-5.913120893796439
SMB001,smallmouthBass,-4.32132981650916,-7.539251455214078,5.95348963809106
SMB001,smallmouthBass,-5.452490702101116,-10.858844612957146,-1.624784693230757
SMB001,smallmouthBass,-4.730838924864033,1.063915136699932,4.4819150751155945
SMB001,smallmouthBass,-4.987851950794612,1.6493650536498208,3.696373688594405
SMB001,smallmouthBass,-4.368849389364647,-8.024475195381626,1.4692416265296715
SMB001,smallmouthBass,-4.704321613235555,-1.642436103641982,-6.209868914399873
SMB001,smallmouthBass,-13.383124704263558,-6.957276930981525,-1.6604503924367566
SMB001,smallmouthBass,0.1470313857907266,-1.7311919971154923,-2.714680400152301
SMB001,smallmouthBass,-1.9793319196989434,-9.392377112407983,-2.7985973087340494
SMB001,smallmouthBass,0.6293237608873385,-3.310713159009125,3.470466165266247
SMB001,smallmouthBass,-0.694733140911997,-5.635070574053182,0.226810176095197
SMB001,smallmouthBass,-6.251497083280674,-3.8857297258686336,4.94816232440689
SMB001,smallmouthBass,0.03809376920724894,1.6112807264961042,2.297372510520124
SMB001,smallmouthBass,-0.6999143803901398,-1.3876100267418952,0.6760881569362798
SMB001,smallmouthBass,-2.9124792957762504,-4.210099575631779,3.317963664923141
SMB001,smallmouthBass,-7.048479812698243,-10.31480738313662,-0.6458558197557722
SMB001,smallmouthBass,-5.008019804879245,-4.465762976484877,-1.7687672478886187
SMB001,smallmouthBass,6.283093282361104,1.5669843230117304,-1.8464197480024693
SMB001,smallmouthBass,6.206394615613194,-0.42013186834015215,3.7547746377974054
SMB001,smallmouthBass,5.401150051922745,-0.6080415020820364,3.2398889840620897
SMB001,smallmouthBass,6.376445246736248,-2.8762453849142617,1.9790845136139945
SMB001,smallmouthBass,0.7452972980047942,-8.404946086803177,-6.450501050005065
SMB001,smallmouthBass,-6.668939761431311,-5.2143774423356835,2.282704622549865
SMB001,smallmouthBass,-1.5510439039326258,0.23150315018451306,3.5393361982951177
SMB001,smallmouthBass,-2.2161851761655655,-3.0870778572632167,-3.459696600980202
SMB001,smallmouthBass,-1.974263844799892,-4.966117579209365,-3.313304607347866
SMB001,smallmouthBass,-3.043521243872541,-9.829319742844737,-0.9723327303560191
SMB001,smallmouthBass,7.833931155973075,-0.12030763005513509,3.692113137084652
SMB001,smallmouthBass,1.8455692324730637,2.0870606496912485,-0.7848647123262726
SMB001,smallmouthBass,-8.774472652783182,-6.010741489847271,0.9386926010509121
SMB001,smallmouthBass,-2.603731784470101,-0.7328995603809885,1.3988391977021548
SMB001,smallmouthBass,3.9650824424259468,-5.57005459282108,2.091536604632384
SMB001,smallmouthBass,2.9134163475402586,1.2055907279484872,-9.481233937252785
SMB001,smallmouthBass,-5.143106446146122,-7.348597631853667,-3.9890654557839333
SMB001,smallmouthBass,-1.849044672525404,-0.24304804806033314,4.047802212210632
SMB001,smallmouthBass,-4.462512135834533,-6.414241194110401,-8.296609936904101
SMB001,smallmouthBass,-3.779653820748343,-9.476070977140237,1.164571833935197
SMB001,smallmouthBass,7.230619640175096,-1.8935415853928883,-5.397603871168105
SMB001,smallmouthBass,9.18309019513583,-2.778767891825565,-2.0418168306571287
SMB001,smallmouthBass,4.403146860933419,-6.185613326743036,11.488962703901848
SMB001,smallmouthBass,2.3982288165991923,-4.265503359764841,-7.757079504164546
SMB001,smallmouthBass,2.5492770472804986,0.39291910621295384,-8.337075700183936
SMB001,smallmouthBass,4.711983835362083,-0.32549373384276103,-6.011794902535225
SMB001,smallmouthBass,7.1183909896237125,-1.1885231128641807,-7.40015275636119
SMB001,smallmouthBass,5.510352435616847,-1.7761689350134258,4.0302938936898505
SMB001,smallmouthBass,-2.9067093106877633,-2.315990611673846,3.07686620549764
SMB001,smallmouthBass,-6.899581843138054,-8.796773075606499,-7.335256595561933
SMB001,smallmouthBass,6.824058038879354,-0.2036380990509534,3.756292839145443
SMB001,smallmouthBass,5.84343353115624,-2.4020011389256744,8.787808878956556
SMB001,smallmouthBass,2.9499860909156705,-5.706185999114595,-2.3384952598982354
SMB001,smallmouthBass,-0.5073172061644151,-7.334748769711841,-3.3013773269932867
SMB001,smallmouthBass,5.495255970817489,-3.542349680320789,-0.09504342207146022
SMB001,smallmouthBass,2.511866249334319,-9.601898845959935,-3.110404332419301
SMB001,smallmouthBass,-0.2209639305084502,-7.556922313646629,-1.6847054676529771
SMB001,smallmouthBass,0.12996243936432839,-3.396196290544428,0.897691737717069
SMB001,smallmouthBass,6.727001764246028,3.1353394106644643,2.071329287244872
SMB001,smallmouthBass,8.33954399212632,-2.186687754551916,6.326792266875231
SMB001,smallmouthBass,4.957339089619133,-2.198302648059843,-4.747159922370625
SMB001,smallmouthBass,6.057739174203405,-3.332498697348478,-2.8663590597511726
SMB001,smallmouthBass,7.1982491205323065,-4.043179666280795,-6.5160473774272
SMB001,smallmouthBass,8.63910198632749,1.4960047863557298,1.7650483166335194
SMB001,smallmouthBass,8.77186677594618,1.391298511010561,4.107648427097704
SMB001,smallmouthBass,5.699834537680578,3.470774008761488,-0.626840600120848
SMB001,smallmouthBass,-1.9041324530029617,-3.6924033927723894,-1.745463938920243
SMB001,smallmouthBass,1.7937618390855596,-3.260195076430292,-1.0028520410671826
SMB001,smallmouthBass,3.691196214502311,0.14164044474352883,-1.6461123034035947
SMB001,smallmouthBass,8.2646740693707,-2.0621012855151197,-5.24111077239752
SMB001,smallmouthBass,7.062081589548525,2.358742263340489,0.1620020476395012
SMB001,smallmouthBass,-4.799811422453164,-4.015799352025053,-7.269456111689278
SMB001,smallmouthBass,-0.8040308571815489,-2.284545436355277,6.148964739791154
SMB001,smallmouthBass,8.461565559306147,-1.8340673661011992,7.021313554594114
SMB001,smallmouthBass,6.015390396292397,-1.3994282656608528,3.8235724440923105
SMB001,smallmouthBass,3.660801117437864,-0.18396281454246038,5.252147602304698
SMB001,smallmouthBass,-2.1433174816365916,-4.8049643329104015,-6.171471235766874
SMB001,smallmouthBass,0.4802589030444336,0.0265287940978636,4.8068940107156575
SMB001,smallmouthBass,1.860321829286716,-2.9719836038876872,5.4650225307450695
SMB001,smallmouthBass,7.474741093100543,-0.161183609137976,6.612048121462152
SMB001,smallmouthBass,3.865115259558218,0.8152716216647365,-8.458947290724481
SMB001,smallmouthBass,6.2411913167876705,0.9402313599211454,-9.275915595386765
SMB001,smallmouthBass,11.898833371409022,0.08894624725580352,-0.037069449907961016
SMB001,smallmouthBass,12.503775875942761,-2.0817307233351237,4.735365833780002
SMB001,smallmouthBass,-2.743894280498175,-3.206613429186511,1.2085735073222401
SMB001,smallmouthBass,-0.7971435567932528,-0.08552681100641021,4.370856620752573
SMB001,smallmouthBass,0.5753589985939845,-6.842197171375031,-5.194296907902879
SMB001,smallmouthBass,3.6225180088511184,-5.160315058470745,-1.387826516332245
SMB001,smallmouthBass,4.879842640829607,-4.157287783002177,0.5247092942300433
SMB001,smallmouthBass,-1.0113181069520731,-3.826447733662349,2.214139085477264
SMB001,smallmouthBass,-5.182887472986755,-1.5935415661622265,-8.488827092076566
SMB001,smallmouthBass,-1.516509104256225,-2.674385061408113,-7.664101823683446
SMB001,smallmouthBass,8.536940269167982,2.0392252048834094,1.0466046673180267
SMB001,smallmouthBass,11.744694549422118,3.239131209537237,-2.3209542717177207
SMB001,smallmouthBass,7.063148933420537,-0.4063428752328684,5.555516254141787
SMB001,smallmouthBass,1.1975207392849425,-7.9448094211675695,-2.8015152345904073
SMB001,smallmouthBass,1.4967334909245593,-6.325320993860908,0.7963121208738921
SMB001,smallmouthBass,-3.564738938981643,-4.057845744964383,-1.8748519765475216
SMB001,smallmouthBass,0.5077283519939582,-3.797504744439145,5.891971998813109
SMB001,smallmouthBass,4.404925135143186,-4.672935477260059,6.547429386515334
SMB001,smallmouthBass,4.087623429311527,-1.3847183146168125,-4.80923850871855
SMB001,smallmouthBass,6.175050996651811,-2.7405096580607258,-8.548602290927047
SMB001,smallmouthBass,4.18672585600512,-5.302071523150351,-3.9041704211057806
SMB001,smallmouthBass,-2.3535304286283756,-4.37410504712977,4.772608110733031
SMB001,smallmouthBass,-2.2075627290956716,-0.4092269482457215,3.42354932105095
SMB001,smallmouthBass,4.302577603530674,-4.785491165403203,1.3335640208115684
SMB001,smallmouthBass,3.567501834427336,1.4751687716544917,3.629796517748928
SMB001,smallmouthBass,7.926923207663801,-1.460021395440111,-8.532882065166476
SMB001,smallmouthBass,2.509390194066627,-9.024357352709856,6.39397484890203
SMB001,smallmouthBass,4.9178730204829275,-5.643817150670052,2.414744039379442
SMB001,smallmouthBass,-0.004340568720159255,-9.006913066064104,-0.8291082979517808
SMB001,smallmouthBass,2.5957742440526888,-3.9150429559979396,-1.1590065259111415
SMB001,smallmouthBass,2.0097567936389504,-6.696844162569837,1.5232511742000296
SMB001,smallmouthBass,-0.5791535494165604,-0.5594930308994204,2.940231916183102
SMB001,smallmouthBass,3.7498015245559437,-7.705220601447359,1.2589685742013956
SMB001,smallmouthBass,2.38228197985192,-2.2386866145640893,1.9493270393947941
SMB001,smallmouthBass,3.7196740249920643,-1.2997589108975682,0.1645161735800742
SMB001,smallmouthBass,4.998159399463268,-2.403996244224384,0.3325850631589025
SMB001,smallmouthBass,4.406615032523089,-9.672825155067818,1.3752401953615914
SMB001,smallmouthBass,2.900104479955526,-9.268596504903561,3.1547052214261266
SMB001,smallmouthBass,1.4103495301004683,-8.431693686477585,-1.9511455464382501
SMB001,smallmouthBass,4.5460151618863325,1.6971702423669757,3.1276703745531322
SMB001,smallmouthBass,4.682119211420844,1.7446098973724569,1.6625137771841816
SMB001,smallmouthBass,-2.794728377619785,-5.8661586550809695,-5.807446149697059
SMB001,smallmouthBass,0.3145445398574048,-1.3216709951858956,3.8885018510528795
SMB001,smallmouthBass,2.1891830005493484,-1.7556778419106467,3.723450399030376
SMB001,smallmouthBass,4.111198999205262,-2.0549322532888215,5.1452638265626955
SMB001,smallmouthBass,3.6467090213331397,-12.040356848882768,0.16938608772925268
SMB001,smallmouthBass,-0.8424804976027589,-1.6873318482961837,2.884728075979961
SMB001,smallmouthBass,-1.7291080372765297,-3.848448155814703,-3.1111840723976605
SMB001,smallmouthBass,-2.8297955721801817,-5.163721364825624,9.149248139580497
SMB001,smallmouthBass,-0.29569435138929995,-2.909892594753293,4.434552222198121
SMB001,smallmouthBass,3.9037364603812374,0.13255327927116656,-0.6698962173317207
SMB001,smallmouthBass,5.148703622674137,-0.602811116263795,-1.1650077011671993
SMB001,smallmouthBass,6.5273291107247715,-0.9124468498351168,6.295381646507046
SMB001,smallmouthBass,6.700698663945213,-0.9191351560465064,-0.24298839442957604
SMB001,smallmouthBass,2.1208938411007883,2.729097100598008,-8.725245895694274
SMB001,smallmouthBass,-5.825927453833117,-1.6866794167057408,-8.147089829525987
SMB001,smallmouthBass,4.826635607517102,0.16180199373704873,-0.40727405268518424
SMB001,smallmouthBass,4.6147180251334,-1.8096401220102936,4.836152796933747
SMB001,smallmouthBass,5.796267861531254,-3.092338028720594,-1.346418637268878
SMB001,smallmouthBass,3.580129493027765,-6.835832008983205,-7.2862837435360515
SMB001,smallmouthBass,6.145170225746721,-1.2185862990390373,5.06064069511681
SMB001,smallmouthBass,4.6490157865998825,-1.6052379831396018,7.621615194792662
SMB001,smallmouthBass,0.05787176573398212,-2.620186306862334,1.557884734196981
SMB001,smallmouthBass,3.788884975424989,-5.597184034021811,-1.8560272609993342
SMB001,smallmouthBass,3.4440017925237827,-7.977759380699599,-1.2829042572560667
SMB001,smallmouthBass,4.553544384828043,-2.487127996693156,-0.33750527131467223
SMB001,smallmouthBass,2.918127897267649,-5.557935284230901,0.9053957142766721
SMB001,smallmouthBass,0.8564554513130471,-7.9926034980921585,-2.3456832633093643
SMB001,smallmouthBass,-2.2551731290937234,-3.7638908800188187,-1.0228292522057008
SMB001,smallmouthBass,2.541469160033297,0.5199452941343286,-6.134485308745415
SMB001,smallmouthBass,-4.193116882273112,-8.882507098077287,-2.6373089186870593
SMB001,smallmouthBass,-0.5905294217584656,-1.4275489207401795,-6.681193524389553
SMB001,smallmouthBass,-0.6429158740215024,-2.5401376325525513,-0.8944411473124682
SMB001,smallmouthBass,-0.14566841842132683,-2.516320479279614,5.46071382519575
SMB001,smallmouthBass,2.6771546670428643,-1.2649049704379138,4.0323337493069715
SMB001,smallmouthBass,-4.946788555264423,-0.48332905242050184,-7.452999470319671
SMB001,smallmouthBass,-7.663298551907644,-6.021489862779407,-2.84779421055479
SMB001,smallmouthBass,-7.710813448302786,-4.715447971995385,6.739394032714297
SMB001,smallmouthBass,-4.747290473287248,3.821156194599167,6.13923711749155
SMB001,smallmouthBass,-6.622154936129082,-6.109644629553841,0.9541326593170392
SMB001,smallmouthBass,-2.9546843905427163,-8.117762932780037,-1.6787377682204763
SMB001,smallmouthBass,4.052860314058135,-4.733753709065352,8.870239980114333
SMB001,smallmouthBass,3.1080995787709895,-4.087973092985456,-0.6909225496845782
SMB001,smallmouthBass,5.832438841586921,0.9457610046653897,3.517241736332901
SMB001,smallmouthBass,-5.138770081809678,-2.7919102934510156,4.740137876941783
SMB001,smallmouthBass,-2.327720409835588,-2.4461515636136903,6.158810635143929
SMB001,smallmouthBass,0.8676308558532937,-0.21376674108034643,2.812043997072716
SMB001,smallmouthBass,5.145368969307391,-4.050354967658585,-0.13065939941662053
SMB001,smallmouthBass,1.5639248826170686,-13.02421778335662,-0.19444461086270545
SMB001,smallmouthBass,2.065040331891051,-7.119198808088797,-3.06310963305131
SMB001,smallmouthBass,-3.05733330483147,-7.92353006210832,-3.3244650723589775
SMB001,smallmouthBass,-9.16268582605392,-5.803542404540586,-1.903747925071488
SMB001,smallmouthBass,-2.6043981347681355,-4.856573255912083,-3.419423042976276
SMB001,smallmouthBass,7.251306011669057,-5.680462862709498,6.159690304393988
SMB001,smallmouthBass,7.763171189563526,-1.4848873980544814,-3.4670354768054956
SMB001,smallmouthBass,5.201560885667748,-2.9780956307565862,2.712844936249098
SMB001,smallmouthBass,2.580541260325279,-10.258719809590104,0.4380040594020619
SMB001,smallmouthBass,-7.442303030342007,-13.982318966944497,0.8280531080654661
SMB001,smallmouthBass,-4.374963211804077,-2.4254850845875104,-1.327924311799951
SMB001,smallmouthBass,-5.462288247578264,-4.115807506718434,-0.09151789638408007
SMB001,smallmouthBass,1.5990605669264384,-9.970106159140492,0.7727279166805742
SMB001,smallmouthBass,2.16875543518211,0.3753320276868107,3.9507028820465435
SMB001,smallmouthBass,2.71388571669915,-4.3544641096162815,1.1935832183098731
SMB001,smallmouthBass,5.977861234013041,2.323472928593225,0.6919700460389717
SMB001,smallmouthBass,-1.1779390269757066,-6.839636013611926,-0.9615219967851896
SMB001,smallmouthBass,-2.7982108185808094,-12.303975151894791,3.318350202575509
SMB001,smallmouthBass,-8.722344749480683,-4.655079354761494,1.5712960553261324
SMB001,smallmouthBass,-3.2894065488102546,-1.6237141887137037,-0.3422252164781384
SMB001,smallmouthBass,-5.53898464892257,-2.8466183329975747,-0.5006623656594902
SMB001,smallmouthBass,-1.9349108979982017,-1.3940122810758422,2.6211303545650315
SMB001,smallmouthBass,-0.6209188680403647,-2.180828802296729,-1.96763120413839
SMB001,smallmouthBass,-0.5968240073285908,-0.4952898297960554,-4.2642474761105635
SMB001,smallmouthBass,-0.3069730934623421,-0.2004486174571013,1.6135206130914568
SMB001,smallmouthBass,-5.254180317455463,-3.7546587335697286,2.3780117562950394
SMB001,smallmouthBass,-9.98571655579532,-4.529087840506391,-0.2059135997964423
SMB001,smallmouthBass,-7.042288159497627,-6.641319693109102,0.40992727692580055
SMB001,smallmouthBass,-2.2922668681283667,-1.25071066488319,-2.621624480243462
SMB001,smallmouthBass,2.30757763598708,-0.773062032219881,5.153068879673158
SMB001,smallmouthBass,4.66528932638739,-1.31384902134626,4.444194550798856
SMB001,smallmouthBass,1.4209232802467113,-3.0750772651036753,5.880812400914385
SMB001,smallmouthBass,7.090422260948006,0.7605305587283413,2.9389024064498
SMB001,smallmouthBass,-0.06787992093556339,1.5615664843864514,4.538808611585137
SMB001,smallmouthBass,5.513093713912288,0.09255559458468055,5.657802901611088
SMB001,smallmouthBass,4.824818136041247,0.5643079451982513,5.146960509742493
SMB001,smallmouthBass,0.9395582054427815,3.867905221971086,6.9783161911941995
SMB001,smallmouthBass,-3.9512658708474726,-5.572301954630665,6.356952728356452
SMB001,smallmouthBass,1.9244320940777644,-3.7861521708711883,1.4273725162909372
SMB001,smallmouthBass,-1.2193683581203099,-4.930713455454724,2.0148159693541188
SMB001,smallmouthBass,-1.8838750572545988,-8.191687558454753,1.5168240748541273
SMB001,smallmouthBass,-6.0144615932734755,0.8726627450525679,3.483400515343517
SMB001,smallmouthBass,-2.8184660677731532,3.617132936583814,1.8184840804050606
SMB001,smallmouthBass,-4.89318193282073,-5.3138581858459055,-3.3774749515882068
SMB001,smallmouthBass,0.5266693127767843,0.2902883699337965,1.5768765417942932
SMB001,smallmouthBass,0.7792226935830779,-0.1683430238961096,5.709696640888701
SMB001,smallmouthBass,-2.936600520644676,-3.040315004533501,0.7014104260465793
SMB001,smallmouthBass,-4.436927437250652,0.50257057338964,-10.486970051972193
SMB001,smallmouthBass,-9.321317939019382,-2.736107387381009,-8.09681153969039
SMB001,smallmouthBass,-11.079232640773714,-10.309591844087358,-2.8163114688351745
SMB001,smallmouthBass,-1.2542073319711364,1.0608983530656673,-0.42207987653083684
SMB001,smallmouthBass,1.7420948738740418,-0.5770686155587874,-2.49424568233592
SMB001,smallmouthBass,-2.265264213201273,2.439616530100517,0.9437491323892722
SMB001,smallmouthBass,-0.15184333397727512,-1.9135064241640014,-0.012775626341714058
SMB001,smallmouthBass,-6.062619683914077,-2.229893397864638,5.3712184954350075
SMB001,smallmouthBass,-0.6703970404825654,0.4359940518414074,-0.9422220721293462
SMB001,smallmouthBass,-2.5782632417936027,-3.63471649955218,5.562578828913275
SMB001,smallmouthBass,-4.2698547644539095,-6.740462323843633,-1.9608689419512961
SMB001,smallmouthBass,-2.245554928069543,0.04299544415247898,1.653263569647164
SMB001,smallmouthBass,-3.336612013792296,-0.5468037014388558,6.8275917214694095
SMB001,smallmouthBass,-4.628353731966795,2.0416278647520096,4.4169137059438945
SMB001,smallmouthBass,0.6635069920415342,-5.02464852508667,2.5402352750242403
SMB001,smallmouthBass,0.9194605375328069,-6.148039118739738,-2.6849928388099737
SMB001,smallmouthBass,-0.5513996938570453,-6.514367662339043,-0.3370108067035853
SMB001,smallmouthBass,-2.4348137345073475,-0.8379390001420101,8.168995496994873
SMB001,smallmouthBass,-9.249120139189515,-1.6753847812567821,8.720292252530129
SMB001,smallmouthBass,-6.664936064425276,-3.9251494118948576,1.8086871286149784
SMB001,smallmouthBass,-1.7674503770874377,-3.5482147890682163,-2.514601200173784
SMB001,smallmouthBass,-0.06854750411835608,-6.127400533872265,-2.671508962412553
SMB001,smallmouthBass,2.6232541836357717,-5.473888841935362,-0.24149641887375506
SMB001,smallmouthBass,2.801553040468298,-1.0306270765742949,5.054847291237068
SMB001,smallmouthBass,-0.5182360480179714,-5.375144543511219,4.7112364440369845
SMB001,smallmouthBass,-2.9298785566139025,-4.356090434835631,-5.3272683892165
SMB001,smallmouthBass,-2.994195573135703,-8.743464548128564,0.610166112680879
SMB001,smallmouthBass,-3.789178315487411,-1.2706071039790878,-8.61898900349064
SMB001,smallmouthBass,-4.942561725220665,-4.908954725160829,2.8016989484628247
SMB001,smallmouthBass,-5.31196861997311,-4.421692064892135,-0.7710388574128565
SMB001,smallmouthBass,-4.1987278517769075,-1.5054350889600963,-9.244271443498516
SMB001,smallmouthBass,-3.4648939684447804,-2.5449795906238712,8.171882196946301
SMB001,smallmouthBass,1.809281455588532,-2.237095048601347,7.0818315040749145
SMB001,smallmouthBass,-5.533699592470805,-4.283847839113121,-7.495422704246671
SMB001,smallmouthBass,-5.878640053665684,-7.190844866204813,6.638393411069413
SMB001,smallmouthBass,-4.7246563170064055,-5.184824281634215,4.814037945971478
SMB001,smallmouthBass,0.4876994756936527,-6.8633058335926425,-0.7737454702921265
SMB001,smallmouthBass,0.871438244007289,-2.8134621713039683,-3.1331248079644753
SMB001,smallmouthBass,2.2677055707152225,-1.7314036400434754,8.72917172828239
SMB001,smallmouthBass,10.163983286636753,2.3169450782537973,3.9999045843840095
SMB001,smallmouthBass,2.1552750550663733,-2.1742634519462762,-1.1991365272533114
SMB001,smallmouthBass,-1.1438271046761193,-5.617853310027677,5.225721096635156
SMB001,smallmouthBass,-5.919531848728688,-2.7981216211934243,0.6481588964256273
SMB001,smallmouthBass,-0.8809007400465224,-1.0765648191029473,-5.664146927704667
SMB001,smallmouthBass,5.8675408781973255,-4.974907308144671,-5.088826575869365
SMB001,smallmouthBass,6.774667368015232,-2.9193694314845864,6.225356126904447
SMB001,smallmouthBass,-1.2866600853775254,-6.14236512999265,-3.772763070195597
SMB001,smallmouthBass,-13.730007214943003,-4.361338918874729,-8.14660521540811
SMB001,smallmouthBass,-12.961942531008306,-8.190525772002484,-3.560041534043719
SMB001,smallmouthBass,-2.008156909658396,-0.9894219926217629,8.645043765732666
SMB001,smallmouthBass,3.7186046600718194,9.316552718852122e-05,4.834441583503371
SMB001,smallmouthBass,6.644635313609748,-6.183492903929013,0.42111539980375423
SMB001,smallmouthBass,4.98469065299385,-3.541260198374896,4.137239291500141
SMB001,smallmouthBass,5.4877061581234665,3.1113639350225344,-2.704808523607217
SMB001,smallmouthBass,-0.5029157131056959,2.83363568225909,2.6847800153492187
SMB001,smallmouthBass,0.3390958410649001,-0.7871911875857741,-1.5438217984851796
SMB001,smallmouthBass,1.0125700252359424,-4.180712658185212,6.0001827569836905
SMB001,smallmouthBass,-1.5265046128787914,-0.7540836984185633,5.144828679406636
SMB001,smallmouthBass,0.48955146043675785,2.4034372926771272,-0.5419207905025887
SMB001,smallmouthBass,2.967250770610706,4.826153681504229,-5.121105557364322
SMB001,smallmouthBass,-2.5958904493357458,4.171459051686799,4.302617490827976
SMB001,smallmouthBass,-0.24830524596032966,4.557321445031381,5.593393517682663
SMB001,smallmouthBass,2.351882022775932,-0.9145374930656403,-2.6315585355197126
SMB001,smallmouthBass,0.15590235655836307,-6.919681537727985,0.481371710317658
SMB001,smallmouthBass,5.37482037299446,-0.9558184734254914,-1.4028716856085583
SMB001,smallmouthBass,1.8098850710528693,2.5223852100371467,3.2950668708419277
SMB001,smallmouthBass,0.5616009168123036,-3.0610573002412225,5.352335696495008
SMB001,smallmouthBass,1.9300827132507623,-2.756861349716855,2.882483300086696
SMB001,smallmouthBass,-0.6240030407900272,-4.135646444555404,3.6147839481041952
SMB001,smallmouthBass,-7.749508800881456,1.6459038075168138,6.243755408764103
SMB001,smallmouthBass,-7.363780570197895,-4.62857634415292,5.773092783312277
SMB001,smallmouthBass,4.611112045172475,-0.6022987719809823,3.7883663707727475
SMB001,smallmouthBass,1.426750282266958,-3.485835710498626,0.46341035479228876
SMB001,smallmouthBass,1.0117209260709044,-6.044324528360383,-0.9536974732539759
SMB001,smallmouthBass,1.736216301415096,-8.874917121946673,2.2338156498671173
SMB001,smallmouthBass,2.1902875843408243,0.7145543673251475,6.176412786590062
SMB001,smallmouthBass,-4.469539658036688,0.19596573555330996,-0.0943576457735843
SMB001,smallmouthBass,-12.207991274251317,1.734114413708335,5.6218339473503365
SMB001,smallmouthBass,-5.919757666106312,-5.25616709490881,3.069200697069238
SMB001,smallmouthBass,-3.0296223252439596,-4.370434376747777,-0.7462388042754049
SMB001,smallmouthBass,-1.5922034780345578,-6.479700364404818,-0.2962530936596558
SMB001,smallmouthBass,1.0301138309819278,-5.211844568957739,-0.6065061879307988
SMB001,smallmouthBass,-0.3326435862997686,-3.535874342621782,-6.3000674824979965
SMB001,smallmouthBass,3.375628688392795,-2.268898907289813,4.873175943046327
SMB001,smallmouthBass,4.435617010666365,1.1228083029884308,3.3429174371219346
SMB001,smallmouthBass,0.010930477143141326,-4.371140454402464,-6.606370663202921
SMB001,smallmouthBass,-7.748272457555382,-9.46693655081385,0.2243848169159367
SMB001,smallmouthBass,0.2876752054810081,-1.0432578158106316,-0.23056027634170242
SMB001,smallmouthBass,0.9583130006444635,-1.8219070503850054,-1.019870532564745
SMB001,smallmouthBass,6.405668232916689,-1.9674981389780462,8.154583918519313
SMB001,smallmouthBass,3.614751247978718,-1.5387184264812532,-3.641702112542696
SMB001,smallmouthBass,4.558504508558448,-2.7555213743851716,-9.398674124504165
SMB001,smallmouthBass,-2.968706976269541,-7.648478827943007,7.30944094783188
SMB001,smallmouthBass,-10.336849164249127,-10.693536854774896,-3.3286429978050496
SMB001,smallmouthBass,3.650127100638472,0.37413081581028007,4.152578984348149
SMB001,smallmouthBass,9.005938221681289,1.2580362643916985,-0.5264804396144009
SMB001,smallmouthBass,9.815830761543133,-0.1885189167813479,3.231581169618252
SMB001,smallmouthBass,-2.6115286619603557,-1.4171229663200438,0.8800874021243511
SMB001,smallmouthBass,-5.615889027033626,-8.164324091451116,8.599256939605334
SMB001,smallmouthBass,-0.4619488713176366,0.4071638772079258,-3.855806715006274
SMB001,smallmouthBass,2.9452351792985914,-0.08382760422815386,-4.550085544646752
SMB001,smallmouthBass,5.076430929398392,-5.246736584322223,-0.8358248368946688
SMB001,smallmouthBass,8.673412953751377,-2.024941919510552,6.773895559425633
SMB001,smallmouthBass,1.7824471031637266,-2.720144442162981,3.514762557952942
SMB001,smallmouthBass,2.427218517269176,-5.860753955552326,2.904403674865918
SMB001,smallmouthBass,-0.48622683445081943,-0.9403316198730566,-8.966430057220123
SMB001,smallmouthBass,1.386869734661523,-1.2623493347132066,4.200383530810101
SMB001,smallmouthBass,3.3075416986055965,-2.7049615742211457,-2.0011886147302365
SMB001,smallmouthBass,4.590939757963243,2.3676270180787378,-2.165886610034955
SMB001,smallmouthBass,5.12169758762264,-4.165762225631485,6.383670605704254
SMB001,smallmouthBass,1.194702098306961,0.4493191059852452,-9.463647194911045
SMB001,smallmouthBass,1.0152846359116487,-0.10416554334716763,5.095766815988385
SMB001,smallmouthBass,0.8758454118351304,1.171841285863895,-6.367686241775594
SMB001,smallmouthBass,-2.27828509237665,-2.380072326116104,-5.527867926074265
SMB001,smallmouthBass,0.2419147186680206,-7.749588192965011,-3.6258588350379295
SMB001,smallmouthBass,5.448229863760199,-3.7617748382230576,2.7995145270097233
SMB001,smallmouthBass,-1.7133269699174232,-6.286711442940282,2.485762192682598
SMB001,smallmouthBass,6.612390262256451,-0.5629287593878527,3.8449854270048722
SMB001,smallmouthBass,11.446812066915168,4.570775076857406,-2.882205844244119
SMB001,smallmouthBass,10.582077446518655,0.8229929116896146,3.487688873499914
SMB001,smallmouthBass,1.8316919634251976,-4.801297054618181,0.6380879576785071
SMB001,smallmouthBass,1.9272179291283464,-2.400367809825919,0.30314791496776805
SMB001,smallmouthBass,0.5641942431707923,-2.440750517002398,0.26822052802967955
SMB001,smallmouthBass,-4.431767028874907,-2.173211870391039,4.191395002792883
SMB001,smallmouthBass,-3.188474017601448,0.9072112087208217,4.63920276014156
SMB001,smallmouthBass,-0.7129906003811202,-1.6556288482770347,3.11032808241203
SMB001,smallmouthBass,4.361124104230544,-1.165231197328779,2.0722233059705477
SMB001,smallmouthBass,7.248871204318535,-1.7815113380928669,1.4308509204719608
SMB001,smallmouthBass,0.053983609657124565,-3.4591779048395472,1.4991739037604197
SMB001,smallmouthBass,2.8248778061220214,-5.511673931596864,-2.7775735058421063
SMB001,smallmouthBass,5.297686463704116,3.419221423124734,2.11641790861608
SMB001,smallmouthBass,-4.146887907343048,-8.001839337677128,1.0457093282751866
SMB001,smallmouthBass,0.5966907612368788,-0.9269893496888427,1.697199562732039
SMB001,smallmouthBass,-1.0332714352193222,-5.445623449102229,4.810393685166388
SMB001,smallmouthBass,8.72490124202126,3.295120518117852,6.0889397770167974
SMB001,smallmouthBass,8.071111015378285,2.3839786899379214,4.491331512661592
SMB001,smallmouthBass,-0.12385224804732875,-4.14352667628985,-2.483163840756186
SMB001,smallmouthBass,-3.249953743740233,-3.7506289498132404,4.223918009203971
SMB001,smallmouthBass,-1.4147744995520943,-1.9868520824969944,4.184861292418418
SMB001,smallmouthBass,2.0349262168361353,1.1033875218607954,-8.388251524488044
SMB001,smallmouthBass,7.5566428790839595,-1.8770959908248968,1.8052451679469559
SMB001,smallmouthBass,5.914324548923167,-1.0426076323638642,1.971620896715377
SMB001,smallmouthBass,-2.3747024153495055,-6.639306298946961,-3.3326748458901574
SMB001,smallmouthBass,-2.74979741619794,-5.081738532897976,-1.4596122151519262
SMB001,smallmouthBass,-5.289942074000942,-8.583768871530824,-4.403677097528011
SMB001,smallmouthBass,7.001106028124616,-0.6576842619804504,4.9369648401356026
SMB001,smallmouthBass,-0.057753397001402806,-8.049251081739019,-4.451254955497546
SMB001,smallmouthBass,3.995227068960822,-2.189199931687233,3.4264335069818643
SMB001,smallmouthBass,2.4706533118410303,-8.833339378430644,-1.862735856907069
SMB001,smallmouthBass,6.382151581481322,-1.0283631902609625,-8.162416467389695
SMB001,smallmouthBass,5.329536607815396,-5.372395480894818,-5.097604436520792
SMB001,smallmouthBass,13.79392017605286,-0.9783320766925712,6.015051043612931
SMB001,smallmouthBass,4.855885707125319,-1.863464245896754,-9.132906823259209
SMB001,smallmouthBass,2.5037137092616994,-3.9301465099738486,4.905085769282688
SMB001,smallmouthBass,3.466079282425488,-1.1515449811230842,5.140397894916741
SMB001,smallmouthBass,3.9354042664364144,-8.193580485094888,1.2773334612663563
SMB001,smallmouthBass,6.2208021892445124,-5.542281654617348,-1.4536213393704316
SMB001,smallmouthBass,7.420787781326116,-9.755861421598851,-1.9825411494223388
SMB001,smallmouthBass,5.859568990484101,-5.8405734092588375,-1.2776829602826996
SMB001,smallmouthBass,4.820950508140935,1.1978373306300472,3.665304803932834
SMB001,smallmouthBass,6.911488076417006,-1.0222062300139891,5.653847160754537
SMB001,smallmouthBass,5.862262912531181,-3.5492269978610893,-4.216842078453234
SMB001,smallmouthBass,11.887594867999992,-0.11808444795287121,-7.723675649246066
SMB001,smallmouthBass,5.564588368999129,-3.3651037241054733,-2.7177790371834685
SMB001,smallmouthBass,4.074778152050038,-0.933917071798996,8.8090249481411
SMB001,smallmouthBass,2.5318762361323337,5.262198737535761,7.853232040316658
SMB001,smallmouthBass,5.07544229052578,-4.963443258805152,1.2447966106996158
SMB001,smallmouthBass,9.571324221474747,-3.6584778997426906,-1.6416304431129463
SMB001,smallmouthBass,6.269993290863653,-6.803533423077753,-3.968096156742378
SMB001,smallmouthBass,3.238125399927124,-0.8907579864367146,3.1359582498805487
SMB001,smallmouthBass,-1.0465209018238728,1.3986417206734822,2.40882005458256
SMB001,smallmouthBass,2.842568957338542,2.0888944497748474,1.2857863390741606
SMB001,smallmouthBass,-0.20556542571982034,-2.542971201789001,2.0163449298493434
SMB001,smallmouthBass,-4.958730578663486,-3.390637085873675,-8.122746190017029
SMB001,smallmouthBass,-1.3765116988561068,-0.793481489338535,-10.415201411827399
SMB001,smallmouthBass,-5.85383469333815,-6.882864410015546,2.8843827702872917
SMB001,smallmouthBass,-3.654941138699658,0.10766509792258139,-5.359466086765091
SMB001,smallmouthBass,-2.5234605162710113,-2.407956877462092,5.847781369108312
SMB001,smallmouthBass,5.477859035079763,-3.3059384630415796,7.079559018865038
SMB001,smallmouthBass,1.771534416971504,-2.292487531215497,5.428483405311557
SMB001,smallmouthBass,5.555640398817267,-4.285130910690964,0.18675888515670147
SMB001,smallmouthBass,4.780449830287168,-5.92262544782307,-4.125452190725006
SMB001,smallmouthBass,8.998556313279673,-1.8042235044893373,-4.048225085231303
SMB001,smallmouthBass,5.627370601338969,-1.5770152209574697,1.126735919037347
SMB001,smallmouthBass,8.603380389020586,1.7511164862882533,-6.817216313974554
SMB001,smallmouthBass,1.7124153078537074,-1.4377834605462438,7.414439357070427
SMB001,smallmouthBass,3.175103087829661,-0.681639017351056,4.106436828772964
SMB001,smallmouthBass,3.853965372861167,0.7914795835308428,5.4656208384821925
SMB001,smallmouthBass,-3.579807075726954,0.17493365417888063,-9.26155913077364
SMB001,smallmouthBass,-4.38165398604824,-2.2040645038865545,3.1025095108260357
SMB001,smallmouthBass,-0.22854251832214617,-1.2646072195335907,4.556739739966734
SMB001,smallmouthBass,0.10042742321892817,-2.908653765128696,5.143459841797574
SMB001,smallmouthBass,5.343425553290375,-4.253801504007087,1.467215830320908
SMB001,smallmouthBass,6.531868487045461,2.105674407678827,-5.659466968334914
SMB001,smallmouthBass,0.30858478986456983,0.10626788373279222,-6.37506205528782
SMB001,smallmouthBass,0.8581809816573748,-1.4545403764336218,5.475744080900304
SMB001,smallmouthBass,2.8354245154743447,0.7041820769116093,2.4299226489756065
SMB001,smallmouthBass,0.469333789321138,0.20703544082298353,7.011156527485084
SMB001,smallmouthBass,-0.6558224319156126,-9.572784333085542,-5.962384536247634
SMB001,smallmouthBass,8.049715188957954,0.11853805567274556,0.2867150756342351
SMB001,smallmouthBass,6.560877286658233,1.0841064459292087,-0.11943685955460581
SMB001,smallmouthBass,-0.5771598466074147,-1.6985509480982313,4.394229251162609
SMB001,smallmouthBass,-2.176566752125564,-1.924722199222162,-6.732606730198185
SMB001,smallmouthBass,5.168181774542676,-2.502172432153522,3.2452723387287503
SMB001,smallmouthBass,8.081977871599076,1.151512864894039,-1.0944141522257311
SMB001,smallmouthBass,-0.31466137285479334,-4.192047025492186,0.40352994641170314
SMB001,smallmouthBass,-5.735966384424724,-10.078114586566436,3.185605482337618
SMB001,smallmouthBass,-1.7659648771097842,-1.5734128266225769,4.926264099072284
SMB001,smallmouthBass,-5.134915858802498,2.951909987903111,4.552666663080887
SMB001,smallmouthBass,-1.8415054720260087,-1.31067617640934,6.93871732193156
SMB001,smallmouthBass,-2.075411476419918,-7.683825316363165,-8.71154438998815
SMB001,smallmouthBass,4.368437759784276,-1.4306666392214735,-7.844034003938435
SMB001,smallmouthBass,-1.9947771708188509,-2.590575137675107,0.984113920455747
SMB001,smallmouthBass,-3.1598770724008416,-0.3554115116157601,8.312403894251034
SMB001,smallmouthBass,1.1343781728996103,-1.0905020961591347,9.054580218743082
SMB001,smallmouthBass,2.093644530193461,-2.0551803226077165,6.739567142937663
SMB001,smallmouthBass,-0.7430711867154041,-4.434955596082703,4.120070564658462
SMB001,smallmouthBass,1.759035231706275,-7.133067926901902,-2.3450408609417015
SMB001,smallmouthBass,1.526271604276841,-2.5470858401921497,2.6150605827027262
SMB001,smallmouthBass,5.03790485155543,-0.13580303138755973,3.286567543326489
SMB001,smallmouthBass,2.0271140537669936,-1.5210695522960898,3.432792062366394
SMB001,smallmouthBass,-3.662598939972721,-5.026713243975698,5.079446667604053
SMB001,smallmouthBass,-5.076849513536223,-6.70763828031029,2.481519304998188
SMB001,smallmouthBass,-0.3046121393737665,-3.956044554808407,-1.0955407334227938
SMB001,smallmouthBass,-0.23765023538203778,-4.393792895448296,-1.0775686163362417
SMB001,smallmouthBass,-0.4550122617486747,-5.7942641705323945,-3.2067199344343966
SMB001,smallmouthBass,-6.26512542942286,-8.121434085732199,-6.744051927537811
SMB001,smallmouthBass,-4.666166266674841,-3.2261892194218365,-0.4074050117723478
SMB001,smallmouthBass,1.0339601994131566,-8.152488912021042,4.5168969330509015
SMB001,smallmouthBass,-0.9536133389678741,2.7362148571269884,4.306999507961075
SMB001,smallmouthBass,-0.33092135324130356,2.7770153777637674,2.680804546828724
SMB001,smallmouthBass,-5.910301001985477,-2.2698030939556912,-2.682957141030316
SMB001,smallmouthBass,-5.868737579169551,-2.2093779333939016,-5.404457722465109
SMB001,smallmouthBass,-2.946318978147267,-3.69201371710043,-0.43483690626420535
SMB001,smallmouthBass,-0.8045294631890549,-1.6123252412809488,-0.29504467958865876
SMB001,smallmouthBass,-0.5546025030632427,4.89136611559981,-0.5556603482154796
SMB001,smallmouthBass,-7.789215873959639,6.751496517412853,1.813529570452805
SMB001,smallmouthBass,-1.3086166528776653,2.0051791590765573,1.0953917119990983
SMB001,smallmouthBass,-3.448693872707622,2.3359105456985785,3.6174373488519724
SMB001,smallmouthBass,1.2887317456106666,5.42287528582508,-0.9208457928424963
SMB001,smallmouthBass,-3.5276945872306404,1.041176051250976,8.131296239121747
SMB001,smallmouthBass,-1.2700236509500624,-0.8500985952451172,-1.6678270915657505
SMB001,smallmouthBass,-1.8723984235902271,-2.289873234170258,-1.5262021649129016
SMB001,smallmouthBass,-2.8142277994224036,-3.9538792294492726,0.095938665467856
SMB001,smallmouthBass,0.060498525610585885,-1.8909388265931077,-1.7157428932183365
SMB001,smallmouthBass,1.5618764180272362,-0.22519764276053855,4.674552572084941
SMB001,smallmouthBass,-3.077135400864522,-2.194683955449604,1.2649754402170421
SMB001,smallmouthBass,-6.840127614004159,-4.138298162024845,3.9869067038814574
SMB001,smallmouthBass,-5.153409578709018,-1.2956265816690067,6.142334905837751
SMB001,smallmouthBass,-6.493995995246383,-4.991975231486811,1.8058669112361516
SMB001,smallmouthBass,-4.534611239173083,-5.141568786460274,-1.0542424403734243
SMB001,smallmouthBass,1.28011356842658,-3.1629144642235167,10.003578454406126
SMB001,smallmouthBass,0.9630688677748127,-0.5866547347974331,3.7150671760767136
SMB001,smallmouthBass,-2.8273914247937952,-5.847523945695256,-6.66551554750581
SMB001,smallmouthBass,-1.1398942067127629,-0.908958147127341,-0.5141151117944164
SMB001,smallmouthBass,-6.234166847930496,0.9004200469399761,3.2728276296457075
SMB001,smallmouthBass,-9.655049213607255,0.6253436215475262,-0.15577995270057987
SMB001,smallmouthBass,-9.041264697811894,-0.7660745708988408,4.946919613315367
SMB001,smallmouthBass,-3.7767734760544327,-2.789335308468708,-5.535370194020707
SMB001,smallmouthBass,-0.0912474636621674,1.3733497722051666,-8.35175598996598
SMB001,smallmouthBass,-1.826018442795688,-6.724891089639952,-6.640189750068099
SMB001,smallmouthBass,3.061050736587049,-4.448282765299,8.335551621955736
SMB001,smallmouthBass,-3.5095905037580057,-1.5683565546733476,5.351628995449741
SMB001,smallmouthBass,-15.515412520973783,-8.176044274687618,9.92367709138993
SMB001,smallmouthBass,-11.423266351083663,-2.69496932879873,-0.12748595832257803
SMB001,smallmouthBass,-7.398465307798659,-1.4089554430161977,2.3078521458939285
SMB001,smallmouthBass,-1.414723969749828,2.6363182237249996,5.060296795110423
SMB001,smallmouthBass,0.7498338535681328,1.6020940572981732,6.655754881884514
SMB001,smallmouthBass,1.7405573006524526,2.170007733856144,5.594796261846247
SMB001,smallmouthBass,0.10147513018894339,-0.3162107931948964,1.0029336489300986
SMB001,smallmouthBass,-3.7933322983030293,1.982410769928963,-7.058611233295045
SMB001,smallmouthBass,-6.099365537799581,0.12000414427121237,-10.146160920465118
SMB001,smallmouthBass,-10.379386057624453,-6.30376436002125,-6.507912934781972
SMB001,smallmouthBass,-1.0281114702577283,-3.464946779026356,8.705002383171832
SMB001,smallmouthBass,-3.7982539082068087,-0.8474549347733022,6.402666761076308
SMB001,smallmouthBass,-1.3013302037736092,-4.537738622226071,-1.7578993339716873
SMB001,smallmouthBass,-8.221754454753155,-6.291245538448299,-5.27753897010397
SMB001,smallmouthBass,-0.8429339678211074,2.6802189657225517,3.9341382053947958
SMB001,smallmouthBass,-8.429100924253094,-8.109931661320765,-2.1245355966375756
SMB001,smallmouthBass,0.48749202616441845,-6.780526559141336,0.6735069932992368
SMB001,smallmouthBass,-4.295751133703336,-5.212895146170682,-5.120654227052986
SMB001,smallmouthBass,-4.043324752299448,-9.519512615887741,-3.0328013344830973
SMB001,smallmouthBass,-2.6893013763023745,3.202818690762637,-5.892115446331901
SMB001,smallmouthBass,-2.0195727738201956,-4.902442783005404,1.6330098744644017
SMB001,smallmouthBass,-0.42026198226148126,-2.0159056266110413,3.828383540099145
SMB001,smallmouthBass,-0.2899182844983772,0.48056214275475184,-6.391542699072587
SMB001,smallmouthBass,1.376438380929809,-5.145552173501461,-4.820699644900358
SMB001,smallmouthBass,-1.3396450881317346,1.890979254968461,-6.74341297591385
SMB001,smallmouthBass,-3.3306193124846293,-2.5828394221574666,6.296315229621409
SMB001,smallmouthBass,-4.829076491324468,-0.10343381544006863,-1.447039009573289
SMB001,smallmouthBass,-3.632470916131995,1.5082713351360537,0.9820352172320528
SMB001,smallmouthBass,-4.662645734951784,-7.232442529535365,2.9007573112768705
SMB001,smallmouthBass,-6.642639558211978,-7.809922957034053,0.6992402726295232
SMB001,smallmouthBass,-7.6966911629505494,-0.1470934774793382,6.09724149296033
SMB001,smallmouthBass,-8.107934680248698,-0.910885145945153,8.573643130639848
SMB001,smallmouthBass,-7.066547562071903,-1.396021548604487,0.16293375563493695
SMB001,smallmouthBass,-3.997849891787175,-3.6799224460693143,2.5206625470932185
SMB001,smallmouthBass,-4.164742886659745,-2.0920974100697394,-0.4440467779173815
SMB001,smallmouthBass,-7.540832916032841,-4.7409397445946,0.20599972985649023
SMB001,smallmouthBass,-5.673606335544685,0.18607818079028612,5.761425645831588
SMB001,smallmouthBass,-6.611100689784848,-5.64961502460737,0.8765807159157267
SMB001,smallmouthBass,-1.0496720836612765,-5.757208230600021,-0.005799723787849181
SMB001,smallmouthBass,-5.739303783052308,-5.502192689535585,-0.9311580762426928
SMB001,smallmouthBass,-9.025000222164728,-4.367174087485177,-2.5334404040381084
SMB001,smallmouthBass,-14.71021439623409,-5.549886966049357,-1.850220860727144
SMB001,smallmouthBass,-9.080602796537146,-5.837311369733975,0.15188258817441808
SMB001,smallmouthBass,-5.114497712913549,-2.407926451676532,-4.9549885202514385
SMB001,smallmouthBass,2.3848290069031313,0.25609351417926846,4.105701509903853
SMB001,smallmouthBass,0.6345873989263923,-3.4734076509760863,-0.28419503707936283
SMB001,smallmouthBass,-5.0573609368679024,-2.7257632677065646,-5.003975352630376
SMB001,smallmouthBass,-4.359102986318358,-4.362819473608614,5.884293327004049
SMB001,smallmouthBass,-6.092901916139534,-0.8544150508465618,2.5583855327581664
SMB001,smallmouthBass,-7.948915590280247,-1.9803526114798742,-0.8966479800429226
SMB001,smallmouthBass,0.29298497818541264,2.294392565111026,-7.46223207198226
SMB001,smallmouthBass,-6.785089037756376,-3.515867658613666,-6.029899097061495
SMB001,smallmouthBass,-1.7400939580334827,1.4159344083555574,3.917627020747055
SMB001,smallmouthBass,-0.49751047750019506,-1.3111007278892663,-2.0445402028927386
SMB001,smallmouthBass,0.7271721573497705,-0.5798803104010267,0.6026893731909209
SMB001,smallmouthBass,-2.7888203853878935,-2.812459654335026,5.595368154122986
SMB001,smallmouthBass,-8.077882776381689,-2.794665395289406,2.453397120928275
SMB001,smallmouthBass,-5.053628377546698,2.5825099881727915,5.906260134211463
SMB001,smallmouthBass,-1.772755965870271,1.294347977921301,2.166120017880389
SMB001,smallmouthBass,-7.183028978116876,1.7424871464686245,6.248442383380604
SMB001,smallmouthBass,-7.6078077567334645,-6.081152672765493,5.3845979415707905
SMB001,smallmouthBass,-3.7467102378921844,-1.5617140837601986,3.359062340625505
SMB001,smallmouthBass,-4.637964898060893,-2.477102228023846,0.9295802055666187
SMB001,smallmouthBass,-6.4785733056079895,0.9798601934604033,5.284201121188387
SMB001,smallmouthBass,-1.047155045742798,-6.018446762903889,4.537907711626302
SMB001,smallmouthBass,-6.0886645326375906,-6.480776267138223,3.346472261139142
SMB001,smallmouthBass,-5.226475001087902,-6.164435059069616,-1.5586281723065685
SMB001,smallmouthBass,-6.971422162978777,-4.133209941946463,-5.506113557542967
SMB001,smallmouthBass,-8.247517997971887,-5.520217089170031,5.717217291944149
SMB001,smallmouthBass,-9.480909098343503,-4.352692687964361,5.797530619733923
SMB001,smallmouthBass,-8.427731976336245,-5.369330646212603,-0.6652124762204293
SMB001,smallmouthBass,-4.49194323970772,-4.092457392905073,-6.593691903100506
SMB001,smallmouthBass,-5.670540857928531,-3.6314142277261054,-1.2532252618267286
SMB001,smallmouthBass,-2.4101376170089606,0.5451879904947281,3.8656774351691054
SMB001,smallmouthBass,-0.45615538445390125,1.3628397589019947,-3.2928588555843468
SMB001,smallmouthBass,-9.77194257890324,-4.826818018551721,5.451743443417533
SMB001,smallmouthBass,-11.28090266085833,-4.62692842003663,-4.165180935987491
SMB001,smallmouthBass,-2.9600722420995953,0.20323588046122093,1.912917738492447
SMB001,smallmouthBass,-1.0795933616828268,-3.1792134414162083,1.2441972355350153
SMB001,smallmouthBass,-3.1011625138991796,-1.643319499538954,-1.5921857976337956
SMB001,smallmouthBass,-7.689228571161985,-0.49345730187837256,5.488123849916547
SMB001,smallmouthBass,-13.334368805822924,-2.3147199819840942,-4.508536377625391
SMB001,smallmouthBass,-4.923740794940793,-3.8675303619116486,1.9371448421180055
SMB001,smallmouthBass,-7.133080696172074,1.7171106074223366,6.874785080675329
SMB001,smallmouthBass,-1.8705101759160325,1.2386966024440764,3.739114375941187
SMB001,smallmouthBass,-2.167115748243449,-0.20059715828474647,4.380157005744998
SMB001,smallmouthBass,-10.413764567327132,-7.409374152193613,3.5719939575216855
SMB001,smallmouthBass,-10.997276906280039,-2.6639696691392176,3.9358677254933774
SMB001,smallmouthBass,-14.384813080872007,-0.0746344476198102,0.6458943065519231
SMB001,smallmouthBass,-11.562850464994183,0.2050082087998386,6.474926693141057
SMB001,smallmouthBass,-7.684322867759146,-7.3237677397953025,1.6145643782812515
SMB001,smallmouthBass,-5.801514758829024,-4.563534421957887,-1.3909150330152025
SMB001,smallmouthBass,-7.754481331563003,0.14804459858398966,9.798776196446893
SMB001,smallmouthBass,-4.421875303285845,2.699303835093046,5.869689658306615
SMB001,smallmouthBass,-3.152060288705692,3.801388873834712,3.4750418493396134
SMB001,smallmouthBass,-8.665222144402327,-4.586179929982874,0.09557112990382846
SMB001,smallmouthBass,-7.2670943689896195,-6.68145091207583,-1.8891000415189478
SMB001,smallmouthBass,-8.572923593977835,-2.779101831760748,5.769511408942089
SMB001,smallmouthBass,-3.9891912001715006,-0.8281312910205506,3.413072344525081
SMB001,smallmouthBass,-6.149505948649052,2.992578712356101,8.336559923217882
SMB001,smallmouthBass,-5.687110807582911,-6.486712183587744,1.2101782143553452
SMB001,smallmouthBass,-1.7582625338998552,-6.065818090623407,1.3016406712134474
SMB001,smallmouthBass,-11.64104873527903,-6.882140184524018,-2.5206502153243884
SMB001,smallmouthBass,-10.104528329461765,-0.1126229166430015,5.28141135928978
SMB001,smallmouthBass,-8.856407956417392,-6.019660387769685,5.0856766032001754
SMB001,smallmouthBass,-5.184230696886338,-9.033890505084551,0.5402592280942281
SMB001,smallmouthBass,-5.6990564174805645,-6.063087241365186,-3.9204643751455306
SMB001,smallmouthBass,-10.155811828932606,-7.624426086279431,-3.4037681768333066
SMB001,smallmouthBass,-10.33026331221154,0.745406153289313,2.7127080626153397
SMB001,smallmouthBass,-8.327428753372532,-4.329582690822642,5.559037194842351
SMB001,smallmouthBass,-1.4801098368393208,0.31980309155940706,-7.68231568148917
SMB001,smallmouthBass,0.9230631919334595,-1.4037178650796684,4.692755351795231
SMB001,smallmouthBass,-9.20425160251485,-8.800838597150134,-2.817150469506321
SMB001,smallmouthBass,-15.860321590575312,-6.469032260843747,2.2205071074995213
SMB001,smallmouthBass,-3.571795264205268,-7.9170036581091665,0.1726596841525011
SMB001,smallmouthBass,2.9925280304077986,-6.33423490001631,-3.4838425559151083
SMB001,smallmouthBass,-0.47663115982362303,-2.7160984193067037,5.78225763563579
SMB001,smallmouthBass,-0.23879209164863202,-1.3806228310566186,5.912218674281901
SMB001,smallmouthBass,-1.5602390808531112,-7.680846677968776,-0.48716031129941145
SMB001,smallmouthBass,3.729260854099633,-7.366516840870269,-2.7215894056286665
SMB001,smallmouthBass,2.445395176437756,-5.217194882386431,2.2273782754871094
SMB001,smallmouthBass,2.3038511304862372,0.5254092944129927,6.8065257596627635
SMB001,smallmouthBass,-0.5023938553326426,0.4182023151723206,8.40305117353786
SMB001,smallmouthBass,-4.008408778866946,-7.8376314167377785,1.7944736763517317
SMB001,smallmouthBass,-2.873379045943265,10.795135119867757,3.752258284487818
SMB001,smallmouthBass,-4.00994008642744,16.98909683233859,-4.510177007020033
SMB001,smallmouthBass,-5.110169980908034,20.285965843694882,-4.5072584464120675
SMB001,smallmouthBass,0.9190118690107614,16.998010046606506,16.259922864684466
SMB001,smallmouthBass,0.8971411052623877,19.8355547075136,9.93499852742478
SMB001,smallmouthBass,4.605200608260021,19.1314328783095,-8.114763564696094
SMB001,smallmouthBass,-1.1963304074644492,26.20153844615162,-3.741818449560266
SMB001,smallmouthBass,-3.987238809647275,13.395859476666326,-1.283822159715015
SMB001,smallmouthBass,-10.589642436301215,6.796875906399669,-0.9537601080874252
SMB001,smallmouthBass,-6.793835114493201,19.27792650402973,-5.445800234919208
SMB001,smallmouthBass,-3.310647571954566,16.723480592584856,-3.3684241437726543
SMB001,smallmouthBass,-5.098611125042604,7.211960480427669,-1.1573514913605072
SMB001,smallmouthBass,0.04841882782266094,5.5559502327325365,1.9294170700194848
SMB001,smallmouthBass,4.504575624928382,11.165961752907773,-7.253252683570939
SMB001,smallmouthBass,0.18519693578570068,5.211773324605524,7.055896402231287
SMB001,smallmouthBass,-11.114829108104473,-1.1755422507541815,-3.789852799620957
SMB001,smallmouthBass,-21.31045016912896,-6.315372011515571,-1.9669723518771867
SMB001,smallmouthBass,-14.750749703704646,-1.3604617878526364,1.4647965960924774
SMB001,smallmouthBass,-18.351590171878378,0.4135845018446407,2.261291297565545
SMB001,smallmouthBass,-19.633110146403453,-0.15694782581044198,-3.160757609415562
SMB001,smallmouthBass,-14.386495285238055,6.363847038946201,3.5463539557490997
SMB001,smallmouthBass,-13.974477876453973,5.02914588459862,2.57719553439712
SMB001,smallmouthBass,-4.323681340423095,4.975493323067114,-0.9516038733460501
SMB001,smallmouthBass,-21.321218585639905,-7.200154257036384,-2.4484171624953817
SMB001,smallmouthBass,-22.660349075990492,3.415147963364163,-5.044187108127774
SMB001,smallmouthBass,-16.87187386226068,1.2369161871086392,1.3678774480195521
SMB001,smallmouthBass,-16.004990833509606,3.3486922452872996,-0.7839031855508134
SMB001,smallmouthBass,-9.794562863896127,6.446149807460958,4.090733676945059
SMB001,smallmouthBass,-16.436591937719175,4.906655883256162,0.9538261080112344
SMB001,smallmouthBass,-15.802369288726561,5.682656601617336,4.93877089096986
SMB001,smallmouthBass,-17.879520462926735,-0.8052915049278051,1.654078818023466
SMB001,smallmouthBass,-18.996971435397064,-0.3802939782225192,1.631780735936466
SMB001,smallmouthBass,-6.74708327124894,4.2013560248111865,-0.7470013991356446
SMB001,smallmouthBass,-17.171344029174143,-0.11329945037153122,1.9062990929452028
SMB001,smallmouthBass,-18.976753429009744,-3.303096438764455,-2.8429348115584334
SMB001,smallmouthBass,-8.994117532652119,-1.6845203528983892,1.3806824705449496
SMB001,smallmouthBass,-6.591718818702605,4.621573848001607,-1.5943216327695686
SMB001,smallmouthBass,-12.87358569542085,3.2208090420274056,-0.6120073785916083
SMB001,smallmouthBass,-10.221505688342567,5.4364448033025115,-4.318494116011573
SMB001,smallmouthBass,-3.4515370152690537,7.475494613659407,-2.3618642360247035
SMB001,smallmouthBass,-8.673565224058628,2.3152544832342192,-2.7257129076706232
SMB001,smallmouthBass,-19.1520324140772,2.8008460349367064,-2.1210489397565846
SMB001,smallmouthBass,-15.978257005755793,3.3320814085579986,1.7097361935128639
SMB001,smallmouthBass,-12.40476200768126,4.858903156350511,3.461545516061828
SMB001,smallmouthBass,-12.014181444918247,2.6448404396671386,5.244941799497301
SMB001,smallmouthBass,-19.004827795733426,6.30082338791588,3.031542275981264
SMB001,smallmouthBass,-12.366857960887423,3.3306233833769268,1.2717330808707483
SMB001,smallmouthBass,-12.336025778587821,1.2232017659307586,6.437650538657285
SMB001,smallmouthBass,-3.7309033209711453,3.4825291682285173,-0.5260193587587124
SMB001,smallmouthBass,-15.835626616962045,2.5811102008879896,-0.23271115080406665
SMB001,smallmouthBass,-9.301535625761888,1.1153884552397797,-0.7864091991199348
SMB001,smallmouthBass,-6.911348122929229,0.17773316867594974,-2.2114466123481558
SMB001,smallmouthBass,-7.8633526304228365,1.3931497117065126,-2.0493515806020612
SMB001,smallmouthBass,-13.089503733406103,0.41537655310743216,-3.430570899929327
SMB001,smallmouthBass,-16.918705027322368,-0.6687482999495108,1.6674385041325455
SMB001,smallmouthBass,-12.853646995375122,-7.299214064752661,0.619252903065114
SMB001,smallmouthBass,-17.60018813915361,-6.0893910767853106,0.18805934332383623
SMB001,smallmouthBass,-16.439474240489584,4.859534931690048,-5.459773483063833
SMB001,smallmouthBass,-7.6886721394058,7.9188073966283214,-2.2697508567571205
SMB001,smallmouthBass,-7.43019877460379,8.467926211034124,-1.7389892052904934
SMB001,smallmouthBass,-6.6482299647145675,2.764076954813482,-3.816385782192003
SMB001,smallmouthBass,-6.337371749802234,-0.24031800888717036,2.410121952770676
SMB001,smallmouthBass,-7.061213560198146,-3.451131241354803,-0.2842336408412896
SMB001,smallmouthBass,-9.81167963709318,-1.1125424870060532,-0.2955804035691164
SMB001,smallmouthBass,-13.180337384648338,3.338224553012897,-1.9131487481148537
SMB001,smallmouthBass,-9.796975516285258,3.5810214790424326,2.19448224278697
SMB001,smallmouthBass,-16.38197296621157,-3.3940350368016436,-0.8980175014999265
SMB001,smallmouthBass,-15.961195632931737,-0.17321993116211054,-1.4506177688632795
SMB001,smallmouthBass,-11.007435749550124,-0.8026949432565564,0.35599412946587056
SMB001,smallmouthBass,-17.59862587591882,4.9767100183182045,-3.666794371795058
SMB001,smallmouthBass,-18.79613993228231,-0.037797091886510814,-0.012990443895504855
SMB001,smallmouthBass,-17.71873959330688,-1.9007946424744966,-1.0393317684282857
SMB001,smallmouthBass,-12.740564270506187,-1.085416272493563,-1.5210894089843918
SMB001,smallmouthBass,-16.50264959294565,-0.4238767793781091,-1.8594178908950423
SMB001,smallmouthBass,-11.13039946340479,-1.3889813479603363,-2.092499587788413
SMB001,smallmouthBass,-10.673973933382353,1.69189502841923,-0.10749899594055423
SMB001,smallmouthBass,-13.221627461420015,-4.812159491972524,-0.8424949861309851
SMB001,smallmouthBass,-19.292597659957227,0.9631006177807092,-4.924387360483735
SMB001,smallmouthBass,-18.050297696057733,-2.336703798588209,-1.5460664228481158
SMB001,smallmouthBass,-15.635664394669146,2.188943408471079,-6.137539008965285
SMB001,smallmouthBass,-3.6302802991541707,3.7364084934980246,-1.4205208415899393
SMB001,smallmouthBass,-1.671545022635036,7.880766766528088,4.355032240275817
SMB001,smallmouthBass,-16.342713485403003,1.2456581438081595,-3.849756057889401
SMB001,smallmouthBass,-19.306603209708545,-0.73610821333445,-1.788637867990662
SMB001,smallmouthBass,-2.6227236241146543,6.437829133697163,0.16926438247823306
SMB001,smallmouthBass,-7.479943904437498,2.5412893163635695,-5.8417579850303305
SMB001,smallmouthBass,-0.5524437622716469,3.895754341801435,3.321264907939362
SMB001,smallmouthBass,-9.072816731760089,2.1196981719664265,5.864597123957979
SMB001,smallmouthBass,-10.879673338057838,-0.9436745075565132,3.033432198411454
SMB001,smallmouthBass,-24.92830482154092,-2.9409331726183376,2.753465334971107
SMB001,smallmouthBass,-18.86218797172529,-1.2888789447392568,-3.505801703388254
SMB001,smallmouthBass,-2.9414018308486014,4.613552191132561,1.562752668544428
SMB001,smallmouthBass,-1.7871969636492298,3.332398568543511,-2.614848848019264
SMB001,smallmouthBass,-6.020145100293831,-4.075218861950906,1.853750033741488
SMB001,smallmouthBass,-16.67290744478524,-6.526305108711548,2.441576769160799
SMB001,smallmouthBass,-11.678295686753124,0.18043192610447867,0.8773423497369999
SMB001,smallmouthBass,-5.016949907802604,2.7295229303629567,3.3732637530477603
SMB001,smallmouthBass,-1.8674571993855031,2.984088501005775,5.151260504433672
SMB001,smallmouthBass,-2.013439366005101,4.222079104962087,-1.3727988231770727
SMB001,smallmouthBass,-2.232438752394825,10.51293034851564,-3.671692205162422
SMB001,smallmouthBass,4.05812696172354,7.074255535670897,1.2947572085151366
SMB001,smallmouthBass,-3.174694178353593,7.5428861105376335,5.2254508618559266
SMB001,smallmouthBass,-10.139085203764788,4.158010683320565,2.6869650820492312
SMB001,smallmouthBass,-5.732857521180394,5.407181790474111,-0.6366624204910956
SMB001,smallmouthBass,-10.654457938252612,2.9356899205875004,-0.27782645880782875
SMB001,smallmouthBass,-12.836135750921114,-0.5924238069208347,-0.7889693441085738
SMB001,smallmouthBass,-7.360211049246631,3.8124945056158417,2.4074528929989696
SMB001,smallmouthBass,-6.694966948503861,4.6177888026812335,-0.09557392732332098
SMB001,smallmouthBass,0.31234453436551957,-6.032592128030284,-4.875740658179022
SMB001,smallmouthBass,-1.6411005315918334,-3.060398465889487,0.7982599527472355
SMB001,smallmouthBass,4.080720123955913,0.2625744055182559,2.141526778243487
SMB001,smallmouthBass,1.9571823861120632,3.8003729603724175,3.5552660044942437
SMB001,smallmouthBass,-2.3869545777108425,3.449806645118486,3.8890061596295205
SMB001,smallmouthBass,-13.827812919561241,1.547509566571776,-4.016439267428955
SMB001,smallmouthBass,-2.6864721819295325,8.952219318896384,-1.8600150304133019
SMB001,smallmouthBass,-3.1790022973881626,-1.1237731812756844,2.5126632603228414
SMB001,smallmouthBass,-1.7005490237116518,2.47289886046072,0.030718234711155118
SMB001,smallmouthBass,-5.135487284928695,4.059392484640263,1.545234514787111
SMB001,smallmouthBass,-19.40532763853009,-3.248991835046592,-1.0575167298808386
SMB001,smallmouthBass,-17.234852408611662,4.60084673235661,-1.4175665998095281
SMB001,smallmouthBass,-19.40730974349424,-2.559717406795695,-6.307284558336307
SMB001,smallmouthBass,-5.414350571796719,7.687660291000779,3.829155319755806
SMB001,smallmouthBass,-0.41121070990255815,8.13327668499631,3.949624189592163
SMB001,smallmouthBass,-13.431607331733403,7.4481510639102115,3.602432242627445
SMB001,smallmouthBass,-14.380086248868771,-1.1564593042533189,-5.862108520331357
SMB001,smallmouthBass,-3.353829406721537,9.714356213393108,2.9425787057102144
SMB001,smallmouthBass,-17.43926081458571,4.8258908935383635,-2.628397959289283
SMB001,smallmouthBass,-16.54946354774458,1.3281641633605838,4.278738294381614
SMB001,smallmouthBass,-4.351841406210614,5.674974369082669,2.380867109139831
SMB001,smallmouthBass,-6.398810636469673,-0.07756177438496747,0.8337238783134243
SMB001,smallmouthBass,-8.983784505104335,0.8475901254590905,-0.675905042302474
SMB001,smallmouthBass,-9.348425056291621,2.1517521264850483,1.9865843879350449
SMB001,smallmouthBass,-5.701945582355593,1.0115010770646082,-2.5560363295943778
SMB001,smallmouthBass,-0.02156834415212784,4.966832757980209,5.523879815907215
SMB001,smallmouthBass,-0.6881044859810721,8.257572304793094,5.391953584871446
SMB001,smallmouthBass,-4.29174300191902,4.481145876454175,-0.36397954327075677
SMB001,smallmouthBass,-0.7199716318797843,8.543893696999996,0.04329845298460433
SMB001,smallmouthBass,-11.467086183796717,-0.6085976439948659,5.384079424040947
SMB001,smallmouthBass,-8.465640306786819,7.709192928219981,-3.175630086152447
SMB001,smallmouthBass,-6.3360990588663135,5.65640868232104,-4.837950396261786
SMB001,smallmouthBass,-7.969838779258342,4.4775794332639505,2.8536741770953955
SMB001,smallmouthBass,-5.379875098530286,4.2588340499580815,6.945996840086476
SMB001,smallmouthBass,1.3725717539495919,10.245961890134788,6.773751102671596
SMB001,smallmouthBass,-6.211100976650934,7.236361749640107,4.316243071197053
SMB001,smallmouthBass,-4.913999857220341,9.667024216062842,2.8952531053811894
SMB001,smallmouthBass,-7.251526163894528,7.23670137679364,2.6578256170700865
SMB001,smallmouthBass,-15.785392159514632,4.504437979720571,2.5429932401835815
SMB001,smallmouthBass,-12.687496763806177,4.933801089233525,-5.83007644521485
SMB001,smallmouthBass,-2.717493250256135,3.2298191997869234,4.179739462928863
SMB001,smallmouthBass,-2.3755897830628814,7.5921158854643425,7.32806773203389
SMB001,smallmouthBass,-6.311654316547532,12.240496180915912,2.261341862602954
SMB001,smallmouthBass,-9.427429492297334,8.90778697258559,0.778696042318404
SMB001,smallmouthBass,-3.076872448491113,7.247190357598585,2.273096272844008
SMB001,smallmouthBass,-3.7144106468133202,-1.3389653087682272,4.914595818217727
SMB001,smallmouthBass,-19.608252137772165,-6.7238678041416975,-2.5350357385870246
SMB001,smallmouthBass,-21.29881114200851,1.3718486850153464,-3.322956478206639
SMB001,smallmouthBass,-15.548722383855509,1.2492642858054404,-3.648506627948586
SMB001,smallmouthBass,-25.06931433392447,-5.274423230245509,2.4158892939043652
SMB001,smallmouthBass,-10.540384584308233,1.8209245444544289,-1.0337190465070867
SMB001,smallmouthBass,-12.32061802292455,8.215816624936243,2.6503456352476893
SMB001,smallmouthBass,-9.97614759508533,5.769488099266257,2.615362611662877
SMB001,smallmouthBass,-11.996274527252568,-2.337185864971648,4.603673445744227
SMB001,smallmouthBass,0.4929002070896813,13.340029235830873,-1.03657844250784
SMB001,smallmouthBass,-9.60562485055334,7.6298160233749694,5.498444479821487
SMB001,smallmouthBass,-8.27788848112564,9.041456564996807,2.7146341568632506
SMB001,smallmouthBass,-4.499922154589328,11.215214547043493,-2.0088836742797764
SMB001,smallmouthBass,0.6614191812205203,2.3283065493208834,7.0710793871392
SMB001,smallmouthBass,-5.360185311095828,10.225446944205475,-0.18116487230832243
SMB001,smallmouthBass,-3.655216913611879,4.410380936901348,4.108776775935192
SMB001,smallmouthBass,-6.343527592284955,7.747679839201676,0.9993322917823507
SMB001,smallmouthBass,-0.909310104562584,8.657292882519172,5.17037009805562
SMB001,smallmouthBass,-8.223563871379527,6.350380328372802,-0.8504312174905011
SMB001,smallmouthBass,-4.74062232136261,3.9927282934475743,5.663571461646574
SMB001,smallmouthBass,-10.148624287028621,6.730150526364183,-1.6818960578763862
SMB001,smallmouthBass,-4.451961108973445,5.880118767637557,7.273035951789455
SMB001,smallmouthBass,-5.5222462537887385,8.136820491391644,3.2171172027513872
SMB001,smallmouthBass,-0.3749189842153471,6.088356546483746,11.528261059086404
SMB001,smallmouthBass,0.8343779450883786,5.242578349249924,8.404117145286662
SMB001,smallmouthBass,-11.661255942101082,8.008555668444593,2.5595356335499586
SMB001,smallmouthBass,-12.576975135337662,-6.082054213048573,-0.9985491768006188
SMB001,smallmouthBass,2.4413116857966553,4.77771369585844,1.1306861863860944
SMB001,smallmouthBass,-10.43026552615845,6.262087998553093,-1.659182474744685
SMB001,smallmouthBass,-12.312775375263035,6.338836480139107,-0.3496933325643006
SMB001,smallmouthBass,-8.494324850925574,3.1319752916695034,4.090891260679189
SMB001,smallmouthBass,-7.145529318876545,3.96249263726627,-7.893847678568408
SMB001,smallmouthBass,-2.002024164698761,7.968039145553548,-2.553655643081683
SMB001,smallmouthBass,-10.096493607625185,-0.7317027228342847,-4.131793114761537
SMB001,smallmouthBass,-9.651749503499163,1.217599639299195,5.360290721785407
SMB001,smallmouthBass,-8.297766626044645,-0.2369854053125161,-2.2983728634912195
SMB001,smallmouthBass,-5.747878815042903,6.173364690015398,-1.593011202381689
SMB001,smallmouthBass,-11.110291851876948,3.2153041710829875,1.4729545065285878
SMB001,smallmouthBass,-22.60796750739384,0.768406003796555,0.6203909253514879
SMB001,smallmouthBass,-12.334233497292013,1.7053934909211388,4.7549213516484485
SMB001,smallmouthBass,-12.493117457485951,1.2088221522238392,3.0634419901740904
SMB001,smallmouthBass,-7.661095935278818,1.6310023700638587,1.7291915016825623
SMB001,smallmouthBass,-17.914148377251244,-5.170967896409605,1.1984155322131307
SMB001,smallmouthBass,-8.986371880226908,1.727786703570734,-2.987893921006776
SMB001,smallmouthBass,-11.757335201407468,-0.4261041181019185,3.4188645699399554
SMB001,smallmouthBass,-12.623751580486196,-1.06914076213253,5.637854201918429
SMB001,smallmouthBass,-8.321980200144253,6.629598412679572,2.6940144064573053
SMB001,smallmouthBass,-3.9839074583074825,1.8098583296613586,3.9594572002453656
SMB001,smallmouthBass,-5.861856779461587,0.3776008636032522,2.3167291811195274
SMB001,smallmouthBass,-9.162630608546813,-0.087368008214182,-1.301507908864016
SMB001,smallmouthBass,-1.9961241548464201,5.395230765781006,-0.7068570970509683
SMB001,smallmouthBass,-11.982687522131002,2.385956424350009,1.4002760361827016
SMB001,smallmouthBass,-7.940652270968873,5.3706014339227455,-7.606889103125772
SMB001,smallmouthBass,1.7225985281152014,11.771698392633207,-1.8871784846637345
SMB001,smallmouthBass,8.347419915772113,15.745810950693254,-4.346208899705669
SMB001,smallmouthBass,0.9671160067003302,8.532759817121212,-0.255930051504233
SMB001,smallmouthBass,6.744822961095419,16.800085329922442,1.507804508269928
SMB001,smallmouthBass,4.2564947483487385,16.17139617502859,1.6773592767141752
SMB001,smallmouthBass,-3.3742729619815206,8.498199620167014,0.8815761248458394
SMB001,smallmouthBass,-4.568608159660317,8.969491650558963,4.383347526552755
SMB001,smallmouthBass,-4.507736224915783,5.493029820392231,4.327366685562537
SMB001,smallmouthBass,5.223436652164593,15.982794882805198,-1.293773919295493
SMB001,smallmouthBass,1.0928028206108495,21.329905906952913,-2.188343279895287
SMB001,smallmouthBass,-4.51368067726094,8.652373933736234,6.041612249684507
SMB001,smallmouthBass,2.845842943535448,14.255598845604903,2.9484202992263833
SMB001,smallmouthBass,-8.441662113905597,8.445851552898295,0.748201398080931
SMB001,smallmouthBass,-12.933717307893088,5.995421299768398,0.9664183966108987
SMB001,smallmouthBass,-4.540027933043872,7.40486276999498,3.929147960458357
SMB001,smallmouthBass,-0.8264033029549216,13.97255823275838,3.875023849057822
SMB001,smallmouthBass,-17.292534083683545,4.1821715144995615,1.6032349406369302
SMB001,smallmouthBass,7.732818972908646,19.545258880795746,1.9577253645044412
SMB001,smallmouthBass,5.032304465049157,14.612064961460723,-0.8118985593018835
SMB001,smallmouthBass,12.17393970582055,25.01855821920932,0.2471696136197865
SMB001,smallmouthBass,-4.909339761705529,6.135052897945366,5.118506976883362
SMB001,smallmouthBass,-5.820638159675606,5.279063841749885,4.3187226398896055
SMB001,smallmouthBass,-16.819211660725756,3.306818687119833,2.691332172233128
SMB001,smallmouthBass,-5.044785288217238,12.290072132744504,0.43568852307752926
SMB001,smallmouthBass,-1.9837567297774341,12.323505803934596,-0.771213907260353
SMB001,smallmouthBass,-0.6861812886521629,9.738779887020373,5.629962328257663
SMB001,smallmouthBass,-3.0435144533774454,6.798543901711415,6.228070052292558
SMB001,smallmouthBass,-7.687876465675279,7.689464768797278,1.6743445524981801
SMB001,smallmouthBass,-2.8671885158102963,9.828836376052518,2.5415791826415397
SMB001,smallmouthBass,-17.50021615017929,1.5273718905137925,-1.6958185321493187
SMB001,smallmouthBass,-2.2342629503773095,14.794097816651515,1.4938258819810895
SMB001,smallmouthBass,-1.3667086854704946,11.93023277430837,-3.180316601778053
SMB001,smallmouthBass,-3.641118175185719,13.61553495602337,0.643357369905807
SMB001,smallmouthBass,-3.8381174007871817,6.8351731975621375,5.35361874981111
SMB001,smallmouthBass,-5.899737980171054,8.016850816258634,2.061985256743864
SMB001,smallmouthBass,-12.468446391115883,4.517249772681453,0.31855938407099027
SMB001,smallmouthBass,-3.8802829537345973,12.694453008897899,-0.15924736357614094
SMB001,smallmouthBass,-8.736187249973693,7.999338816976451,3.6503822333651765
SMB001,smallmouthBass,-2.074623609689023,7.3363989912749,6.294617548461123
SMB001,smallmouthBass,-4.803793350403616,5.611483436328505,2.0964527061274705
SMB001,smallmouthBass,-13.76529153335803,4.894573163516672,2.2032664962282036
SMB001,smallmouthBass,-4.832179468264663,7.948262083230958,5.041340449697561
SMB001,smallmouthBass,2.818810737354121,14.544717457550805,0.8836030681285199
SMB001,smallmouthBass,7.008343716809628,15.313163538693987,0.7300509380092844
SMB001,smallmouthBass,-1.7737706944555875,10.263759771573078,9.62250799658175
SMB001,smallmouthBass,-9.077992366432959,6.303036125244378,0.19886883033270653
SMB001,smallmouthBass,-10.550787292095286,5.846768200672126,4.6615115168806565
SMB001,smallmouthBass,-7.535692010288095,6.021783678335773,-0.9624472714670393
SMB001,smallmouthBass,2.9014661296052466,10.163071922487504,0.6174884406372357
SMB001,smallmouthBass,-10.896915432231939,6.446392528417871,4.011338715339833
SMB001,smallmouthBass,-7.6883094822077425,8.95842235677227,3.6321714421290223
SMB001,smallmouthBass,-2.075032686117998,10.506866673446218,1.8311262052976236
SMB001,smallmouthBass,-5.1269264818785,11.09050738169319,1.220287500426726
SMB001,smallmouthBass,-4.269652229348746,7.640358294093137,2.6908567690468237
SMB001,smallmouthBass,0.8180791605610565,11.871163280498255,3.7589466107356238
SMB001,smallmouthBass,4.336229618301587,14.227331677370858,2.8063528831459728
SMB001,smallmouthBass,-4.434644914543124,8.7032884632291,6.334439089411291
SMB001,smallmouthBass,-7.792654102035023,7.647392521460825,0.18914797325981614
SMB001,smallmouthBass,-16.732507054754755,2.698768481498454,0.5606001810192192
SMB001,smallmouthBass,-5.17042866153202,6.644309888181973,4.07912089412472
SMB001,smallmouthBass,-5.006108854085626,9.42865129279959,4.206590751485347
SMB001,smallmouthBass,-5.814404437115964,3.240920607449798,4.122751456545265
SMB001,smallmouthBass,-9.685230462183032,11.347724591982162,2.147270472049266
SMB001,smallmouthBass,-2.1612129365144694,12.833892446172813,-1.4701841643822968
SMB001,smallmouthBass,6.646293089498853,11.926139064650418,-1.0664399056350802
SMB001,smallmouthBass,-0.520341562017883,10.327476166861564,5.160399744457818
SMB001,smallmouthBass,4.666513058764874,12.889460574736765,-0.2001326125140983
SMB001,smallmouthBass,5.276924131032024,11.79325286775691,-0.826200558486163
SMB001,smallmouthBass,-7.3785989696001675,9.69803557203753,3.373857430995148
SMB001,smallmouthBass,-5.201698457954894,6.733666515694777,3.417733903263484
SMB001,smallmouthBass,0.5381162399424525,7.242833901906781,6.12450157709878
SMB001,smallmouthBass,6.2002766995848395,12.67528071620693,-0.591331503063835
SMB001,smallmouthBass,5.529601738850539,15.991192811183911,-0.6190234520097725
SMB001,smallmouthBass,-12.005463026349702,5.988782520297333,1.3538935932685507
SMB001,smallmouthBass,-5.4447028988121255,9.045566638229044,0.9280075738206195
SMB001,smallmouthBass,-2.0557980023028612,12.444079991742948,2.802399693565569
SMB001,smallmouthBass,-10.91291656547083,3.529049375244594,3.296017135693103
SMB001,smallmouthBass,-11.739319197308596,5.445469362323384,0.7432988252370409
SMB001,smallmouthBass,-8.80603493721357,4.687616182351472,3.583755076927721
SMB001,smallmouthBass,2.2092380730467847,12.902505688030363,3.630910419039342
SMB001,smallmouthBass,5.119481034446254,12.789860235392117,-2.6651051694910812
SMB001,smallmouthBass,-3.947032415209219,13.727921856309193,1.4996068924800563
SMB001,smallmouthBass,-6.189010401952026,10.872258507212187,2.77080121324928
SMB001,smallmouthBass,-0.8321533054149942,13.267018504752789,3.248071134626443
SMB001,smallmouthBass,-0.6923615069671782,10.892145228523585,2.0710307723733288
SMB001,smallmouthBass,-2.628141057228823,9.943038742226394,1.6740487241173458
SMB001,smallmouthBass,-4.5796950181808285,12.040725949901653,1.2917761677633897
SMB001,smallmouthBass,-8.078784193803692,9.437613604986208,-2.1562108227422496
SMB001,smallmouthBass,-4.182081356500618,11.3257858771336,0.6590002846690314
SMB001,smallmouthBass,2.548971255123824,13.154474839005413,-3.817926333706288
SMB001,smallmouthBass,6.777777379849537,15.694153427988411,-0.5469064616025638
SMB001,smallmouthBass,-5.347796964412514,8.3490388582649,2.457392080730195
SMB001,smallmouthBass,-4.74214865870983,7.099371195959383,3.775269195193699
SMB001,smallmouthBass,-8.37138471931459,6.092377686229368,6.007486885411652
SMB001,smallmouthBass,-2.766028913397734,11.062362759037997,1.9638895022340024
SMB001,smallmouthBass,-6.245414967862258,6.3437793283374475,4.192884425900467
SMB001,smallmouthBass,0.7196732046803275,12.278397015898422,1.119414267271005
SMB001,smallmouthBass,-4.474579885334412,4.979937323838474,1.3081893228600325
SMB001,smallmouthBass,0.46635351075367115,13.001616037499787,1.9266574389436286
SMB001,smallmouthBass,2.7784200587206884,15.023313316968343,-1.2328801276456076
SMB001,smallmouthBass,-0.9674975261074196,10.011119627662783,2.4668739871245204
SMB001,smallmouthBass,-5.788512878605803,8.91672526160552,-2.2354364412143917
SMB001,smallmouthBass,3.649204393007612,11.940879239830775,3.95672048056294
SMB001,smallmouthBass,-2.1598645314101232,10.086434677427357,0.6178558100321458
SMB001,smallmouthBass,-4.313418158864826,6.000260252584525,3.252193236636841
SMB001,smallmouthBass,-8.27743396381493,6.879497573990973,-4.443768279548551
SMB001,smallmouthBass,-7.697457056558253,3.2364042099919983,-3.0106768482927357
SMB001,smallmouthBass,-4.611857058548511,7.003242771860614,3.811495991274511
SMB001,smallmouthBass,-0.6665004671679187,12.395885801245642,-0.8353507235655182
SMB001,smallmouthBass,-2.9871502344806364,8.77397091972118,0.9047345374162157
SMB001,smallmouthBass,6.315757327578815,15.935258545906008,1.28112418391845
SMB001,smallmouthBass,-11.193948007642934,10.577602069827588,0.5797278995908639
SMB001,smallmouthBass,6.669499354921411,12.43600864462167,-1.6886154218697362
SMB001,smallmouthBass,7.137487671178478,13.748782830868514,-2.6328764670568128
SMB001,smallmouthBass,-0.2812834683067975,13.558628777375597,4.376242813103196
SMB001,smallmouthBass,-2.928666393205157,8.904374557482301,2.501520563633486
SMB001,smallmouthBass,-9.73859516251546,4.442325439857493,1.3324756263213051
SMB001,smallmouthBass,-4.171961951429446,11.542150517586538,0.6863112595385392
SMB001,smallmouthBass,1.0864935987251476,8.793055296273204,3.2881957332853156
SMB001,smallmouthBass,-3.6971251979353092,7.328721361711001,4.550718103831266
SMB001,smallmouthBass,8.953471918578014,21.964929882988997,0.2876413347871766
SMB001,smallmouthBass,-2.6419009622034224,7.3157605904684075,3.169156993265533
SMB001,smallmouthBass,3.6608861251284317,3.3741027029237034,-2.9415843046317667
SMB001,smallmouthBass,-4.546593614832493,8.929502723436945,-0.45804398707850025
SMB001,smallmouthBass,-13.352674181175907,8.200280541265261,0.8078163281710259
SMB001,smallmouthBass,5.543143026381966,12.50456429616303,-0.04449922178640753
SMB001,smallmouthBass,-6.8593398333913544,7.1273962515602225,-0.30188453507475244
SMB001,smallmouthBass,-4.539502647958736,7.7087467577231985,2.098446550049678
SMB001,smallmouthBass,-11.122476019789941,6.189224057341498,0.8142116461392285
SMB001,smallmouthBass,-0.1445560615049133,8.643469370534921,8.290942113901584
SMB001,smallmouthBass,3.5997435759328935,11.651977769832856,5.2346437106431845
SMB001,smallmouthBass,3.1212642844489094,13.780667931511148,3.2065125487182793
SMB001,smallmouthBass,2.30274377230261,13.970312192073868,1.138914967688532
SMB001,smallmouthBass,7.3767996592539635,14.358410551789682,1.8846466016523662
SMB001,smallmouthBass,3.2626004606914174,10.5791191913757,-0.14914960632104846
SMB001,smallmouthBass,-0.08889137241084621,9.468890211196697,-2.1237511215307383
SMB001,smallmouthBass,8.243513987972845,20.944780362239467,0.8821770751867322
SMB001,smallmouthBass,2.105835986276665,7.151164250840853,5.329570926147382
SMB001,smallmouthBass,2.3623665326828482,7.465017529635507,6.405196149599712
SMB001,smallmouthBass,10.942132212675933,15.880603305931336,-1.018427906266392
SMB001,smallmouthBass,3.8829837512059715,16.624565876068775,-0.5090522372648207
SMB001,smallmouthBass,1.0024509768615515,11.000891439817003,3.1898922007177406
SMB001,smallmouthBass,10.08047945051392,20.14112204695593,-0.505994067139863
SMB001,smallmouthBass,1.46836386743628,8.03160320756779,1.1467063413235945
SMB001,smallmouthBass,-0.44030534087046136,4.559061660782053,5.553568595039224
SMB001,smallmouthBass,-4.382621084290139,10.506503717257042,0.49307965528128045
SMB001,smallmouthBass,-8.110955264134306,4.484980943274052,-1.3678682691890036
SMB001,smallmouthBass,7.446549529704182,12.956373124328021,-0.5136074663475279
SMB001,smallmouthBass,-0.886006611545497,11.536810805948786,-2.619593180931936
SMB001,smallmouthBass,3.8102835921030307,13.639248134184184,-2.3738810114976574
SMB001,smallmouthBass,-16.327626923559333,1.1016668725534664,3.0183335873452206
SMB001,smallmouthBass,-9.481010513240193,8.924735877298595,1.5787743086117372
SMB001,smallmouthBass,-12.550568013694786,2.5415463728466277,3.0002409987118366
SMB001,smallmouthBass,-5.557675206871101,5.884376822014732,-2.5301035310042628
SMB001,smallmouthBass,-4.59519637320712,6.584862556791302,-3.3842114142002977
SMB001,smallmouthBass,2.512745359415237,19.818168799635995,-0.1836239392073245
SMB001,smallmouthBass,3.8751454648471477,24.7042371435401,0.05068208351497405
SMB001,smallmouthBass,-4.2468454430803,7.244588702192808,3.0478030764044677
SMB001,smallmouthBass,-5.3646671867865106,7.240956571580304,-0.6376847728516585
SMB001,smallmouthBass,-1.5008288091639743,12.143444949795,1.1561591945767087
SMB001,smallmouthBass,-2.8698344186430527,7.250024124901533,0.3928894076543975
SMB001,smallmouthBass,7.332886180402701,23.593158365231737,1.1559063500570317
SMB001,smallmouthBass,-20.57949772730018,3.729268715905828,1.5378362873836353
SMB001,smallmouthBass,-5.7811758433532425,3.254998011013691,3.4626529029129816
SMB001,smallmouthBass,-9.0863703207693,3.0811658674807316,-0.7568606087755663
SMB001,smallmouthBass,-10.272526749608495,6.711278281342545,-1.1835335541092387
SMB001,smallmouthBass,-2.0303141804022697,9.394041981470359,0.21238348585875533
SMB001,smallmouthBass,-3.38148716993144,6.369124036410785,2.2250142777115514
SMB001,smallmouthBass,-1.697613680816136,10.748681184175851,1.4700590373893279
SMB001,smallmouthBass,-5.089811253217663,9.345260009001755,3.39669370038858
SMB001,smallmouthBass,-10.530798818338418,3.7809688146924554,2.3306806391232997
SMB001,smallmouthBass,-6.989370147272735,8.420321652330129,2.3078174478474325
SMB001,smallmouthBass,-9.355855990317819,6.097394939440264,2.1179544999983695
SMB001,smallmouthBass,-4.980750852280826,9.315748216577408,3.0897359295228006
SMB001,smallmouthBass,-0.7241019885144411,7.967376430406176,-2.674652073998367
SMB001,smallmouthBass,-12.94434012075249,2.0950091583141637,0.6431193854148474
SMB001,smallmouthBass,1.8234635109437716,11.689825441882626,-0.28900485671052456
SMB001,smallmouthBass,0.751572500009881,9.26709678303166,-1.281526526540148
SMB001,smallmouthBass,-10.405490761436571,8.252323738378431,-2.2758586426106113
SMB001,smallmouthBass,-12.760120984543393,6.265150769739496,0.5909092588239722
SMB001,smallmouthBass,-3.399023500136642,11.55033844258714,4.428980905380673
SMB001,smallmouthBass,-0.4754623520105459,13.642380159212664,4.019857466306936
SMB001,smallmouthBass,-3.1933266855997644,7.2971732599263,2.4473359181347236
SMB001,smallmouthBass,-21.145904724060564,5.573664125642143,-2.0088209028952377
SMB001,smallmouthBass,-16.38274782915116,2.825986125512621,-1.8432667745023288
SMB001,smallmouthBass,5.47013005140909,12.267357507888061,-4.0054478057288
SMB001,smallmouthBass,-13.453016539271427,7.539278630033233,-1.9789003890872756
SMB001,smallmouthBass,-8.463440916655772,6.430623804980916,1.4950058621312505
SMB001,smallmouthBass,-7.1668189348446845,4.767678743672284,1.4728975252753307
SMB001,smallmouthBass,-9.869245327427658,4.515481523836995,1.8006364893950395
SMB001,smallmouthBass,-1.361943272072769,12.329460709611435,0.5632846091961039
SMB001,smallmouthBass,-4.749082680705888,10.7180405839601,-1.1727170125654238
SMB001,smallmouthBass,-3.5287551670052943,11.991777964255537,5.472577894471462
SMB001,smallmouthBass,3.193399028957212,17.34271863517967,-0.8197989207317211
SMB001,smallmouthBass,-6.5033261457594636,8.865420553795953,3.7951467628143383
SMB001,smallmouthBass,-11.006798776668337,4.442432825779905,-0.2645107809543133
SMB001,smallmouthBass,-22.449733666830056,1.0320892969411828,-4.742990424835011
SMB001,smallmouthBass,-11.118634355443053,6.715963516790734,0.8966358328580446
SMB001,smallmouthBass,-13.890392060756916,2.5874109008618884,2.725238158586821
SMB001,smallmouthBass,-16.60465867254618,3.001111789569826,0.8268567710528214
SMB001,smallmouthBass,-8.430726311491485,9.223682093224074,3.0803743841047546
SMB001,smallmouthBass,-9.599933642742922,8.736401839396237,-1.6678676498240186
SMB001,smallmouthBass,-12.127384977589628,4.640929856718909,-2.947011869590852
SMB001,smallmouthBass,-9.288335815889893,6.030076059775449,4.7652677375359165
SMB001,smallmouthBass,2.416174458321369,12.86479077519041,2.493776252408103
SMB001,smallmouthBass,-7.378061609225991,6.652831109430058,2.100032296343564
SMB001,smallmouthBass,-15.18718198463279,1.989394392765909,1.7576890816316277
SMB001,smallmouthBass,-6.201329190934185,12.377519736052513,1.0653171261818677
SMB001,smallmouthBass,-2.253165929777622,12.240155325876954,4.133712650834231
SMB001,smallmouthBass,-0.5350782253795496,9.841892726134844,-4.85625146742239
SMB001,smallmouthBass,0.16106140174297368,13.490195760523578,-2.1514259705763275
SMB001,smallmouthBass,8.786569786012171,14.956391211570056,-2.094695372691875
SMB001,smallmouthBass,-5.029771806580321,4.229999069251148,7.511471494651945
SMB001,smallmouthBass,-5.303020252109965,5.094462915624335,1.4931532009189457
SMB001,smallmouthBass,-0.8785774155177594,2.7628800266476583,-0.16875656630719665
SMB001,smallmouthBass,-0.7183870659389631,6.167336011752549,-2.416454966721106
SMB001,smallmouthBass,-9.477677193254019,5.095737137973039,1.3665746324964698
SMB001,smallmouthBass,-1.5368038994542819,15.629987445473205,-3.5206968094578777
SMB001,smallmouthBass,-2.978581014505344,8.334429104324842,4.21497512471398
SMB001,smallmouthBass,0.10544015236407556,5.8567552031009,-1.1255378002247896
SMB001,smallmouthBass,1.2395000914261272,1.3719267704697387,-5.098094332458998
SMB001,smallmouthBass,14.287142028145823,16.32867174695424,-2.5875215547278723
SMB001,smallmouthBass,11.784431122858795,21.26032706657971,-1.7468527393066162
SMB001,smallmouthBass,11.14252558888349,12.68075287591105,-3.8222338585840894
SMB001,smallmouthBass,11.93740528257186,14.770790830939516,-5.1228477094921665
SMB001,smallmouthBass,15.911187332670426,27.159883647506092,2.4153758590401284
SMB001,smallmouthBass,1.8681653000207437,6.818686518182691,1.6787520688818443
SMB001,smallmouthBass,5.8799783240011525,12.44495441804751,0.011007380880723394
SMB001,smallmouthBass,12.000911688234945,13.105396747770804,-4.507433955837931
SMB001,smallmouthBass,5.386586916535529,10.561249719608744,-2.4188237532593293
SMB001,smallmouthBass,10.666798248841229,13.555754190347523,-5.078986377298704
SMB001,smallmouthBass,18.013419481871203,18.884958114412832,-0.08089710704534314
SMB001,smallmouthBass,9.51558299098962,11.430656662374046,1.3291327510270177
SMB001,smallmouthBass,16.033167025701474,16.321744471638922,2.361648084139725
SMB001,smallmouthBass,4.833314082449082,14.381870919268831,3.585020566407043
SMB001,smallmouthBass,17.72328889102633,11.816429135663501,-3.9154591101234377
SMB001,smallmouthBass,14.48307799397771,13.260511331165105,0.4984279076354869
SMB001,smallmouthBass,13.535736857281648,15.84403144675524,3.5017026865103618
SMB001,smallmouthBass,16.74506424436231,15.08206069100883,-1.8503850462457099
SMB001,smallmouthBass,12.585867351702037,11.77919229419796,3.0167259143912544
SMB001,smallmouthBass,20.121161009384863,12.635094280513188,-1.096575840438288
SMB001,smallmouthBass,13.7054022261168,8.61983768419252,-4.305407782295102
SMB001,smallmouthBass,15.884806069059323,12.652148517081455,-2.0080408735687225
SMB001,smallmouthBass,29.412670638052234,20.989994515175788,2.301761787672201
SMB001,smallmouthBass,14.29410678849544,12.773938473278944,0.7590453287373765
SMB001,smallmouthBass,11.687149196149011,13.482770296274655,0.9271916285034068
SMB001,smallmouthBass,16.1395797021385,12.19928105238895,-4.949581515344063
SMB001,smallmouthBass,13.287184838211116,4.2365712626958985,-5.839282008734785
SMB001,smallmouthBass,17.34954000183332,7.584489431034511,0.5361900944060553
SMB001,smallmouthBass,17.909953130502924,9.534460309067098,-1.913551904695412
SMB001,smallmouthBass,15.45472865350732,25.63165018166729,2.0703564943063624
SMB001,smallmouthBass,6.949393189866115,10.542640531565276,-1.797859221091641
SMB001,smallmouthBass,7.467317245772749,-0.4642692646630897,0.8599310033662375
SMB001,smallmouthBass,10.61928384881629,0.39056057181478354,3.8923051380957836
SMB001,smallmouthBass,9.297253094127154,-0.3132798767090669,-1.7089583313334038
SMB001,smallmouthBass,11.749576923350961,1.8806933040203402,-2.522864195130322
SMB001,smallmouthBass,7.806262935655854,-6.559051156086549,1.308264781009709
SMB001,smallmouthBass,10.256222797203513,-1.28761341075545,-0.39494858999993104
SMB001,smallmouthBass,7.749697955560107,-4.806482869743747,0.26133182859864157
SMB001,smallmouthBass,15.310998840376065,1.7817309476278778,-3.8515794244819093
SMB001,smallmouthBass,13.536241589414622,1.2842828316090342,-4.87140030565563
SMB001,smallmouthBass,11.728236072293411,-3.4140132595831685,-0.8014463940842589
SMB001,smallmouthBass,9.756025999546118,-2.6753462480904537,-0.44008139984342143
SMB001,smallmouthBass,6.1478365057176685,-4.006726028028694,-1.1166380494457309
SMB001,smallmouthBass,4.716760128292147,-4.580746570611584,-3.1606940384746554
SMB001,smallmouthBass,16.28632080662862,-1.9232920510286975,-3.702297387675388
SMB001,smallmouthBass,12.901697791372754,-5.7601583357174055,-4.22587508995958
SMB001,smallmouthBass,12.628803234935422,-2.5383110464321303,-1.9699137760230783
SMB001,smallmouthBass,12.161036168486078,3.4856781513036292,-3.356977242162245
SMB001,smallmouthBass,3.0090424376426963,-3.13363159463308,-3.0986860178629665
SMB001,smallmouthBass,8.279122861674123,-2.5325193453136214,-2.1651432806756445
SMB001,smallmouthBass,6.489676772838197,-2.1057934427545097,-0.5721280287991913
SMB001,smallmouthBass,11.327225968907719,-0.5833058574415317,-3.839767292760001
SMB001,smallmouthBass,12.186255279006883,-3.573197174815932,-0.22131135126315182
SMB001,smallmouthBass,13.067383399275984,-1.8746985426690617,-1.5483566543099971
SMB001,smallmouthBass,5.533774426416863,-4.82142293934116,-1.2422329572261646
SMB001,smallmouthBass,12.327279438510526,-2.8376692476357643,-1.6124144450609363
SMB001,smallmouthBass,12.426626017912255,-2.794532318535534,-0.28206317880613396
SMB001,smallmouthBass,5.592267885015914,-5.86253650086889,0.9985423456231834
SMB001,smallmouthBass,15.930848418897176,-4.25340733016056,-3.194410582569877
SMB001,smallmouthBass,16.587023261396617,0.5072264105857367,-5.7013519683274945
SMB001,smallmouthBass,5.815430999276869,-2.3463826129840544,-1.4812817156816704
SMB001,smallmouthBass,6.039419610019091,-1.2786431789270911,-2.3492097652896216
SMB001,smallmouthBass,12.878252497355017,3.0719359396689967,-3.487391042566142
SMB001,smallmouthBass,14.518614404793038,7.074193654476957,3.2066018075462015
SMB001,smallmouthBass,7.4760597643323,-4.367009430882352,-0.9746682570868771
SMB001,smallmouthBass,3.0458186421224367,-6.664375085442238,-1.1408604255144006
SMB001,smallmouthBass,11.083816350799324,-2.263253686231742,0.3371828176009491
SMB001,smallmouthBass,10.53275446461242,-0.6687252692332644,0.25149852811604134
SMB001,smallmouthBass,5.765552721976007,-6.408575169078901,-3.5070781996146
SMB001,smallmouthBass,3.5206560538059115,-6.244767180839788,-5.632163471588777
SMB001,smallmouthBass,7.578490724414197,-3.505748201863569,-3.4479257647067305
SMB001,smallmouthBass,6.541653276041819,12.116826853068098,1.6232151364334588
SMB001,smallmouthBass,8.775943398635953,20.010237672312133,2.4339542393880653
SMB001,smallmouthBass,4.283737753109785,-5.244103156322044,-0.525200331624971
SMB001,smallmouthBass,0.5926086033579366,-7.905270698737575,-0.5407360991778232
SMB001,smallmouthBass,6.204014700599441,-2.524546610928925,-0.5738375791375723
SMB001,smallmouthBass,3.29560898239835,1.8429303635415342,-5.7747743827967835
SMB001,smallmouthBass,2.8144558490755878,-2.342999469736532,-1.2072128044050527
SMB001,smallmouthBass,0.8935728793942064,-3.031584971203065,-0.40395011140060133
SMB001,smallmouthBass,11.065987028388491,-0.43989827716123064,-1.5251881662868891
SMB001,smallmouthBass,18.796202420532047,14.470631674171088,-1.9276386540760058
SMB001,smallmouthBass,18.263924738247592,10.897714087583404,-2.432307811794879
SMB001,smallmouthBass,-1.9637078490546505,-4.829635659486398,-6.543380296580905
SMB001,smallmouthBass,10.993766197599456,2.1420258954772864,-6.598101452980716
SMB001,smallmouthBass,6.729252615928938,6.400615863155101,-1.262389752089895
SMB001,smallmouthBass,11.444833959799375,20.076887078159864,2.2241113036473186
SMB001,smallmouthBass,20.176394499329973,14.677065536754426,-0.20160374458435532
SMB001,smallmouthBass,15.671955322000205,-0.7699684996636933,-4.95874204280126
SMB001,smallmouthBass,8.833934211688062,2.465882521260509,-5.290113861047837
SMB001,smallmouthBass,7.303464658859548,4.460539883918699,-2.0835278094355414
SMB001,smallmouthBass,4.067421396295316,11.377725506492109,0.8829450884116723
SMB001,smallmouthBass,-8.712974764617773,-9.428041736438558,-1.2301904234277397
SMB001,smallmouthBass,-7.70986649504316,-6.01412774279976,-0.4442854587934304
SMB001,smallmouthBass,6.167515029672155,-4.816069634935497,0.08007751225810855
SMB001,smallmouthBass,4.945457694378305,-0.3839778334416345,0.871136441865887
SMB001,smallmouthBass,2.640249397655424,17.00350820020427,0.8349339565674128
SMB001,smallmouthBass,0.1305377115494668,-10.84461528032933,-2.9179310421022135
SMB001,smallmouthBass,8.587318232561284,-5.850637472273693,-4.152836926998695
SMB001,smallmouthBass,10.37300454580831,-0.696147522907623,-1.9148051289685755
SMB001,smallmouthBass,12.704472417899963,11.840529081058575,5.211383981978841
SMB001,smallmouthBass,6.125109734998529,21.80039650175977,0.9689136535596659
SMB001,smallmouthBass,10.816095883778218,-2.9231161552805363,-0.4264654201848671
SMB001,smallmouthBass,11.504366508057508,-2.6305638405332137,-1.0072199129034696
SMB001,smallmouthBass,12.55717331830369,-5.15038182266739,-0.04824266578517644
SMB001,smallmouthBass,11.000912838718534,-0.23529151001369247,-2.939270092976642
SMB001,smallmouthBass,9.338068242665873,-4.5130216537087975,1.6825682785342986
SMB001,smallmouthBass,8.313306044387105,-0.7520771561583811,0.8228193479265683
SMB001,smallmouthBass,7.3611576332089435,-3.477893344484023,0.32413852205474736
SMB001,smallmouthBass,6.59180086273225,-6.257757769527537,-3.568405443485036
SMB001,smallmouthBass,-0.5259094354344029,-2.8678299905585845,-1.1439369884821173
SMB001,smallmouthBass,5.489427083506834,-0.6618566495912379,1.4262406118597513
SMB001,smallmouthBass,5.522261281532298,2.3649359735601125,-4.081296734950089
SMB001,smallmouthBass,15.275725501059636,21.571517819696897,-1.6611070954273468
SMB001,smallmouthBass,5.431298315883338,-2.1836778632959812,2.185590443210004
SMB001,smallmouthBass,3.845019295601994,-5.056379052848839,1.1539995150277678
SMB001,smallmouthBass,6.144220178905643,-0.6540146497865027,0.20640537666104727
SMB001,smallmouthBass,0.7226293004996329,-4.256715614069409,0.17046448998260846
SMB001,smallmouthBass,-0.791701120712993,-9.166584912209164,0.9186574001229236
SMB001,smallmouthBass,0.8050262589345887,9.361712165631502,2.86933295744432
SMB001,smallmouthBass,3.4965412388559685,-0.9914147804654114,-0.4554691575905943
SMB001,smallmouthBass,-0.2761680445782154,-0.7304799796829067,-1.8184068049780082
SMB001,smallmouthBass,-3.2479522711243765,-1.1692304163677716,-1.590600365190771
SMB001,smallmouthBass,4.959932390560361,-1.4303749834396375,-2.571348589594122
SMB001,smallmouthBass,2.7393853756381836,-2.3403103528236353,-2.3321628059951514
SMB001,smallmouthBass,4.875376197766589,-3.3965982090538014,3.2002219419660856
SMB001,smallmouthBass,4.934170660586897,-0.9899538872003723,-0.17803240155262173
SMB001,smallmouthBass,3.0708023751324376,-2.6167759957681587,-0.1914751685374027
SMB001,smallmouthBass,0.6802630201711766,0.2725999651484929,-1.0263160983187216
SMB001,smallmouthBass,-0.015945994015972298,-9.089480801205159,2.5849912403595328
SMB001,smallmouthBass,4.660915085644984,-2.030624391079615,0.6288393255212434
SMB001,smallmouthBass,1.3644965415450159,-2.9706683729249117,0.023477780296117245
SMB001,smallmouthBass,5.414259517488093,-3.599692062453371,-1.0951178741623504
SMB001,smallmouthBass,0.5813740805736889,-6.567413037043909,0.9980546729768279
SMB001,smallmouthBass,-1.7121018658279412,-11.441394983582915,3.04958204474397
SMB001,smallmouthBass,-5.477371927258061,-11.354999519550582,4.7519565058336255
SMB001,smallmouthBass,5.991914475913289,-3.4939860260646443,3.3408407395573865
SMB001,smallmouthBass,1.330677590012264,-1.4924641184030265,-1.0865987836939557
SMB001,smallmouthBass,4.3456591613426925,0.4275627238737981,-0.9756484360789266
SMB001,smallmouthBass,0.25092194937351886,-5.365701694495558,2.7084609651980487
SMB001,smallmouthBass,-2.215167666387699,-0.35277863290551076,2.370798420365799
SMB001,smallmouthBass,-4.820514119456951,-4.025509775067802,2.102837897588614
SMB001,smallmouthBass,0.6685826497194894,-3.096811375702067,0.8046176823780409
SMB001,smallmouthBass,-0.17899590865065818,-7.103748781792577,1.4291192144226161
SMB001,smallmouthBass,2.1035414932590486,-5.201726659920604,3.543338460262739
SMB001,smallmouthBass,-1.1130585401509316,-10.988797903690385,2.7477836306759533
SMB001,smallmouthBass,-7.125565998277301,-9.246131978574915,4.798767392214836
SMB001,smallmouthBass,-0.7877395055718028,-0.5224239391327046,-0.4081035333629984
SMB001,smallmouthBass,1.410861079354576,-1.401819129969661,0.8353425167248699
SMB001,smallmouthBass,-1.192362189767446,0.6551667518818858,-0.8354438825776158
SMB001,smallmouthBass,-0.6794888511478375,-11.806624929305604,0.44587236207840747
SMB001,smallmouthBass,1.4930440377651648,-11.376264651297985,-0.20469297932727565
SMB001,smallmouthBass,-3.641092759148851,-15.950506413582549,-3.6135327443217475
SMB001,smallmouthBass,5.141754067123023,-3.854330116781174,-0.42836724578662877
SMB001,smallmouthBass,1.605485584947925,-3.5333171022371683,0.36550994036250645
SMB001,smallmouthBass,3.037192424741134,-2.0452152486017394,0.5146526337104846
SMB001,smallmouthBass,1.2176321945209958,-9.272796003605785,3.79336129437862
SMB001,smallmouthBass,-6.299735389941375,-9.951704418090355,2.5015578247660244
SMB001,smallmouthBass,-8.847796772333606,-8.018541487016602,-3.0226346771695733
SMB001,smallmouthBass,-0.45014886404640037,-0.8549471825155422,1.7533857116401153
SMB001,smallmouthBass,0.38235854394884783,1.136604072981016,-1.5307795325678097
SMB001,smallmouthBass,-7.439240372099199,-9.326108313823216,-0.48501484731109157
SMB001,smallmouthBass,-12.813914946234572,-10.93487690724548,3.142964317472014
SMB001,smallmouthBass,-12.347342657925502,-11.677029600984053,1.1675867554743649
SMB001,smallmouthBass,-4.533441602106362,-0.6404017305466632,0.8337235523312643
SMB001,smallmouthBass,2.724374931017925,-8.071545392493455,2.0455253481865503
SMB001,smallmouthBass,5.190544291037046,-6.710065851767994,-0.1903209974046327
SMB001,smallmouthBass,3.0081608630128636,-8.484237513157218,-0.17468566570248711
SMB001,smallmouthBass,1.8073368800403151,-11.011914604975003,1.6679126616112745
SMB001,smallmouthBass,-2.1495958004019506,-11.330217795420214,3.5699164179272582
SMB001,smallmouthBass,1.1028172399116807,-11.265864560240423,2.581025253472939
SMB001,smallmouthBass,1.8903586322407109,-5.409278313770155,1.968811787685621
SMB001,smallmouthBass,2.9952634211321225,-9.482964070838921,3.145369218621595
SMB001,smallmouthBass,-1.5906976742754366,-13.36375726036961,5.323099763925043
SMB001,smallmouthBass,-2.8135097844747072,-9.225762196859439,5.254683483400698
SMB001,smallmouthBass,-1.6508359761500375,-8.452351583345969,2.3127536118956096
SMB001,smallmouthBass,0.005473975256593655,-8.700609143311764,2.509952291189202
SMB001,smallmouthBass,-8.311764346754002,-8.991725259879054,-3.0641399918976604
SMB001,smallmouthBass,-5.282142687242541,-10.994964193624517,0.28395081357550084
SMB001,smallmouthBass,-8.946786873690261,-12.044187510552034,3.511141546071994
SMB001,smallmouthBass,-1.6446376404288578,-10.270271307965732,4.186122747632718
SMB001,smallmouthBass,3.40253614776652,-3.807600748320396,0.1720613480627618
SMB001,smallmouthBass,6.517283587173643,-6.560209817862838,2.4789430167567326
SMB001,smallmouthBass,2.8886667895465017,-5.074959668094611,3.4731816734366525
SMB001,smallmouthBass,0.033482951180035636,-3.376088787235164,2.1887482093337676
SMB001,smallmouthBass,-3.590723759691989,-6.05859859461525,-0.48017843423018974
SMB001,smallmouthBass,-3.032274267443721,-5.946431491666663,1.5898160516030722
SMB001,smallmouthBass,-5.50468601371966,-5.073008464356874,2.741027604420967
SMB001,smallmouthBass,-2.6645482502733184,-8.440690264067314,-3.126847463236561
SMB001,smallmouthBass,-1.8271546487550927,-8.985449354432252,4.789447646330229
SMB001,smallmouthBass,-4.043867619100726,-12.49183611412394,-0.013679527877546963
SMB001,smallmouthBass,-4.611432983154368,-11.668105511379517,5.131500483607741
SMB001,smallmouthBass,-1.5331234975244765,-1.609160172477074,-2.4307173991679427
SMB001,smallmouthBass,-0.6307598819806064,-2.7979247040039352,-1.0212685126301633
SMB001,smallmouthBass,-2.054085618028595,-11.315280341588709,3.1520185798082165
SMB001,smallmouthBass,-4.233190011434651,-10.224230533553728,4.680275325122371
SMB001,smallmouthBass,-3.346646988678717,-12.986036553080982,3.668828219737071
SMB001,smallmouthBass,6.210704778683971,-2.579672110859152,-1.6719868033061502
SMB001,smallmouthBass,-1.3686654517844914,-3.4579505415766136,-0.1150008955080688
SMB001,smallmouthBass,-1.9717568985991185,-9.50197942277116,-4.3626127965660535
SMB001,smallmouthBass,0.5913204519627773,-5.309183445820766,-7.482872245158851
SMB001,smallmouthBass,1.408330425314668,-5.245426706165234,-7.439513387769605
SMB001,smallmouthBass,1.4219235196818547,-6.0302261765329055,-7.112456543003809
SMB001,smallmouthBass,3.494180501862147,-8.801090757554375,-4.1934733242893
SMB001,smallmouthBass,0.9492842463116122,-6.305454242776342,-4.709781227238879
SMB001,smallmouthBass,1.8432092876264723,-5.836999876184167,-6.911248025842291
SMB001,smallmouthBass,1.8207447173049163,-7.387074462438574,-2.734432846971584
SMB001,smallmouthBass,0.2004793246779094,-10.740757118156484,-2.868610673251098
SMB001,smallmouthBass,-0.4343995173806286,-8.036040032576983,-5.1063254181865565
SMB001,smallmouthBass,0.6316776139895337,-6.575323279157193,-5.216976476272074
SMB001,smallmouthBass,-2.9499844379198783,-11.274039241173028,8.945131381869519
SMB001,smallmouthBass,-0.11162719277782407,-12.345936225853595,3.743816127142275
SMB001,smallmouthBass,-2.0085030482561206,-9.277783189754102,6.856824775525303
SMB001,smallmouthBass,-4.062041261458494,-7.326066325905418,-3.227872097672251
SMB001,smallmouthBass,-6.491674823152654,-9.394243703505424,7.412642949900795
SMB001,smallmouthBass,-7.8468582573630545,-8.772495631200423,5.011433039315007
SMB001,smallmouthBass,-3.359027627963589,-12.068104613453867,3.8688909626253953
SMB001,smallmouthBass,-1.036057979192035,-11.926739677063269,3.7393700609820293
SMB001,smallmouthBass,2.942192846845896,-3.6062984901298045,-0.26264236459666535
SMB001,smallmouthBass,0.8622894815952151,-3.481306706673306,3.8152030569681723
SMB001,smallmouthBass,-5.142298835403731,-10.495324131643502,0.12823404361702412
SMB001,smallmouthBass,-3.763645079607444,-9.976589951000806,6.656695764719456
SMB001,smallmouthBass,-3.437365257649307,-10.84951662764853,6.673209734384079
SMB001,smallmouthBass,-5.7206500186295575,-8.540791506639684,-3.294870319235751
SMB001,smallmouthBass,0.41787203251387167,-2.3065480716294147,1.9715037778376026
SMB001,smallmouthBass,-2.130413230952965,-8.55746755251866,3.112447933656594
SMB001,smallmouthBass,-7.172167699727739,-12.497059126933747,3.06042027454338
SMB001,smallmouthBass,-1.1111971176401818,-9.725319433261092,2.979620710930224
SMB001,smallmouthBass,8.298901460785725,-3.220212919562515,-4.2103340388443335
SMB001,smallmouthBass,4.4153141468456605,-8.879343479135429,-0.16770480354526993
SMB001,smallmouthBass,4.574277771579572,-5.036329145839071,-1.5633472253277556
SMB001,smallmouthBass,-4.429437742773329,-14.177958536035021,5.586208207508604
SMB001,smallmouthBass,0.9969614093619987,-12.374370021669405,2.118432829667868
SMB001,smallmouthBass,0.6265219185912705,-9.73938109898325,-4.459942994332045
SMB001,smallmouthBass,-1.5180324120039264,-4.240090845754911,-0.3732590809360235
SMB001,smallmouthBass,-1.9085566428053657,-8.490796412708942,1.6736610231365676
SMB001,smallmouthBass,3.906662415828638,-6.553323288599877,-2.146867750237458
SMB001,smallmouthBass,-0.8533112212429724,-10.118270245922353,-2.857938675834383
SMB001,smallmouthBass,-1.171172027175819,-0.752077757694171,4.047681147256396
SMB001,smallmouthBass,4.289192190565575,-2.713883213200185,4.318745208680114
SMB001,smallmouthBass,0.9915320017173321,-9.630771549146191,-3.2941932979251987
SMB001,smallmouthBass,2.8784545100239525,-5.972840311566985,-2.1052226661373146
SMB001,smallmouthBass,-4.2286222176132044,-10.1588441048857,3.449439332440713
SMB001,smallmouthBass,-5.25288918655996,-5.3259712280751295,-2.850665515441786
SMB001,smallmouthBass,-2.583088784437068,-8.829642564829289,4.0006973721725965
SMB001,smallmouthBass,-2.530556498876445,-0.01696179839185183,2.8719217364121015
SMB001,smallmouthBass,-2.776647061598057,-8.040810088473025,-2.058136821592473
SMB001,smallmouthBass,-3.919496365746342,-3.9691980397832816,3.9530397802691115
SMB001,smallmouthBass,-2.7058044272055115,-4.049941685270909,3.6077318657244346
SMB001,smallmouthBass,-4.815999618070838,-1.486370381565419,-0.13254609430172062
SMB001,smallmouthBass,-4.900669439542764,-2.1684368613024025,0.0644718814628116
SMB001,smallmouthBass,-3.8041162235508543,-7.52694383656335,-2.815847440452957
SMB001,smallmouthBass,-1.0309895141454655,-3.218833383228133,-0.04750958667852698
SMB001,smallmouthBass,-1.81302040591589,-3.139628899980594,1.3190519006263925
SMB001,smallmouthBass,-8.560462090412745,-10.99999808812486,5.361681744319851
SMB001,smallmouthBass,-5.496981119120169,-7.2277749654671,4.353962286880132
SMB001,smallmouthBass,-7.252576466894368,-4.419451452484424,-6.157269725731741
SMB001,smallmouthBass,-3.723227389614751,-2.2820012338825215,4.662913728831817
SMB001,smallmouthBass,0.31918633226844795,-8.81263017667043,0.3011215022282107
SMB001,smallmouthBass,-1.1845430367922214,-3.6737985889328044,0.7703495835937535
SMB001,smallmouthBass,-3.3388212277796305,-4.93807936645619,-3.950770128226548
SMB001,smallmouthBass,-3.641606242912122,-9.576564421023845,-2.2372643629849245
SMB001,smallmouthBass,0.5006484245846423,-1.0217928461355612,-0.4474496399473603
SMB001,smallmouthBass,-3.386086491885465,-0.5470610268762003,2.0678565355286307
SMB001,smallmouthBass,-0.6861697388237702,-6.229872383199573,6.4917933232386575
SMB001,smallmouthBass,2.0430249063908352,-8.733824696090052,-3.091811981089025
SMB001,smallmouthBass,-1.131443026249257,-6.9522505933457435,-1.313826247486602
SMB001,smallmouthBass,-6.10833982183515,-2.719351987361061,-1.8103193566189661
SMB001,smallmouthBass,-8.681102489520427,-0.30115956089026,1.7177944203671958
SMB001,smallmouthBass,-6.439881153430671,-3.936351115181216,2.154966647997799
SMB001,smallmouthBass,-6.695994851947956,-4.073463236109833,-0.8108807647062475
SMB001,smallmouthBass,-5.277344635279986,-8.717233273380854,-1.3525598918985902
SMB001,smallmouthBass,-14.7444088147438,-8.228305450391225,-0.08484107879197145
SMB001,smallmouthBass,-12.034541837381662,-7.1909544476266385,-2.7137036193697943
SMB001,smallmouthBass,-8.253616945100632,-6.99099362639037,-3.3217612496602142
SMB001,smallmouthBass,-6.484285091758288,-5.408169374188817,1.5654120007380175
SMB001,smallmouthBass,-2.8122366512677575,-5.1793350702542345,-4.339321734727068
SMB001,smallmouthBass,-0.8767295181285553,-7.330667744876235,-2.244046402788512
SMB001,smallmouthBass,-1.968154429941364,-5.077572083811054,-1.3492231711161802
SMB001,smallmouthBass,-0.09344266481637858,-4.622768870991436,0.13001784781407336
SMB001,smallmouthBass,-4.79544759943511,-1.0275149459719053,-1.0190796285162362
SMB001,smallmouthBass,-2.6051865967504177,-0.8179872097950811,-1.2654354230189693
SMB001,smallmouthBass,1.8505873288532295,8.909530690466216,1.746037497281302
SMB001,smallmouthBass,8.1502433176302,2.5859258610336835,1.3019637808321778
SMB001,smallmouthBass,-1.8162439471738563,-2.912929289756722,3.4822638105521353
SMB001,smallmouthBass,5.08096170631172,-3.718409590250365,-5.733472332736887
SMB001,smallmouthBass,-3.4443300167375996,-2.8035448868900783,-0.10860685946073578
SMB001,smallmouthBass,0.4501463649172674,-4.66222353625552,1.5211537874752825
SMB001,smallmouthBass,-6.275933802311254,-4.5188461715901695,-1.6422618292029496
SMB001,smallmouthBass,2.784454851191227,-5.960777949892463,2.0217988744677564
SMB001,smallmouthBass,1.6506527225488492,-2.1946969771790026,-4.618813339239534
SMB001,smallmouthBass,3.305053893744275,-2.558738717636034,-1.4274686118403397
SMB001,smallmouthBass,-1.2596538854427197,-8.278754843268368,-5.436008515485761
SMB001,smallmouthBass,1.4963755678065476,-10.522137424009395,-4.581315284504099
SMB001,smallmouthBass,-3.469142839471205,-5.849468031170877,5.184017704243703
SMB001,smallmouthBass,1.76479097026177,-2.136704671078106,1.2104827930985744
SMB001,smallmouthBass,-4.119978247507358,-1.2758381256855251,2.4054936072510027
SMB001,smallmouthBass,-3.055068656528441,0.11482733777282439,3.849394531501189
SMB001,smallmouthBass,-0.6477687085933339,-1.3087352278537527,-1.438560669053033
SMB001,smallmouthBass,1.995859111189357,-5.1193365430709115,2.110938097577315
SMB001,smallmouthBass,-0.7697792402520203,-2.4231793243850723,-2.875004925576661
SMB001,smallmouthBass,0.36693837657859435,-5.400626914033602,-2.497994465104946
SMB001,smallmouthBass,-2.430771275344081,-8.39153629257053,-3.8418342222844233
SMB001,smallmouthBass,-0.42869717633918114,-7.55296628873181,-3.099479416759829
SMB001,smallmouthBass,-0.12014604692765429,-4.4403247564192885,2.43361599675712
SMB001,smallmouthBass,-6.84242518674165,-4.5939076437710895,3.8164689816659694
SMB001,smallmouthBass,-3.664227993226835,-3.609535415256856,0.5803977350194485
SMB001,smallmouthBass,1.4000270067965854,-8.971982615780979,-2.3808176221817954
SMB001,smallmouthBass,2.2858276787574674,-10.19292826916985,-2.8151042705676543
SMB001,smallmouthBass,5.2864054734872346,-8.65980375069897,1.509196218773978
SMB001,smallmouthBass,4.748751230502379,-2.223655504678404,-1.4158617014670725
SMB001,smallmouthBass,5.512475947030238,-3.819174205008087,-0.25932396681808
SMB001,smallmouthBass,6.573772069190937,-4.764362727693365,2.439304919174715
SMB001,smallmouthBass,5.782583110445136,-5.9568029610854385,-1.115239240564219
SMB001,smallmouthBass,9.021332034678075,-4.412321906547872,-5.162606493315987
SMB001,smallmouthBass,9.905620074282687,-2.820144561882688,-4.3995127625389685
SMB001,smallmouthBass,10.50868280639553,2.6734383448927166,-4.44096348182107
SMB001,smallmouthBass,10.463516176201304,-2.8760543092757924,-0.8089063280706623
SMB001,smallmouthBass,31.37154853606915,13.948814225177811,-1.5098684679370638
SMB001,smallmouthBass,8.050085372382421,11.77847589699889,-0.30095786658407836
SMB001,smallmouthBass,7.052613351844938,0.3890246379806266,-2.9881218777521026
SMB001,smallmouthBass,7.1290263172335955,-4.658230360250488,-3.861256959419415
SMB001,smallmouthBass,7.7423766973543025,-5.810352256215228,-7.080544891284462
SMB001,smallmouthBass,7.7882579213132725,-8.581635988167672,-3.651353965423022
SMB001,smallmouthBass,13.802022411897436,-2.5339359930384333,3.853195556457373
SMB001,smallmouthBass,7.589695931724824,-4.9586542379277905,-0.42534063296313857
SMB001,smallmouthBass,5.894942843722091,-9.238569170257396,0.31836666513285133
SMB001,smallmouthBass,20.62446509584458,6.531678608584119,-3.167972739215536
SMB001,smallmouthBass,15.261728078311261,-5.299767982421332,-5.9010297665783344
SMB001,smallmouthBass,10.63954132686598,-12.586455976060552,3.077489064873289
SMB001,smallmouthBass,8.800823470857466,-9.502253887279076,2.085539955965648
SMB001,smallmouthBass,10.916126635698214,-13.056710719475044,5.372668196246949
SMB001,smallmouthBass,20.486006772753758,-2.9793951361350897,-2.60368462767558
SMB001,smallmouthBass,12.492996395175984,-10.28758468306669,-5.885526788762874
SMB001,smallmouthBass,18.24083317591073,-9.50426986065475,-0.28432563312810355
SMB001,smallmouthBass,16.328700219363476,-7.512133219019111,3.7931169494397254
SMB001,smallmouthBass,15.03409330389627,-10.556308927932855,5.854615631674665
SMB001,smallmouthBass,9.459282143647835,-15.54451570268713,-0.10282204826947282
SMB001,smallmouthBass,8.290619156989184,-14.106936768186722,7.020318867309353
SMB001,smallmouthBass,11.039707902787466,-12.193707946582716,0.2558655275079545
SMB001,smallmouthBass,12.08866871175529,-11.703216742937698,0.9121754537328104
SMB001,smallmouthBass,12.15778588325816,-13.25067892566159,0.6344356150322462
SMB001,smallmouthBass,12.587889527639312,-5.482880479056748,-4.770589582486054
SMB001,smallmouthBass,22.454925552239434,-2.845075871303049,-5.855430131225982
SMB001,smallmouthBass,11.96534081093316,-12.59995417226591,1.0173289128116778
SMB001,smallmouthBass,10.296236788793834,-8.83703489314524,2.7531755199939196
SMB001,smallmouthBass,13.691079393798011,-5.571593313848092,1.4954611646095133
SMB001,smallmouthBass,8.210981377629768,-11.225001081550271,1.6178927819570208
SMB001,smallmouthBass,11.417503787771725,-7.055901055666327,1.050898575805875
SMB001,smallmouthBass,17.368787508975736,-6.431026577451471,-0.22159516766875287
SMB001,smallmouthBass,9.439721281148445,-15.490367193496152,0.5803293592884029
SMB001,smallmouthBass,11.060218122514886,-11.538135984209832,-1.1667898421772454
SMB001,smallmouthBass,9.972424482154764,-8.888392314619354,-8.029960070540561
SMB001,smallmouthBass,18.94465126335903,-7.268951937414884,-5.494419060965633
SMB001,smallmouthBass,16.25459832122223,-6.889596944520899,0.7430468444163107
SMB001,smallmouthBass,8.317387502200912,-10.261035473433772,1.0675153608519634
SMB001,smallmouthBass,10.704808802473522,-10.67955947854812,4.376864142443747
SMB001,smallmouthBass,15.025952412753773,-7.07631600304117,-5.089410144862343
SMB001,smallmouthBass,13.911389949828324,-7.529947041275684,-6.558320227576814
SMB001,smallmouthBass,12.737048903161156,-10.387457772895468,-1.8600792212957589
SMB001,smallmouthBass,9.310898819482453,-11.943254121467781,7.547709660709056
SMB001,smallmouthBass,7.783613378678797,-10.60356164841338,4.995080735878617
SMB001,smallmouthBass,20.258531788663237,-2.8828959235573595,-7.664303879620372
SMB001,smallmouthBass,10.90037459453811,-6.035798834499099,-5.887021475488337
SMB001,smallmouthBass,12.490303450910101,-12.630410594635846,-0.2894034107973802
SMB001,smallmouthBass,10.956579219086395,-13.448251762347729,0.34487477824668916
SMB001,smallmouthBass,10.894846088025997,-5.098151755115401,-3.898696311832337
SMB001,smallmouthBass,19.51319804025759,-7.006659269738878,-1.9066258923853914
SMB001,smallmouthBass,8.685187860739648,-13.719229320510625,2.9408608834211223
SMB001,smallmouthBass,7.382143667633611,-10.17373427344145,4.308304533644176
SMB001,smallmouthBass,15.098271470615979,-3.4603857738533987,0.6686782029030792
SMB001,smallmouthBass,14.910572640755502,-3.0693480511118785,1.490952613767007
SMB001,smallmouthBass,13.516895688899137,-9.248340250368054,4.20275576813561
SMB001,smallmouthBass,12.614083670275857,-9.750895885959608,3.3356239915702828
SMB001,smallmouthBass,17.5246314094129,-3.5720017260440677,2.159993551922938
SMB001,smallmouthBass,18.362627739887802,-5.876648185329613,-1.9250063288542911
SMB001,smallmouthBass,17.85434006690076,-1.3974233484020577,-2.9408341594416787
SMB001,smallmouthBass,7.996841771913435,-10.231819949773444,0.4112142157565199
SMB001,smallmouthBass,6.157473717020819,-11.594456366530512,3.8712280785622557
SMB001,smallmouthBass,9.25295704340027,-6.342302435907774,1.266578946230473
SMB001,smallmouthBass,11.46885541411959,-0.4907932578691646,-4.8198140121138735
SMB001,smallmouthBass,12.396024281877327,0.5883078173774399,-3.990908034303213
SMB001,smallmouthBass,11.505795174545167,-6.338058861565346,-0.03662158940336613
SMB001,smallmouthBass,10.593161720279113,-8.372522566362857,-2.2449570412033726
SMB001,smallmouthBass,16.59234844607675,-2.7088641450186177,-3.9859263545401746
SMB001,smallmouthBass,17.23120732922973,-8.181866889983363,-2.1932227015271506
SMB001,smallmouthBass,16.352751417545544,-1.8860397027431144,1.71163022664972
SMB001,smallmouthBass,12.201285868456548,-11.958832486399334,2.7355669544440167
SMB001,smallmouthBass,3.1167266522446075,-10.101654126207254,3.3782427896376395
SMB001,smallmouthBass,8.390105623468283,-10.123615564030077,1.4717357990507711
SMB001,smallmouthBass,13.306528326479793,-6.081537073306114,-1.3559892746783473
SMB001,smallmouthBass,12.320931346860053,-8.7162245468912,-1.1575021723777315
SMB001,smallmouthBass,5.991081975799176,-10.651779324766885,2.488613765528769
SMB001,smallmouthBass,3.1753962079563216,-10.24078243718369,5.337864947861797
SMB001,smallmouthBass,14.145863216982644,-1.573239595226515,-7.720253974823039
SMB001,smallmouthBass,5.11410913151165,-11.540717761797934,-1.258510162023971
SMB001,smallmouthBass,12.271035602536816,-3.116886401530687,-1.6072053193208566
SMB001,smallmouthBass,13.31175685845608,-8.633722938000615,1.2712918270025269
SMB001,smallmouthBass,13.182520017785931,-4.0559517243003,-0.06195763132588439
SMB001,smallmouthBass,11.125995509612324,-11.091433658139673,0.10927216759429237
SMB001,smallmouthBass,8.396828659103589,-11.950729112357047,1.6410032520943294
SMB001,smallmouthBass,9.579536795622353,-10.244267609991313,3.896106156128213
SMB001,smallmouthBass,15.327408907797864,-2.309455692523243,0.6541814373736459
SMB001,smallmouthBass,3.524599608063136,-8.174495255474428,-0.8777909222254264
SMB001,smallmouthBass,2.441975772870001,-8.707168339916887,-0.3689869770685587
SMB001,smallmouthBass,12.120018976174128,-4.5179857885410355,1.7143788450227122
SMB001,smallmouthBass,15.3973736233782,-1.6053328433715761,-0.14402688897378302
SMB001,smallmouthBass,17.4242582648572,-4.209081251919507,0.19602275337435315
SMB001,smallmouthBass,10.164233721582601,-4.225504985945971,1.9726821402198573
SMB001,smallmouthBass,6.226956064153741,-9.068234225252382,1.208690181495815
SMB001,smallmouthBass,5.906061635493749,-10.948788373256164,0.39077944311220203
SMB001,smallmouthBass,2.4884541420267254,-9.897819826065398,-5.33199167629371
SMB001,smallmouthBass,11.521548627488977,-0.927209394201914,-1.3194945759457697
SMB001,smallmouthBass,8.3411140992193,-3.524898006619347,0.8940623678052071
SMB001,smallmouthBass,5.969627162061403,-13.44914445893996,4.919917897894165
SMB001,smallmouthBass,3.543551623871034,-11.036932596312367,4.3700613766639735
SMB001,smallmouthBass,3.582615412523228,-10.802311898483435,2.5193583333133547
SMB001,smallmouthBass,14.213442602796484,-6.191932373615758,3.742830902781723
SMB001,smallmouthBass,7.819660403593884,-6.119869632386468,-2.3210537757814955
SMB001,smallmouthBass,7.264071629936927,-6.957452674283177,-0.9519138253576712
SMB001,smallmouthBass,6.162825437925413,-8.229353726999742,0.9944971780157396
SMB001,smallmouthBass,3.8956882914992548,-9.03899323357097,-1.6347198006837473
SMB001,smallmouthBass,11.144317788204647,-4.1199904392963305,-2.6482944492671003
SMB001,smallmouthBass,7.068360947121786,-8.994742976581888,-0.09261867134095308
SMB001,smallmouthBass,4.263256274011027,-11.661193389920655,2.0158505474785047
SMB001,smallmouthBass,-0.4103933666119346,-10.825766457059869,5.574641971688836
SMB001,smallmouthBass,2.970241721213143,-11.074191242659648,2.722615932423924
SMB001,smallmouthBass,4.73579669518157,-11.293085279682296,-3.8167386167172257
SMB001,smallmouthBass,3.241765093341352,-6.318650831129674,-4.2906731375737905
SMB001,smallmouthBass,7.216756855405364,-8.163508784367156,-7.671014289836244
SMB001,smallmouthBass,1.787581260466886,-8.695505171012385,5.27687495427164
SMB001,smallmouthBass,2.2886151086185267,-10.724911552426725,6.570449486693646
SMB001,smallmouthBass,1.80336887773587,-8.831090935136116,4.805831795035895
SMB001,smallmouthBass,16.455717909361454,-2.7688962812478737,-0.011719794202524614
SMB001,smallmouthBass,15.193091243746617,-13.00302490335279,-0.7795607425142598
SMB001,smallmouthBass,10.227079904539846,-8.08347372331667,3.716183821427356
SMB001,smallmouthBass,5.403234890442996,-9.964785256162164,4.870641911834937
SMB001,smallmouthBass,13.91636348335345,-5.961781563617466,-3.4508951676327464
SMB001,smallmouthBass,12.116820433390266,-4.035418777930308,-3.1639265978042506
SMB001,smallmouthBass,6.671684614311142,-12.466904249389266,-0.08479673793906989
SMB001,smallmouthBass,0.9345942150996311,-9.631739410968807,5.984115292108247
SMB001,smallmouthBass,1.0827928643088303,-9.156087242413586,2.7822591400485224
SMB001,smallmouthBass,-0.3046184858764931,-8.321041570930639,3.917019178922386
SMB001,smallmouthBass,1.5981668918189595,-12.934857893496583,-0.687650316816081
SMB001,smallmouthBass,3.040342487010715,-6.23883845517027,-6.3713171962771025
SMB001,smallmouthBass,4.182341669506252,-5.953700266049424,-3.0970523021548995
SMB001,smallmouthBass,1.209027798907226,-6.537291687976037,3.9430484507439445
SMB001,smallmouthBass,-2.6059446747860666,-11.196544633994906,1.2547510686427288
SMB001,smallmouthBass,0.03278204508762303,-9.270535040701455,-4.685709553042132
SMB001,smallmouthBass,4.133145420150148,-4.75985935885737,-1.2890739837104979
SMB001,smallmouthBass,3.8839354727137443,-11.351227792375724,-3.21382464318432
SMB001,smallmouthBass,1.5648648620852699,-10.275700804937305,4.3018378537250825
SMB001,smallmouthBass,3.8900276409693064,-15.366767682358422,5.491049086848173
SMB001,smallmouthBass,-3.877259449026115,-9.306710488962876,-1.2925048791607907
SMB001,smallmouthBass,2.5869091246402722,-2.4227001234086907,1.6912443473354877
SMB001,smallmouthBass,7.165808954029852,-2.583954537216869,1.4829988636488571
SMB001,smallmouthBass,11.339811402787571,-3.88602671492228,1.1459483322743373
SMB001,smallmouthBass,7.166601568826901,-8.690854179936256,-1.849601954103433
SMB001,smallmouthBass,7.867102869921769,-6.6240765110821584,-1.7495359985527221
SMB001,smallmouthBass,6.850931394678748,-4.4973287930139385,1.7984338526489083
SMB001,smallmouthBass,3.139531398104098,-10.386646240488222,3.272016578132526
SMB001,smallmouthBass,1.5877628203165786,-9.047083464401295,4.952755114193653
SMB001,smallmouthBass,-1.3152022810921282,-9.858543838423198,5.738750160449124
SMB001,smallmouthBass,3.5989000979405814,-9.745749058457294,-2.6454037025615955
SMB001,smallmouthBass,5.013024014092641,-8.643966659948322,-2.8406329419536296
SMB001,smallmouthBass,9.72540938669208,-6.615350389467448,-2.5331258005154975
SMB001,smallmouthBass,5.416758663014821,-3.8943635118533115,1.1680845362224794
SMB001,smallmouthBass,3.8794636913562996,-9.388049381951387,-1.6594006942770023
SMB001,smallmouthBass,5.800891907668129,-5.368514589411413,0.19643189034594713
SMB001,smallmouthBass,6.3945281652365935,-8.556359072348073,-2.0432061255777336
SMB001,smallmouthBass,9.72251480328559,-7.0403299309159095,-2.3690158228341116
SMB001,smallmouthBass,8.63744996169451,-8.488709776894272,6.091349730222707
SMB001,smallmouthBass,5.005561063432808,-9.349857720156326,2.0329402669057095
SMB001,smallmouthBass,6.331411751387856,-8.996517643976125,-0.9214344134302503
SMB001,smallmouthBass,-2.175037062429759,-12.386549086851998,-3.0078664991116635
SMB001,smallmouthBass,4.21075616682071,-7.983604190482872,2.7773405321360936
SMB001,smallmouthBass,3.814311583728187,-8.71733501734893,3.099846797864088
SMB001,smallmouthBass,4.815704355834395,-12.495279116491998,3.045963606185753
SMB001,smallmouthBass,6.3164217990766085,-7.2552086226349655,2.1934309519411355
SMB001,smallmouthBass,4.340848471536905,-12.633530287872782,2.842102346067174
SMB001,smallmouthBass,5.261705477865281,-9.941518995863017,0.6397321296995271
SMB001,smallmouthBass,11.75956739743604,-3.039077130313067,-2.4991465444159138
SMB001,smallmouthBass,9.74894319548497,-1.6288334375330562,-0.04251683090901431
SMB001,smallmouthBass,8.436367162506585,-5.903280930715004,-1.355732899014616
SMB001,smallmouthBass,-3.095361821901211,-11.608910494123615,3.403565271866424
SMB001,smallmouthBass,-4.447691144209643,-11.69100618791254,4.599786644725091
SMB001,smallmouthBass,-2.2520736688145147,-11.893181671163054,-1.5728447698766987
SMB001,smallmouthBass,3.552525736118434,-5.726084295150437,-0.8564555850497948
SMB001,smallmouthBass,8.212253542693205,-6.118924699810212,3.396576617867287
SMB001,smallmouthBass,6.944325489733353,-3.4129366983131697,0.43345626055678765
SMB001,smallmouthBass,1.0645849837221335,-7.614227525723587,-1.5714171812265332
SMB001,smallmouthBass,1.0574001521603427,-10.168310206665952,0.6114703897428173
SMB001,smallmouthBass,-6.4298508766961096,-16.748329728069965,0.5593864306318659
SMB001,smallmouthBass,5.230706523425367,-3.35313037986168,-5.493749438191702
SMB001,smallmouthBass,8.134415036774278,0.3451933186456394,-7.311356290203405
SMB001,smallmouthBass,11.404103305148894,-2.8323478038432244,2.0348953111013923
SMB001,smallmouthBass,6.669852370948059,-10.745868402115335,2.8677986907051167
SMB001,smallmouthBass,5.188154348009813,-11.505589644604129,0.25198411891164296
SMB001,smallmouthBass,3.4367381669380497,-12.72852197186608,0.3507054588024085
SMB001,smallmouthBass,5.803146508054523,-9.243086266138636,3.149955774793604
SMB001,smallmouthBass,11.608740656489484,-4.318720010792844,-3.5607854593410666
SMB001,smallmouthBass,12.888361951197577,-3.6707687215401856,-3.9794816242496633
SMB001,smallmouthBass,8.191294485929088,-11.721869016405504,1.684744548177079
SMB001,smallmouthBass,6.751013460424514,-10.484031542102048,2.442093361790378
SMB001,smallmouthBass,7.4856241797176315,-6.662769229252649,-1.9859477048046772
SMB001,smallmouthBass,11.208267449896965,-1.3327653140728837,-2.2449048384920895
SMB001,smallmouthBass,4.302869677665309,-9.871264777761548,-0.6275043465702146
SMB001,smallmouthBass,8.355119086622697,-8.799552304030643,2.2632817576385778
SMB001,smallmouthBass,5.851315598225816,-12.610872126234112,-1.740584061044844
SMB001,smallmouthBass,10.5682093592836,-8.203997907960254,-4.657741997769346
SMB001,smallmouthBass,11.255795094656602,-6.067847662340121,-8.50867605692364
SMB001,smallmouthBass,16.014292256776763,-4.870598211320452,0.48764499674297535
SMB001,smallmouthBass,11.21154513364367,-7.705143185108551,-0.47800005947674795
SMB001,smallmouthBass,10.05835702729405,-7.2237292705186364,3.649656254606161
SMB001,smallmouthBass,11.546887793976474,-9.090940370592222,3.155409159583976
SMB001,smallmouthBass,12.387205112711417,-6.877266972671443,1.7938316705630175
SMB001,smallmouthBass,4.8357741652357165,-12.237405417606016,2.1422088551658836
SMB001,smallmouthBass,13.359437149771502,-8.147971389165624,1.0503724496814657
SMB001,smallmouthBass,10.284109933239113,-10.744999637842193,-2.0451426621202113
SMB001,smallmouthBass,3.666058783537757,-11.942257632511671,3.2472309047196894
SMB001,smallmouthBass,5.938727731914966,-10.713481045813529,3.8203910602117537
SMB001,smallmouthBass,9.337338365087671,-9.257073308364433,5.5263887233768445
SMB001,smallmouthBass,11.914175456003626,-6.809297787339345,4.464611518740349
SMB001,smallmouthBass,14.824653047050255,-7.404403689428147,-3.533987128397757
SMB001,smallmouthBass,11.079376457284347,-9.788950253531562,-3.9828742221863447
SMB001,smallmouthBass,8.554027528983406,-10.254823811100247,4.2426986452246975
SMB001,smallmouthBass,10.633833038041349,-12.940023417683555,3.3879543911478383
SMB001,smallmouthBass,6.447755360842172,-12.619445818947277,-3.0885710971513567
SMB001,smallmouthBass,13.758242422603136,-10.482605770513953,1.3660057225381208
SMB001,smallmouthBass,4.094956083129773,-10.753263165810067,3.617442183679487
SMB001,smallmouthBass,11.77261863147132,-5.626793535958628,1.2688763290692673
SMB001,smallmouthBass,9.503950031098062,-8.108205509754246,2.013075632096493
SMB001,smallmouthBass,7.151891308046152,-11.555256497867,-4.472223013287921
SMB001,smallmouthBass,19.19967418743731,-4.53951616555687,-1.6331898695482026
SMB001,smallmouthBass,12.057064899205164,-10.995173032776965,2.6908555056998
SMB001,smallmouthBass,9.599035042856825,-6.0066370250871595,1.2740352169476172
SMB001,smallmouthBass,7.992382658356009,-7.397585860911762,1.8074325159563405
SMB001,smallmouthBass,9.15547331258051,-9.735730846949236,4.034785753069207
SMB001,smallmouthBass,10.833828009024554,-10.482133321936137,-4.793927828909255
SMB001,smallmouthBass,6.826984746805328,-12.262683731979964,-1.236774525335565
SMB001,smallmouthBass,16.40080382343904,-5.210701556507875,-0.676614932353901
SMB001,smallmouthBass,12.556903184981842,-9.89129190610861,6.044187240579472
SMB001,smallmouthBass,10.82614817930689,-11.075982293899065,5.443387500928055
SMB001,smallmouthBass,13.029271473582646,-13.59966325756481,-5.094764558754197
SMB001,smallmouthBass,13.96510827320271,-7.301501278879611,-6.141704246339432
SMB001,smallmouthBass,8.205186156730182,-11.421257251986244,7.788345601919903
SMB001,smallmouthBass,8.759221303251383,-6.3376399900444484,5.923779557157301
SMB001,smallmouthBass,13.053762767491403,-2.8169176045699826,0.6446008755177474
SMB001,smallmouthBass,9.91018882243786,-5.582071979136721,0.7971098750708829
SMB001,smallmouthBass,12.928508498852626,-8.517266474415953,0.7403232935933532
SMB001,smallmouthBass,10.2919473595497,-8.306286028204307,7.160091767442467
SMB001,smallmouthBass,13.564496209450212,-11.698614797782978,-0.2797346048574981
SMB001,smallmouthBass,11.327072509351849,-9.953962515206946,-0.3527285391968725
SMB001,smallmouthBass,1.1736322462527733,-10.569614350511692,4.403288444770229
SMB001,smallmouthBass,10.728700006868362,-12.291418312192583,2.413961224552306
SMB001,smallmouthBass,7.703119972544755,-12.50292868644297,4.0969471640495305
SMB001,smallmouthBass,6.4623737159684005,-10.551649469633116,4.5384381970825345
SMB001,smallmouthBass,5.651915258703684,-4.398223612715643,-0.5347729659727886
SMB001,smallmouthBass,8.320817504833933,-6.141357249461491,1.9544270683239207
SMB001,smallmouthBass,11.585989742912082,-11.867761186707213,-0.2930973272114239
SMB001,smallmouthBass,15.96958120419086,-11.79936719409234,1.3738277220006598
SMB001,smallmouthBass,17.117138680321794,-2.2557859308129276,-2.872249576275225
SMB001,smallmouthBass,14.516301331808835,-7.516646535451783,-0.40891561435213264
SMB001,smallmouthBass,9.753532081103252,-9.424230959205882,4.081209171431395
SMB001,smallmouthBass,7.728116367640766,-12.533989771801878,7.39275383488667
SMB001,smallmouthBass,9.906909807378671,-5.538686719930893,1.6018284291930307
SMB001,smallmouthBass,5.454371545303904,-8.703694940739442,-0.3673442503621668
SMB001,smallmouthBass,12.086998223039355,-8.334632806857211,2.673617287119748
SMB001,smallmouthBass,9.932633148038683,-10.375636606357196,0.3518441528239056
SMB001,smallmouthBass,7.821954765620829,-7.685602565231979,0.8354454123519696
SMB001,smallmouthBass,9.307368273387585,-7.067326501133116,-1.3454371943007772
SMB001,smallmouthBass,9.614714275027469,-6.012998583487802,1.9097173265363705
SMB001,smallmouthBass,15.053187490133217,-5.825955118012012,-2.5976634430765246
SMB001,smallmouthBass,12.516937053399467,-4.957551211306387,-5.402155566205614
SMB001,smallmouthBass,8.852906509889344,-10.325858694785989,-2.7126609881912453
SMB001,smallmouthBass,10.672016224916696,-4.2398251016410216,1.1975273016944221
SMB001,smallmouthBass,9.03340762448204,-13.17331621257027,4.162853015115607
SMB001,smallmouthBass,8.039947107407478,-12.149772582889254,-3.7313665919058767
SMB001,smallmouthBass,13.639722768752524,-0.6533779780626334,0.3532444551063146
SMB001,smallmouthBass,14.933136860603016,-1.21317282124022,0.3101939109591444
SMB001,smallmouthBass,15.417223040158465,-4.8348408122648525,0.30748625166285815
SMB001,smallmouthBass,15.098066554699122,-9.102077859386753,0.14192018217587543
SMB001,smallmouthBass,11.826087061517594,-13.630303305220046,3.7765321345678324
SMB001,smallmouthBass,13.689188608065926,-9.112747762087633,-5.672381895249762
SMB001,smallmouthBass,10.476567591182498,-5.37324978383828,-0.5801141379326572
SMB001,smallmouthBass,9.359086152326748,-10.328054469266052,2.761699705673456
SMB001,smallmouthBass,7.717823983191187,-9.739636460543233,2.6922392385874225
SMB001,smallmouthBass,9.227128619955257,-7.774351365654338,3.2406010943886208
SMB001,smallmouthBass,6.183911636600463,-8.55755283197522,3.484313084963693
SMB001,smallmouthBass,16.19163966165013,-10.103198920510652,0.6080988975620127
SMB001,smallmouthBass,14.484590271229845,-8.25359970459783,-6.51078998023224
SMB001,smallmouthBass,6.498470478039864,-9.066273570441822,1.7232729857354896
SMB001,smallmouthBass,6.56383908674716,-11.425701190937353,4.216802764714425
SMB001,smallmouthBass,9.205864765349673,-10.224151943022921,-2.422642501513814
SMB001,smallmouthBass,8.90543387452894,-8.421951370009095,3.6899700587069
SMB001,smallmouthBass,10.95530114909846,-10.643149006197227,2.416953149669952
SMB001,smallmouthBass,11.002336485994457,-9.478367846249691,2.2365244821567245
SMB001,smallmouthBass,8.20219130558259,-12.904697471425232,3.0600238545353537
SMB001,smallmouthBass,7.592206565833399,-11.897386873806555,6.553523600197861
SMB001,smallmouthBass,7.66114499069608,-12.039978892457759,-2.9527264542231557
SMB001,smallmouthBass,6.830574259536147,-11.90361265408973,-0.3809158867412754
SMB001,smallmouthBass,6.029341097275902,-6.904822434247362,2.606887189743719
SMB001,smallmouthBass,6.4503528195507265,-9.616345444609452,1.432653510076105
SMB001,smallmouthBass,8.543916608797655,-5.68302445622504,2.231793747700705
SMB001,smallmouthBass,10.649140141196881,-6.35415676133409,3.614462255905208
SMB001,smallmouthBass,13.969903189445636,-9.205284478069153,0.8339871407918672
SMB001,smallmouthBass,9.493778870002807,-5.404208509205684,1.2158674518828883
SMB001,smallmouthBass,8.14025365405274,-12.461099998736703,4.461308921474018
SMB001,smallmouthBass,6.774760143130951,-13.873795038717056,1.2135486213302753
SMB001,smallmouthBass,2.168464050173605,-11.054371663273232,5.445252935662854
SMB001,smallmouthBass,9.652094089052733,-6.943121684286633,0.4713741513973906
SMB001,smallmouthBass,11.40955144715423,-10.74560005164006,0.3350488147500986
SMB001,smallmouthBass,11.52508596720011,-9.985820930858068,7.0333386486265645
SMB001,smallmouthBass,12.274411807562457,-12.676563132852612,0.8993759103183092
SMB001,smallmouthBass,16.154925018333987,-10.205895575938612,-3.305698924630099
SMB001,smallmouthBass,10.119647953462326,-12.06535115057131,4.563301300918152
SMB001,smallmouthBass,9.53445666613161,-11.2711627669905,4.458837973997917
SMB001,smallmouthBass,3.469516075283021,-13.92007924191603,8.275466571131306
SMB001,smallmouthBass,6.0226408247905345,-10.185206504717115,2.8338375285484902
SMB001,smallmouthBass,7.318942142130198,-6.499712534828721,2.239123356342356
SMB001,smallmouthBass,6.91630681914479,-9.412703690120392,1.0257474110822689
SMB001,smallmouthBass,10.465426188124333,-11.949990045136483,0.7444955291825712
SMB001,smallmouthBass,10.132634911745134,-9.409943255653646,3.164712283518261
SMB001,smallmouthBass,12.291754125611423,-7.757854401515056,0.24341904960051686
SMB001,smallmouthBass,12.205482227816276,-3.8720822103235255,-2.808262274817127
SMB001,smallmouthBass,6.652185603759113,-14.226974364942105,2.879781176147156
SMB001,smallmouthBass,6.561252874233693,-7.758959029842883,7.185697279112399
SMB001,smallmouthBass,9.136619066061117,-6.872058255043872,0.9933226874461047
SMB001,smallmouthBass,12.837958339025347,-7.387900841520885,-2.4926367500884052
SMB001,smallmouthBass,15.648272625031357,-6.375667472701598,-6.81598172847075
SMB001,smallmouthBass,13.216970370749019,-11.059222456951849,1.9194613307086614
SMB001,smallmouthBass,8.446126402733174,-9.198477012947928,4.831803388460646
SMB001,smallmouthBass,12.117923541865478,-6.63975583328405,2.791465475410445
SMB001,smallmouthBass,5.52580111859356,-6.548297534375474,3.71802311983848
SMB001,smallmouthBass,7.034798080999106,-12.135186620627273,2.1629571401703864
SMB001,smallmouthBass,7.334619970123505,-8.359556514805902,-5.347059334950629
SMB001,smallmouthBass,12.092638602308163,-8.605465129404942,-3.7126897544061945
SMB001,smallmouthBass,13.76739259488605,-8.450636019331991,2.6685639008715922
SMB001,smallmouthBass,9.965586945328358,-10.27241127377283,6.489767726310703
SMB001,smallmouthBass,3.770673282928174,-9.246631051868672,4.738977787862002
SMB001,smallmouthBass,-1.3156772177817302,-15.044044678239118,5.91318580818552
SMB001,smallmouthBass,-1.2590940380482123,-10.052562612665731,0.1619011310897251
SMB001,smallmouthBass,3.9856380678668604,-9.329962836472907,-1.4340042509200548
SMB001,smallmouthBass,8.74287689013904,-10.314580919764634,1.1156092818289247
SMB001,smallmouthBass,6.063889558502737,-9.791897924408412,6.85432118778221
SMB001,smallmouthBass,4.896849220556678,-8.09975850844573,3.38581216781975
SMB001,smallmouthBass,4.6781707187827655,-5.4558362779532565,-1.2987705487133274
SMB001,smallmouthBass,4.150837256614852,-5.062509563696674,-1.6458907787511747
SMB001,smallmouthBass,2.0417622900693804,-6.5289483893742135,4.160625039763568
SMB001,smallmouthBass,3.948234564421559,-10.151856949977201,-2.2746102314075562
SMB001,smallmouthBass,5.757872476059914,-9.39876370733022,0.39990931814980923
SMB001,smallmouthBass,1.3788972271611855,-7.91347296137171,-5.3411064669405075
SMB001,smallmouthBass,8.005968874886118,-11.027172698005808,-3.0941953223849477
SMB001,smallmouthBass,6.675747138963175,-4.40326736503971,0.26789705108270934
SMB001,smallmouthBass,6.471144277568513,-7.736338120898079,-2.1705128103811413
SMB001,smallmouthBass,5.325729459512726,-7.463347363382615,-0.45607449724857096
SMB001,smallmouthBass,5.59768730506803,-8.971092916483794,-4.052584008749055
SMB001,smallmouthBass,5.743761700026151,-9.609363047771819,-2.4401787194603837
SMB001,smallmouthBass,4.317701331640009,-11.646353171920696,4.523394902410881
SMB001,smallmouthBass,6.811687038225789,-11.39874021503672,4.482141795400663
SMB001,smallmouthBass,5.330940602586862,-11.213794442722545,3.2554183667719374
SMB001,smallmouthBass,11.285611471562282,-5.102904492024627,-0.408903908294589
SMB001,smallmouthBass,8.476169081730273,-7.14428973636843,-5.051860448416763
SMB001,smallmouthBass,3.9802900246676725,-13.169827961616619,2.7659225624045805
SMB001,smallmouthBass,3.5386729280847833,-11.415614897550245,0.443662311922153
SMB001,smallmouthBass,9.025070732476781,-13.606637123674549,-3.2257990790554634
SMB001,smallmouthBass,7.961291381289913,-6.743331577768741,1.279385778276729
SMB001,smallmouthBass,11.811493678772376,-9.599427644943335,0.36013824041877596
SMB001,smallmouthBass,9.459761363085368,-9.673450602849826,1.1321774875035446
SMB001,smallmouthBass,7.032027352133044,-11.671583083502284,8.273651273020207
SMB001,smallmouthBass,4.479607158730044,-11.040114520164352,3.1794422097428394
SMB001,smallmouthBass,-1.2097590175491426,-10.604673976197404,4.007019061528081
SMB001,smallmouthBass,-1.7382343547927703,-10.156264414086126,5.641158211864652
SMB001,smallmouthBass,5.574774645242243,-10.232147214621213,4.828367834978716
SMB001,smallmouthBass,6.90209797718097,-9.096334104348937,2.8346388306592742
SMB001,smallmouthBass,2.183415453810766,-12.186619748544752,7.407994759169071
SMB001,smallmouthBass,4.641693602316344,-13.024569008372408,4.647572027288287
SMB001,smallmouthBass,3.6536686121039246,-9.980459588786779,1.7339288434280078
SMB001,smallmouthBass,1.3397215098636877,-10.190438146980545,5.03012060320546
SMB001,smallmouthBass,1.6302090900330248,-13.344559929899669,3.8645322585631248
SMB001,smallmouthBass,3.718142998493928,-12.025607952941584,2.9960577107827437
SMB001,smallmouthBass,-2.734971468568333,-12.027378006509087,3.738958460738961
SMB001,smallmouthBass,-6.866706445116803,-11.770590373432876,5.210559881904204
SMB001,smallmouthBass,-9.291162292672968,-12.783541863235557,5.941933203895571
SMB001,smallmouthBass,-2.9897631422864497,-13.65898717755075,4.501035486528723
SMB001,smallmouthBass,5.904446171565786,-7.148853816075219,-0.9769923571283177
SMB001,smallmouthBass,4.909266014816124,-1.8801444209314382,1.5921747792304175
SMB001,smallmouthBass,-0.375690647913283,-4.397739156914484,-1.1702075525131137
SMB001,smallmouthBass,1.1913338186420148,-8.730499365871962,-5.998859696314803
SMB001,smallmouthBass,-6.918449327786117,-17.301476380091444,0.03558604107884397
SMB001,smallmouthBass,2.545413054600255,-5.906944282025804,-0.19736809896102697
SMB001,smallmouthBass,9.883675926286847,-1.269866216493784,0.3885084579618271
SMB001,smallmouthBass,10.288918540630592,-1.3012674723670234,0.777269186795077
SMB001,smallmouthBass,11.059479166970121,-2.322122734553975,-2.340469365222129
SMB001,smallmouthBass,5.700502906007912,-9.668068095356945,-5.86302174942321
SMB001,smallmouthBass,4.20803313647506,-10.820482920466274,1.58410712137379
SMB001,smallmouthBass,6.667587251652396,-4.617137756799793,2.3177259916472885
SMB001,smallmouthBass,-2.0160142315508933,-7.545241198400496,2.0157369823331153
SMB001,smallmouthBass,6.537287424733842,-9.647336473749919,-0.6477636291900848
SMB001,smallmouthBass,10.367900107817043,-4.718780288253641,-2.1017738181513868
SMB001,smallmouthBass,13.730008580101345,-3.239593864247521,-3.943301394362865
SMB001,smallmouthBass,8.62164599454146,-7.858851046173918,-2.3543105575615257
SMB001,smallmouthBass,5.695153669426121,-9.68695411238722,-6.843641524656155
SMB001,smallmouthBass,4.587271465005522,-4.856674129756723,2.227128122778464
SMB001,smallmouthBass,5.080316431930547,-3.11960039666682,-1.3572965874094238
SMB001,smallmouthBass,5.938108570768993,-6.853398665900574,-2.338869137438885
SMB001,smallmouthBass,8.513328800771205,-14.088311116538012,5.012253667341361
SMB001,smallmouthBass,5.4217995025142445,-9.827802808880016,4.692625691579835
SMB001,smallmouthBass,6.782911876626514,-12.304251198604149,6.499624833913702
SMB001,smallmouthBass,9.882508026043332,-7.4891715436463056,-0.12116393204420611
SMB001,smallmouthBass,10.662453751389915,-6.729377302223268,-2.9429924277398336
SMB001,smallmouthBass,10.822929477770954,-7.921021052300849,-5.31208764727701
SMB001,smallmouthBass,4.51104348773133,-9.424753144972378,1.9687107404221282
SMB001,smallmouthBass,5.901702737080434,-9.706201440026248,2.758781246579081
SMB001,smallmouthBass,5.463515358526282,-9.901125673306893,3.065052129301216
SMB001,smallmouthBass,9.147199829887878,-9.573136422451114,7.705327157760021
SMB001,smallmouthBass,7.873977071402926,-10.608873954008553,-3.424090744489278
SMB001,smallmouthBass,12.88857418811319,-10.057849168683216,-3.551081082355986
SMB001,smallmouthBass,15.03085348548121,-7.769109658383071,-1.3554480132421465
SMB001,smallmouthBass,12.283771612721297,-8.282753677237544,5.31762329849298
SMB001,smallmouthBass,9.09628343598099,-13.289401199191161,-2.895338299205546
SMB001,smallmouthBass,10.649635055969465,-8.237756611129779,0.22763475705797198
SMB001,smallmouthBass,12.799592997709581,-10.213564783799386,0.6390189754433281
SMB001,smallmouthBass,7.121118018164143,-11.54519348571591,4.64213097928471
SMB001,smallmouthBass,8.539126792518557,-10.34933920584164,4.704852088993309
SMB001,smallmouthBass,10.546262000335737,-15.773127868228096,3.27787073258858
SMB001,smallmouthBass,8.65935908289846,-12.528483104915543,3.3911823782842987
SMB001,smallmouthBass,10.040737295720639,-7.251885310585325,1.2142059954314406
SMB001,smallmouthBass,5.895982424136919,-9.786647646397522,0.8403812493033368
SMB001,smallmouthBass,5.065729073272022,-14.06393324161282,4.996507224309076
SMB001,smallmouthBass,5.454323062838006,-13.074407283461404,3.8856765083642966
SMB001,smallmouthBass,14.507646115777462,-5.22997902524616,0.6765875168129907
SMB001,smallmouthBass,12.479282333000878,-2.3483378833843505,-1.4288414145070412
SMB001,smallmouthBass,6.483272707133643,-2.8806828382530787,-0.9629067975723911
SMB001,smallmouthBass,0.48529472588354183,-10.291827405843916,-2.818436941529951
SMB001,smallmouthBass,4.74822831772482,-11.240176204377368,-0.30430783549904694
SMB001,smallmouthBass,11.319079134966756,2.432473500171061,-0.9313442091997566
SMB001,smallmouthBass,16.23260835568476,-6.828968533084036,-2.361781346888563
SMB001,smallmouthBass,24.269794046574393,-2.374483696410554,-0.4445525981026751
SMB001,smallmouthBass,9.10334796047621,-9.711277508277886,1.7285706928656235
SMB001,smallmouthBass,2.9395258225876866,-7.541340428570001,3.7000760456468385
SMB001,smallmouthBass,3.2244798940921675,-8.391294171468491,2.072577536103502
SMB001,smallmouthBass,4.681963686049998,-8.110930531768076,-1.8260220194345576
SMB001,smallmouthBass,10.770901220124177,-3.9587601866876985,-2.082172626674765
SMB001,smallmouthBass,15.765391136932852,-4.423604717146095,-3.1574368352398685
SMB001,smallmouthBass,9.038188995447115,-9.332122216584319,-3.2524263075237636
SMB001,smallmouthBass,5.521919616439783,-12.074861593968231,-4.447872299154616
SMB001,smallmouthBass,2.733845823965989,-8.469127452269973,-3.848686787008405
SMB001,smallmouthBass,0.839132660803063,-5.031622177865681,2.3547930375972315
SMB001,smallmouthBass,4.938903686417622,-1.9164712282245233,-3.5602598015941678
SMB001,smallmouthBass,6.6147082989111174,-0.903729191584373,0.984336834791105
SMB001,smallmouthBass,7.733343621406823,-6.492370234850031,-2.165952632665154
SMB001,smallmouthBass,7.193052720571168,-10.568444354095366,0.023587827113805526
SMB001,smallmouthBass,10.937466906493693,-6.216286278645803,-1.3384080409676777
SMB001,smallmouthBass,8.242048235477293,-9.752714564434397,-4.355347984340933
SMB001,smallmouthBass,6.796670295975723,-11.565217447943066,-4.677913583127615
SMB001,smallmouthBass,8.060645834645435,-6.969453888974996,-4.347253386398585
SMB001,smallmouthBass,8.759507255315842,-9.542139797443593,2.0836814625400844
SMB001,smallmouthBass,2.4934295805808757,-12.362731634735301,8.587582375525674
SMB001,smallmouthBass,4.004055999553776,-9.149049288835004,4.512374579579708
SMB001,smallmouthBass,8.84747539757381,-7.620293607918443,-6.294466942346701
SMB001,smallmouthBass,8.960855477858463,-7.535439212448114,-9.129878105597129
SMB001,smallmouthBass,9.715316414007784,-7.7364138605386366,-2.7873618386287493
SMB001,smallmouthBass,3.0377876070438945,-14.59254633411048,0.5432864917719445
SMB001,smallmouthBass,0.028791207604162317,-14.203391134965152,6.044795617573956
SMB001,smallmouthBass,2.2563951538994482,-13.888837538269103,3.340499178651636
SMB001,smallmouthBass,7.090960833057876,-4.511332281819316,-1.8295145144089833
SMB001,smallmouthBass,4.563183757549226,-3.467326848529577,2.202576511307957
SMB001,smallmouthBass,6.166244826611496,-1.9002198871359042,2.214736697259699
SMB001,smallmouthBass,6.638180659004316,-2.635282747735029,-0.32294662257895246
SMB001,smallmouthBass,1.3542320121016909,-8.074677765074798,-1.840400644378354
SMB001,smallmouthBass,-0.7002108215680143,-8.715943348373472,-2.4173950203201335
SMB001,smallmouthBass,-0.9293953207583099,-2.800006530048928,-0.35423662869115385
SMB001,smallmouthBass,-2.909451954857257,-4.403230452909959,1.2652682692485775
SMB001,smallmouthBass,0.6294761783273236,-4.4438446726333884,-5.937487325406161
SMB001,smallmouthBass,4.828421781830492,-3.054646058046018,-7.058073859383804
SMB001,smallmouthBass,5.394706556833105,-3.3010352092299837,-0.35654056413032925
SMB001,smallmouthBass,1.1834512046907157,-4.747780780193457,1.3934386540289105
SMB001,smallmouthBass,17.827079583950635,12.960181637272937,-1.9844528579129428
SMB001,smallmouthBass,-2.19270267772605,-6.270489677423072,1.1984014117508983
SMB001,smallmouthBass,-5.55547746805299,-3.4708442108197275,-5.778288979364848
SMB001,smallmouthBass,-5.351688698978023,-3.6138468089798876,-4.376090912902081
SMB001,smallmouthBass,0.5170598315667237,-3.873885567165469,1.1328115291019552
SMB001,smallmouthBass,1.0196371699416054,-2.908214624225432,0.19363575669844157
SMB001,smallmouthBass,4.529014722877719,-3.4457792861185097,0.07830109123259715
SMB001,smallmouthBass,4.392366858205689,-3.3289634127045615,1.9482008192386
SMB001,smallmouthBass,-0.07291011199697173,-6.937765403629282,-1.9328250173373982
SMB001,smallmouthBass,-0.20462780455911656,-0.2595128848297149,-1.9056868024176512
SMB001,smallmouthBass,-4.302616707573745,-6.356738562531024,-1.14771441986584
SMB001,smallmouthBass,-1.188884974365116,-7.4282976700697905,0.767591266100976
SMB001,smallmouthBass,2.0792017040652073,-7.251620152368213,-0.071778489721075
SMB001,smallmouthBass,5.833246879207178,-4.158563582583594,-1.8262426826780502
SMB001,smallmouthBass,11.69513990686847,-1.3783076098046614,-8.181145783287018
SMB001,smallmouthBass,1.33445388471137,-7.648989417913735,-9.07507682684367
SMB001,smallmouthBass,-10.930212522966528,-7.067078105490279,-3.0913041196883415
SMB001,smallmouthBass,-16.885967432698934,-12.581508597429353,-1.9360521461843254
SMB001,smallmouthBass,-10.705455978837232,-15.391357508245306,0.9058803082121213
SMB001,smallmouthBass,-1.8983431986037973,-2.4807519839630348,-1.5939917020257497
SMB001,smallmouthBass,-0.1689450103185501,-3.6037595951576114,1.5199905029156064
SMB001,smallmouthBass,0.049625353641678305,-2.0698405118671146,-4.454914100402442
SMB001,smallmouthBass,-1.2466839094734974,-0.73606564243526,-3.305276277182376
SMB001,smallmouthBass,-8.296453205310492,-2.5355808701652727,3.5881607780747067
SMB001,smallmouthBass,-15.569399524375546,-4.938280703090068,2.2305181282292663
SMB001,smallmouthBass,-4.049976517660443,-3.2079604340586547,-6.655618569805829
SMB001,smallmouthBass,-1.6185484953711247,-2.6335620378832596,-7.345461500486684
SMB001,smallmouthBass,-8.023375831103989,-6.081581677922707,-5.8915115388093895
SMB001,smallmouthBass,-6.376511528955293,-5.369628868964136,-4.979020159221107
SMB001,smallmouthBass,-3.9088195083634574,-3.237964848530262,-4.96145489643377
SMB001,smallmouthBass,-4.307397240678529,-1.9640768822697947,-5.41312309029264
SMB001,smallmouthBass,-2.2430085350273283,-3.691433568214398,0.8597920714398644
SMB001,smallmouthBass,-5.490712016296792,-1.7840704172099975,-0.22250207789833398
SMB001,smallmouthBass,1.9908331089262408,-2.8730514818399384,-4.696494125225381
SMB001,smallmouthBass,1.7473183093749278,-7.043722612353668,-4.558824028268378
SMB001,smallmouthBass,2.6863325815990455,-8.12326862898155,-1.6666938042759527
SMB001,smallmouthBass,2.9808302742274213,-6.449093522608072,-3.0327117564477284
SMB001,smallmouthBass,1.0913623166499407,-8.897423461475972,-4.001382472663183
SMB001,smallmouthBass,-1.3741000387399291,-5.21915469114009,-8.185002352486084
SMB001,smallmouthBass,-2.7780303579869914,-5.641514224464507,-4.019698949854891
SMB001,smallmouthBass,-6.826251527093918,-7.552484962786004,1.0448348590456815
SMB001,smallmouthBass,-8.647880908348696,-8.215654808966017,3.7357178259993296
SMB001,smallmouthBass,-4.894611192109857,-8.167690418897227,-0.18272612317674083
SMB001,smallmouthBass,-8.480158013512373,-3.7061465481337157,-7.67770152299739
SMB001,smallmouthBass,-6.202954139887966,-7.287522014480499,-2.01187649947172
SMB001,smallmouthBass,0.6682728659702903,-4.2839253545657305,1.1990996270955225
SMB001,smallmouthBass,2.489535857112142,-3.0101029098787953,1.7799474985253798
SMB001,smallmouthBass,-6.186190652464932,-1.4669568913428366,-0.6420754966745508
SMB001,smallmouthBass,-6.4777921939543806,0.953794028803491,-2.3805893753179084
SMB001,smallmouthBass,-7.840277892607244,0.00917691970226829,-0.7618953306132933
SMB001,smallmouthBass,-5.3224016841898285,-1.2134119127488696,-2.434766665021039
SMB001,smallmouthBass,2.4005308228169433,7.101812164820813,-5.88526910690354
SMB001,smallmouthBass,-2.0195077513785415,-4.866202013882716,-3.8205926277108997
SMB001,smallmouthBass,0.7949487502932333,0.25503054372654377,-2.8094396794972325
SMB001,smallmouthBass,-1.5737352766600854,-2.809333119704397,-3.2673018548447383
SMB001,smallmouthBass,-4.309705196167629,-1.383817695824344,-6.96243423463166
SMB001,smallmouthBass,0.6120798333297369,6.208063472246726,-0.5687332763320279
SMB001,smallmouthBass,5.689793570656086,18.31955354525255,1.7029644211768067
SMB001,smallmouthBass,-0.5068310959323031,-4.812918663235232,-5.602116743749193
SMB001,smallmouthBass,3.22015723314368,-1.095989748679989,-7.524779164853318
SMB001,smallmouthBass,-3.562591431918557,-1.7005724332661112,-7.318313311117038
SMB001,smallmouthBass,-9.32774272779064,-1.187730793728717,-4.7056540798710795
SMB001,smallmouthBass,-0.6126954276572465,-4.292482772041476,0.05817914465171205
SMB001,smallmouthBass,5.723395037688082,3.649470487797692,-2.245482493264133
SMB001,smallmouthBass,0.03061022354035181,-2.4365936989378993,-0.046809314812468625
SMB001,smallmouthBass,-0.12431145601237052,-5.429196410442426,0.8109030916653076
SMB001,smallmouthBass,-2.4914547772397064,-3.5351469695137356,-1.5750536572225033
SMB001,smallmouthBass,-9.084148999300023,-4.509645405521919,-6.722207539056183
SMB001,smallmouthBass,-3.8332510247069767,-5.72016429478465,0.45551384440385817
SMB001,smallmouthBass,0.4324080814397241,-5.392548250287686,-0.6828121367184354
SMB001,smallmouthBass,-0.15604602065603945,-6.732914685011783,-3.06008908759755
SMB001,smallmouthBass,-2.9297422775935504,-3.5729546978268134,-1.515838095208253
SMB001,smallmouthBass,-5.682319169059861,-1.6606157620594861,-5.757648676197583
SMB001,smallmouthBass,-3.899140048553772,-2.9462895663429842,-0.856440175966528
SMB001,smallmouthBass,2.757051752210633,4.571307453991554,-2.3577041621640267
SMB001,smallmouthBass,5.8625644045389915,27.689808751257807,1.7266001906542063
SMB001,smallmouthBass,9.831615690680465,22.00960738412539,-4.686033939026964
SMB001,smallmouthBass,-7.570388371599317,-2.5472211983985966,-3.2626900783068953
SMB001,smallmouthBass,-8.443205988704895,-0.6009640278839902,-3.067282217241819
SMB001,smallmouthBass,-2.1324474819012638,1.1316364768044025,-5.549213558512065
SMB001,smallmouthBass,14.811548282634453,15.642635398254788,-2.111529791603912
SMB001,smallmouthBass,12.657155933648426,9.744033788767869,-2.705445124208081
SMB001,smallmouthBass,-0.36480301382999136,11.386476322220881,-2.1534717547938995
SMB001,smallmouthBass,-0.2374195639079114,3.258915414959441,-2.5012479561960292
SMB001,smallmouthBass,-1.8882957312277977,-0.05294675250416122,-2.803169854425521
SMB001,smallmouthBass,2.447422881176101,26.378050326037012,1.538488068060576
SMB001,smallmouthBass,-1.3043349472675108,18.596445836169988,5.654796512784891
SMB001,smallmouthBass,-9.136234220688761,-1.6579154227381054,-2.4218417372240495
SMB001,smallmouthBass,-11.096585843644885,-3.3037514835560833,-2.9967817645207564
SMB001,smallmouthBass,-8.875850039707629,-2.4137159827718624,-1.579370532925183
SMB001,smallmouthBass,-8.784840183132776,-6.9622709051327405,-1.9912606150994852
SMB001,smallmouthBass,-5.717619056581146,-9.452123206450315,1.4826727686641286
SMB001,smallmouthBass,-4.570511593266774,-6.752637075274711,0.2913017191367614
SMB001,smallmouthBass,-6.373859146985114,-2.6950659383076565,-7.1849530626218066
SMB001,smallmouthBass,-8.428049507977821,-2.8687434555167184,-0.8031085372432891
SMB001,smallmouthBass,-13.888840010938345,-1.31338801875687,-5.151249271677743
SMB001,smallmouthBass,-10.422945048646532,1.0468381464808958,-4.020075876169419
SMB001,smallmouthBass,-6.305032999617563,7.067459785911105,-1.2842226510202934
SMB001,smallmouthBass,-7.4657140879524055,-1.5209702991037424,-4.280840179524652
SMB001,smallmouthBass,-2.1987700060338775,-1.4250280494497012,-2.3640549817908347
SMB001,smallmouthBass,-1.330259573979164,12.984452322086788,-4.14978314786994
SMB001,smallmouthBass,1.2467234713980013,20.284931204197463,3.703332028543586
SMB001,smallmouthBass,4.077002737739273,21.401670766255787,-4.140615991720018
SMB001,smallmouthBass,-10.430014546887838,-2.9349811899401543,-3.2279930467689106
SMB001,smallmouthBass,-3.1557868663903026,-0.6482793635824815,-0.23658750917290328
SMB001,smallmouthBass,-6.497429878362966,-1.317252428341632,-3.0949507461969032
SMB001,smallmouthBass,-6.623061619129526,0.16460821159812405,-2.1890764036484094
SMB001,smallmouthBass,7.241224266545273,30.654935398416885,-2.126536283764992
SMB001,smallmouthBass,-18.67473535778928,1.8836701249601595,-3.3686567641735423
SMB001,smallmouthBass,-13.594195257015926,-4.188898730454529,-4.902809943792169
SMB001,smallmouthBass,-10.996037023117971,-1.1769234531889328,-1.4852444267703884
SMB001,smallmouthBass,-3.158214380382396,10.35009534762605,-5.018394454358824
SMB001,smallmouthBass,-8.932635372878135,2.732832641492668,-1.2604442046756612
SMB001,smallmouthBass,-15.788282335125787,-3.2982569468118026,-6.040426531577621
SMB001,smallmouthBass,-1.650916522438883,5.142626365299391,-5.029493170898919
SMB001,smallmouthBass,-3.7211246565070217,-4.014836094462163,1.8139314805228783
SMB001,smallmouthBass,-6.554932478649518,0.5711449482660365,-0.29287396617283745
SMB001,smallmouthBass,3.737402179826544,19.17939755375446,-2.144598045170619
SMB001,smallmouthBass,-5.856679169513047,0.8088675815822786,-7.303196579698396
SMB001,smallmouthBass,-8.471591230438655,-2.6864386612174576,-3.002598190239658
SMB001,smallmouthBass,4.033395866272875,24.68777726835207,-2.0449677722854434
SMB001,smallmouthBass,3.0523252160207774,24.82267442906692,2.715427651321826
SMB001,smallmouthBass,-5.366344244555275,15.285114070663655,-4.442723605102662
SMB001,smallmouthBass,-13.880830080643822,-3.6453419723984926,-2.0162970370594637
SMB001,smallmouthBass,-14.669492573358019,-2.3268922195699338,-2.976300046877156
SMB001,smallmouthBass,-12.84324886630828,-3.638419618431815,-4.478528958213053
SMB001,smallmouthBass,1.8170668845414675,18.67790592426903,-2.737119682276805
SMB001,smallmouthBass,3.2529524299682007,17.902223679935073,7.852081218862851
SMB001,smallmouthBass,-2.5693772747698116,7.681431293886769,-2.671218416903515
SMB001,smallmouthBass,-13.313140422420002,1.5517019692986513,-4.873967568532173
SMB001,smallmouthBass,-16.419555938653907,-3.0774503649965346,-7.076885559322942
SMB001,smallmouthBass,-2.064660126077999,7.814308832848982,-2.940231659132092
SMB001,smallmouthBass,1.0243604043449586,12.784890704026852,0.3964845724783936
SMB001,smallmouthBass,-9.132326042790078,8.54735351336161,-4.026759064056592
SMB001,smallmouthBass,-12.163536124543551,-4.79919094738876,2.0468463091172624
SMB001,smallmouthBass,-13.05203860666944,-0.45677536156232146,0.6317594216141205
SMB001,smallmouthBass,-10.975947955653702,1.0039576875941125,-1.3078492850938768
SMB001,smallmouthBass,-19.320019180339393,-1.7821566410882164,0.4665120470182569
SMB001,smallmouthBass,-13.887307385884029,-2.3711041244153437,-0.837707663384849
SMB001,smallmouthBass,-9.717218898435565,0.23647658496085822,0.6857420970293145
SMB001,smallmouthBass,-6.567202518948278,4.811173690495431,-4.73517149125741
SMB001,smallmouthBass,-14.79399439287274,-2.3161552636945197,-3.8182064612752478
SMB001,smallmouthBass,-18.515605922537706,-1.446124409814062,-3.043526854497345
SMB001,smallmouthBass,-12.675624267872884,1.096550432646005,-4.971870422131438
SMB001,smallmouthBass,-16.00362033671929,-3.211385554996852,1.2889240890751288
SMB001,smallmouthBass,-12.702577556724744,0.22535109781007656,-0.6389506302298319
SMB001,smallmouthBass,-19.669603293628864,-0.25433258571215345,-2.0603956054487083
SMB001,smallmouthBass,-16.236095706173774,-3.267591201555697,-2.7713881310118564
SMB001,smallmouthBass,-13.082342476169451,0.26356721169694675,-2.229124441104292
SMB001,smallmouthBass,-8.057759733247744,4.024890463944139,-4.781802685573693
SMB001,smallmouthBass,-17.384642837002396,0.21781034300713653,-2.823912147659672
SMB001,smallmouthBass,-15.515806834960909,-1.232639279199863,-3.3999178402541084
SMB001,smallmouthBass,-13.737005762678601,0.11895330508134316,-1.5770978157329285
SMB001,smallmouthBass,-9.957379948120977,-2.955978642659149,-1.2866806182660153
SMB001,smallmouthBass,-19.85226132143994,-6.857369527410115,-0.11394318791610991
SMB001,smallmouthBass,-18.398307617883834,-7.065012474426357,2.553178276031172
SMB001,smallmouthBass,-18.69371659987568,-5.399329412123892,-1.7707894866645801
SMB001,smallmouthBass,-20.479628327688463,-1.8477916029729347,-3.458686704411579
SMB001,smallmouthBass,-9.10732965247227,-0.3473826381061518,1.1738933475024247
SMB001,smallmouthBass,-16.105345052629694,0.33260658236023166,0.22508826757023437
SMB001,smallmouthBass,-15.231383848661185,-5.027849449477017,1.91661813139031
SMB001,smallmouthBass,-17.909094637249886,-2.357173622373338,-1.380181867076978
SMB001,smallmouthBass,-13.743906232807014,0.11135556881226072,-3.569510191277577
SMB001,smallmouthBass,-8.107347628480156,5.362388572161614,2.94231010843235
SMB001,smallmouthBass,-19.313459909597697,0.5331958726135662,0.8978355196782735
SMB001,smallmouthBass,-9.946244989052948,5.278301906224244,3.111838038632927
SMB001,smallmouthBass,-10.251002497429862,2.6835646896193786,1.1606673500694082
SMB001,smallmouthBass,-18.410091055543976,-6.060463689168302,0.6943297393202146
SMB001,smallmouthBass,-10.559922055419552,-4.119592640199651,-2.09877174289465
SMB001,smallmouthBass,-7.684815480371249,3.588423157572203,-2.0957148673435593
SMB001,smallmouthBass,-16.24313279132062,-5.571572031147031,-5.752768166325698
SMB001,smallmouthBass,-13.29678590227179,-2.911802385386615,-1.7400026265669502
SMB001,smallmouthBass,-5.560976594644657,1.4970876914347224,-0.5961946608216787
SMB001,smallmouthBass,-0.6427951439090809,3.653598822437675,0.6567213494234884
SMB001,smallmouthBass,-8.445327984827966,5.950825522746499,-0.6108258276860196
SMB001,smallmouthBass,-9.410473061514296,-0.2790160094430165,0.40061724996101455
SMB001,smallmouthBass,-11.703569351961503,1.0903726416845154,-1.3980322541477528
SMB001,smallmouthBass,-8.184855405635435,-6.127784102101728,-1.1177210895912495
SMB001,smallmouthBass,-24.79553389566825,-5.955110260559775,-9.268040632374726
SMB001,smallmouthBass,-20.14587393440364,-3.743404294045203,-0.09315561777786563
SMB001,smallmouthBass,-18.125400210564088,-3.1283142916019417,-2.558321762305835
SMB001,smallmouthBass,-20.88363934857997,-3.619976932180247,0.29698719433487986
SMB001,smallmouthBass,-11.941370121469458,0.8204335981609163,1.4421617378209866
SMB001,smallmouthBass,-9.190704549937266,0.8829140999813176,0.9911831504215112
SMB001,smallmouthBass,-17.542558332299826,-4.917260073849851,0.8194320371135428
SMB001,smallmouthBass,-17.46908426514269,-1.185076033856252,-2.5825939615756077
SMB001,smallmouthBass,-5.170075564221149,0.4241753280924843,2.078235175649428
SMB001,smallmouthBass,-19.435862597818208,-7.099649576475678,1.0902828173153245
SMB001,smallmouthBass,-15.143000158769476,-2.190273158978748,-0.34533616024167857
SMB001,smallmouthBass,-13.702543666486662,-9.204263637462862,-3.4743361339604375
SMB001,smallmouthBass,-15.197031387796557,1.698482628607275,-1.2426292226562574
SMB001,smallmouthBass,-13.081479769562543,5.095532098352951,-3.6516365337538454
SMB001,smallmouthBass,-10.98128345166808,1.7760260946557203,-3.7223113184739285
SMB001,smallmouthBass,-4.174157703923338,8.263858281647616,-5.707696759719363
SMB001,smallmouthBass,-10.669299434426367,-2.8115967707787712,-1.104400713280039
SMB001,smallmouthBass,-13.172859882391457,2.063453329800649,3.0846614640619014
SMB001,smallmouthBass,-6.513675538171123,3.269046218357743,-1.5845008842945791
SMB001,smallmouthBass,-5.673911564120078,7.386644842054512,-6.6265095239990695
SMB001,smallmouthBass,-4.58360202235788,8.205373207099706,-2.421058893780693
SMB001,smallmouthBass,-7.444307960981848,2.135958707785718,-4.690588962008389
SMB001,smallmouthBass,-12.26111202997177,-3.0655292666188827,0.6663367848989028
SMB001,smallmouthBass,-7.24063730027336,1.6307339330664161,0.5153413230442553
SMB001,smallmouthBass,-12.605495668792106,-2.355849885549963,-4.927780844792215
SMB001,smallmouthBass,-15.510469787643501,-2.57142918097108,-1.7380396338143989
SMB001,smallmouthBass,-6.966772295064111,1.4540059837796127,-3.2987228183245225
SMB001,smallmouthBass,-11.19799419597933,-0.2741313782238114,-1.7163137411418332
SMB001,smallmouthBass,-11.080969659758372,2.1626641933614383,-0.10383299113893096
SMB001,smallmouthBass,-9.119383405197699,3.281410453169808,-2.4368566290705402
SMB001,smallmouthBass,-6.301877386047724,0.7449433066274964,-1.1016924532057182
SMB001,smallmouthBass,-13.140504309372687,3.1236309347562905,-0.3025289465285076
SMB001,smallmouthBass,-13.697627567586235,-0.7672920985381086,0.3412085156204565
SMB001,smallmouthBass,-1.8582848426535294,6.735036094857209,0.997797691137659
SMB001,smallmouthBass,-0.23891116451524924,3.794066944333493,0.576844060712657
SMB001,smallmouthBass,6.268082253773139,9.189330720143193,-4.825411786326443
SMB001,smallmouthBass,-3.4787284810423476,5.0122451320876005,-3.2701276135325705
SMB001,smallmouthBass,-7.030879776511307,1.1544426955344176,-5.862347427117959
SMB001,smallmouthBass,-3.1113079068547105,3.772194891477307,2.65380602604165
SMB001,smallmouthBass,3.6826212679960113,8.906394577748545,2.4127778456401545
SMB001,smallmouthBass,1.9111163420143398,6.643802584919186,-5.097662503003082
SMB001,smallmouthBass,-0.8746349592005993,7.336621516175069,-1.0708743060464392
SMB001,smallmouthBass,-9.170219347173894,5.587420988058039,-5.233633815010169
SMB001,smallmouthBass,2.6191323715334884,7.243196336115263,-2.7173927143193906
SMB001,smallmouthBass,-8.556502037985917,-3.245357338518547,-0.837175029533042
SMB001,smallmouthBass,-5.206008750713378,1.4508978478549652,-0.12167100883120319
SMB001,smallmouthBass,-5.919324991435608,5.57590173837594,-2.343057534788146
SMB001,smallmouthBass,-7.804211114051223,6.906903302603906,-4.343042529280266
SMB001,smallmouthBass,-10.533623100661396,1.2075497849075518,-1.9536334669801692
SMB001,smallmouthBass,-10.842663173813666,-1.2750685213489767,-1.7550207366674089
SMB001,smallmouthBass,-8.929526387292135,-0.17574262644504934,-2.9678821552287666
SMB001,smallmouthBass,6.102150123910375,2.4933935573374146,-3.4280120043946565
SMB001,smallmouthBass,-2.1827038238309586,-2.2795410226213275,-9.468927401358151
SMB001,smallmouthBass,1.2373965792807626,3.1198706004802377,-1.2196493078556152
SMB001,smallmouthBass,2.345148481346417,11.455707243605184,-7.196166118527785
SMB001,smallmouthBass,2.728443280495063,8.338210743152473,-2.968858075696904
SMB001,smallmouthBass,-2.32752162896358,7.533689771938678,-0.6491124341189155
SMB001,smallmouthBass,3.2984998698081034,5.087630195847118,0.5321448050803814
SMB001,smallmouthBass,8.737644439981217,9.04928580411011,-4.719400700441446
SMB001,smallmouthBass,1.9410879889314012,4.943434895800436,-2.1234925014626764
SMB001,smallmouthBass,-0.5028419607188906,-0.6113249142353508,-1.2716431404002977
SMB001,smallmouthBass,6.33798629385606,4.997843591308791,-2.907020893794722
SMB001,smallmouthBass,-0.17005272587394837,-1.566609940436948,-8.906867347062423
SMB001,smallmouthBass,3.494687633881996,10.62314883090833,-4.5299331743002655
SMB001,smallmouthBass,8.625722774217625,9.527231100627981,-2.9742715404188975
SMB001,smallmouthBass,-4.636920698287993,2.6386381777496433,-9.53464589059294
SMB001,smallmouthBass,-6.235903468570026,5.027109719924462,-2.883158994328602
SMB001,smallmouthBass,-30.67472811020265,-5.424464733175764,-5.8199761378238835
SMB001,smallmouthBass,-5.666073036314152,-1.1304736378386206,-5.003745827317984
SMB001,smallmouthBass,-10.114780986374278,-2.5310107291945947,-9.28294522396961
SMB001,smallmouthBass,-6.897782848173302,4.506979207194752,-1.4376793483901336
SMB001,smallmouthBass,-12.052761415313508,-1.81942762163328,1.2788388218100304
SMB001,smallmouthBass,-17.019456630297157,-3.514827716745399,-5.527713601402455
SMB001,smallmouthBass,-13.32549238319502,-6.5102312909788775,-3.4360586153146997
SMB001,smallmouthBass,-16.3044604198088,-4.6511043088531965,-5.060297090891768
SMB001,smallmouthBass,-15.370121044324378,0.28145539847846696,-5.7873364743231
SMB001,smallmouthBass,-20.16528474788037,-6.078492086457166,-7.0057387908204065
SMB001,smallmouthBass,-15.529264068507354,-1.3304010521623317,-6.7929608846165594
SMB001,smallmouthBass,-12.712487321767068,0.17718084645623888,-2.762247680026647
SMB001,smallmouthBass,-12.989362014674592,-0.9888739744590082,0.9194370537065877
SMB001,smallmouthBass,-11.510014074418894,0.29559825703109166,-4.210973660059473
SMB001,smallmouthBass,-8.64336208007484,-1.2999303805257842,-8.679405715919229
SMB001,smallmouthBass,-6.383294535088599,3.7942635268589315,-1.8896435402970557
SMB001,smallmouthBass,-11.844500917998907,1.4462858179359335,-3.4402578329539164
SMB001,smallmouthBass,-15.25827803557118,-2.7215794414971466,-5.013415038488949
SMB001,smallmouthBass,-7.568390522599779,4.312798837130745,-3.084421555277122
SMB001,smallmouthBass,-11.904629536070644,-0.2777392566533876,-5.112771174525544
SMB001,smallmouthBass,-9.252740518192937,1.7227647021529087,-5.296290668678903
SMB001,smallmouthBass,-18.35588317667028,-4.317697574432369,-4.7913285923173925
SMB001,smallmouthBass,-5.099503299597134,5.057488240164983,-2.280686511750853
SMB001,smallmouthBass,-8.16596744995569,5.406800064366308,-4.708000897823597
SMB001,smallmouthBass,-10.200317304361405,2.237272359743641,-2.4993748854354476
SMB001,smallmouthBass,-11.9800173325838,-0.4431347087893893,-5.2289253590178895
SMB001,smallmouthBass,-10.76735150623993,-3.656584066224581,-4.874958136562844
SMB001,smallmouthBass,-12.694612376136664,-4.499926961366485,-6.886638128597962
SMB001,smallmouthBass,-10.608826984596362,-2.039910004152226,-6.310211076479025
SMB001,smallmouthBass,-12.365113013658847,-0.9917176826846971,-5.651141846051467
SMB001,smallmouthBass,-8.723668757026724,2.055443314644383,-3.8789273684152707
SMB001,smallmouthBass,-4.143672230901878,1.7559043453131609,-2.692667491438193
SMB001,smallmouthBass,-2.088911399098512,7.827228557147002,-3.6992054853238923
SMB001,smallmouthBass,1.6093037922634998,1.2993209834721773,-5.347118360251581
SMB001,smallmouthBass,4.972845160627435,0.9508062380026832,-5.755955362641857
SMB001,smallmouthBass,-3.953549370539286,-7.641004216862326,-5.8560607198231995
SMB001,smallmouthBass,-11.68796069417762,-9.833682895313073,-6.492375892149561
SMB001,smallmouthBass,-4.00109784771932,-3.8607470346763972,-6.996497715107032
SMB001,smallmouthBass,1.5278371782836886,0.9042490210008246,-9.538585258912978
SMB001,smallmouthBass,-7.183504618098121,-9.293498789949291,-6.035725545634384
SMB001,smallmouthBass,-1.5432716960591917,-1.650040564887282,-3.108277025565892
SMB001,smallmouthBass,0.9320257160478815,-1.166455488397065,-6.015849587117194
SMB001,smallmouthBass,-3.2408907287939615,-1.521817211039545,-6.784396053005718
SMB001,smallmouthBass,2.6755649064784564,-0.40642959785163685,-8.163064251552857
SMB001,smallmouthBass,4.555347691458935,3.979642907096671,-6.892831664332444
SMB001,smallmouthBass,-2.751685220589909,-0.16470116221079018,-5.698876292609736
SMB001,smallmouthBass,3.278457841952038,0.021300239675929894,-3.4943931990665322
SMB001,smallmouthBass,3.2122670107889935,1.8985008641043872,-5.744381642003713
SMB001,smallmouthBass,-3.264511535036911,-0.721326057465916,-3.7069477921016007
SMB001,smallmouthBass,-2.4175668829341146,-0.2654206285887815,-4.875694042167619
SMB001,smallmouthBass,5.281051642759907,2.505746233173366,-2.1800400798212793
SMB001,smallmouthBass,1.2171015959324198,-0.23397458231782028,-6.109075828764329
SMB001,smallmouthBass,2.0018846014631775,1.4584629804824074,-3.410017144487938
SMB001,smallmouthBass,2.4648016146283154,1.9751195826270245,-1.0180856070321471
SMB001,smallmouthBass,-8.755701515851943,-1.783689459167861,-3.578116013394394
SMB001,smallmouthBass,-4.674702880986816,1.9835851995840472,-3.518673811306801
SMB001,smallmouthBass,1.516559627448405,-0.28521196163221996,-2.7283397908646827
SMB001,smallmouthBass,-4.268048309819817,3.0670642797986476,-6.168821599053619
SMB001,smallmouthBass,-14.29621095786515,-6.353087087473018,1.1625356842566976
SMB001,smallmouthBass,-1.4139087585522816,0.617147262091488,-2.9728924548999336
SMB001,smallmouthBass,-2.846925371876448,0.5154493297775186,-5.366035509637144
SMB001,smallmouthBass,-3.8594943389167153,-1.0053799455372445,-5.398049375612591
SMB001,smallmouthBass,-0.7790233526075,0.6894457743097746,-4.925497585903759
SMB001,smallmouthBass,-6.6493874643405455,-1.0336068082764671,-6.633021082567592
SMB001,smallmouthBass,-2.2427240101761625,0.8040928334529235,-3.690821139129716
SMB001,smallmouthBass,-3.59916909114191,-0.49007500509744983,-2.6687160634025857
SMB001,smallmouthBass,-4.370040958524145,-1.105294578720013,-3.9082869683337558
SMB001,smallmouthBass,-4.085655099701775,-0.6480419297612369,-2.581168371071855
SMB001,smallmouthBass,-7.919123269915405,1.5809925928649726,-2.710031657758776
SMB001,smallmouthBass,-8.200191526307181,-0.1273768129756177,-4.67499782611657
SMB001,smallmouthBass,-13.053135611030356,-0.033263507078198584,-1.3293819407128553
SMB001,smallmouthBass,-15.631347921083734,-4.2144339702529106,-5.7526341048176235
SMB001,smallmouthBass,-5.726870076907332,1.5229892557326896,-3.3345637535691957
SMB001,smallmouthBass,-9.086302788763625,-0.5660031471152616,-3.2665255231852086
SMB001,smallmouthBass,-3.801552457316115,1.014593591663316,-3.3403055006677635
SMB001,smallmouthBass,-0.9649779417284985,6.923407272139634,-2.5551953953275506
SMB001,smallmouthBass,-11.846191363535109,3.3463094356471776,-4.298923497187599
SMB001,smallmouthBass,-14.778505860235635,-3.3859518949230134,-1.9032364049744097
SMB001,smallmouthBass,-7.52865671856377,4.9911705728331155,-1.976711457412501
SMB001,smallmouthBass,-5.785348373569379,4.564108925833177,-1.9506595808504323
SMB001,smallmouthBass,-6.940388971487289,0.28133199215649296,-2.838450327357029
SMB001,smallmouthBass,0.45107442892752336,-0.6163774225858375,-3.1053796836984002
SMB001,smallmouthBass,-3.0473257934366367,-2.907104963890535,-5.851553926805491
SMB001,smallmouthBass,7.185111615766853,15.253050426420865,0.8372517712689955
SMB001,smallmouthBass,-3.8364120384088145,14.25914934653736,-4.41952653306441
SMB001,smallmouthBass,-2.732357563436506,4.363035607758159,-3.343999974298993
SMB001,smallmouthBass,-12.816963460601286,-2.481372479212144,-8.039870885222058
SMB001,smallmouthBass,-11.555784434957488,-3.6882654328248323,-4.70251979383105
SMB001,smallmouthBass,-18.310399277836204,-4.055660901000596,-4.31006116567966
SMB001,smallmouthBass,-20.16923690297064,-6.5789126464157,-5.3136618243727245
SMB001,smallmouthBass,-1.2373726402399075,-1.3792392553720407,-8.591333901587886
SMB001,smallmouthBass,1.085375508045928,-0.7581285201626573,-9.632357225379975
SMB001,smallmouthBass,6.367877374277639,6.4501126710858845,-4.603098056881574
SMB001,smallmouthBass,-2.5675749615762937,13.81724998043811,-5.370779477968298
SMB001,smallmouthBass,4.081221048598319,11.60526316631286,0.44047710414334773
SMB001,smallmouthBass,-0.40128385353217355,9.969362048754565,-3.6219789461550986
SMB001,smallmouthBass,-2.949339282774103,0.7961838443392485,-2.50833330720992
SMB001,smallmouthBass,-6.438101957892592,3.312466352609265,1.5362732465528322
SMB001,smallmouthBass,-11.52675449776341,-0.7598897425211749,0.9350604264285761
SMB001,smallmouthBass,-17.211997309840648,-0.8101519116912193,-3.385685418720848
SMB001,smallmouthBass,-14.217161774326247,1.8750652968423638,-0.7056017773489845
SMB001,smallmouthBass,-18.25739487186747,0.3299716166768817,-2.6718139390770195
SMB001,smallmouthBass,-8.424397657177781,-5.891893999861336,-4.768636100365743
SMB001,smallmouthBass,-2.278397010153733,0.36957454374378784,-2.985538586436534
SMB001,smallmouthBass,5.23490987853225,10.294328992538517,-6.415234492912779
SMB001,smallmouthBass,-2.4623959702372096,23.69919294137225,-1.1079725915940353
SMB001,smallmouthBass,-5.544506390290724,-0.46637288040620484,-3.1472587879143505
SMB001,smallmouthBass,-15.660659378276522,-4.016435498160008,-7.185678223246318
SMB001,smallmouthBass,-11.104721037725144,-1.647373992253185,-6.82515164869682
SMB001,smallmouthBass,-0.6576674497317332,17.863290185804978,-2.766378507793243
SMB001,smallmouthBass,-7.031201047342715,-4.52629234814976,2.3769309783151567
SMB001,smallmouthBass,-15.334162284680492,-2.6241672470626587,-4.344304951030603
SMB001,smallmouthBass,-5.68078844581631,6.166753599005641,0.22499716831495042
SMB001,smallmouthBass,-5.826746931912442,-3.2872264838598886,1.5642678591449788
SMB001,smallmouthBass,-9.633032072002447,-1.9718160430779244,-7.887692959614531
SMB001,smallmouthBass,-3.7664467585343218,13.35912152870938,-5.243909953893095
SMB001,smallmouthBass,-4.618352541139181,12.70016192105993,4.253072202550738
SMB001,smallmouthBass,-4.915934538820905,1.4773416407361522,-7.908549491857447
SMB001,smallmouthBass,-9.151007460849073,0.28849592703034965,-1.5367421551578793
SMB001,smallmouthBass,-4.36623936461508,6.950042399904102,-0.08887526901902029
SMB001,smallmouthBass,-4.343828609827075,11.527901144922348,-2.7248751298105507
SMB001,smallmouthBass,-2.016392434004677,9.912242609374454,3.729724900966786
SMB001,smallmouthBass,-10.711469668456816,-1.6698101837280148,1.2096264223998912
SMB001,smallmouthBass,-7.324109832837115,-2.1977583242529466,1.5973551110593252
SMB001,smallmouthBass,-13.450531092818633,-2.8126370382979187,0.2643449456296767
SMB001,smallmouthBass,-6.39421133932397,-2.332446820259382,2.3160821799569216
SMB001,smallmouthBass,0.5471980165649502,20.521974948984354,-3.8005528574129714
SMB001,smallmouthBass,-5.52967537374386,-2.0279128827905897,3.8212623193940254
SMB001,smallmouthBass,-5.558551143314537,-0.08248735317896164,-0.775834650093653
SMB001,smallmouthBass,-5.647315485003312,7.335744053397176,-1.9826470895245016
SMB001,smallmouthBass,-13.341732039108647,-0.6025287261107714,0.1897071447113754
SMB001,smallmouthBass,-13.908973374392989,-1.5993096389506678,1.1106127523104996
SMB001,smallmouthBass,-0.813058123355757,14.708361623284727,-3.1904574468123257
SMB001,smallmouthBass,-3.5075832063069514,8.0382278882842,0.23608682851900492
SMB001,smallmouthBass,-5.769914797594035,1.7192231973340475,-2.039815464939453
SMB001,smallmouthBass,-4.710042058854081,3.1959986481265976,3.9926582924094904
SMB001,smallmouthBass,5.119764159773828,6.274122192211013,-0.9441578145709946
SMB001,smallmouthBass,-7.431809688800189,0.5451839317007404,-0.07181609224961
SMB001,smallmouthBass,-7.605855788894143,6.673196246202348,-1.784490924487439
SMB001,smallmouthBass,-10.00533153685151,1.7337053398794307,0.44939780525450146
SMB001,smallmouthBass,-8.08959365866706,2.5873115077984368,-1.0460261021221815
SMB001,smallmouthBass,-0.5980845669280037,3.9942992262537422,-0.19585439929491988
SMB001,smallmouthBass,-5.989837496265906,6.333761626090993,-1.2512963933020358
SMB001,smallmouthBass,9.63510192388924,22.51260595991065,-0.7179799275232063
SMB001,smallmouthBass,-1.8557589673860748,13.43391259920044,-1.6716315002059812
SMB001,smallmouthBass,-2.9078853448282627,1.0014754693569978,4.09440992554399
SMB001,smallmouthBass,7.014196547795113,13.224113488569225,4.965884940712839
SMB001,smallmouthBass,-6.2126913848828,2.947326383239458,-0.8026709082853578
SMB001,smallmouthBass,-6.549019245335468,4.7562779677577955,6.234458982588611
SMB001,smallmouthBass,-2.8902111867292133,5.6873378474835565,-2.748741944903454
SMB001,smallmouthBass,3.9170313550626434,15.016791719827191,0.9243222297288753
SMB001,smallmouthBass,4.017287900749697,17.747663567998217,-1.0296620479288088
SMB001,smallmouthBass,-5.644228359814529,4.874069038013568,-1.533089550929015
SMB001,smallmouthBass,-3.036818322869016,2.96702917434775,2.191150096338166
SMB001,smallmouthBass,8.091781007698515,9.689705035201973,0.438041393162228
SMB001,smallmouthBass,7.712767387784357,17.132410167842366,2.327149215429408
SMB001,smallmouthBass,12.085722790292426,19.03489028590994,1.5401425246810567
SMB001,smallmouthBass,-1.901221128934222,6.368085529140075,-3.000784378029273
SMB001,smallmouthBass,-6.255148232733152,6.34442537427679,5.8665142879330645
SMB001,smallmouthBass,-6.306081581260132,3.7043769400714464,-0.6750183486651141
SMB001,smallmouthBass,0.04773019243778487,2.774452387712078,-0.7832891245390909
SMB001,smallmouthBass,8.14588316731697,16.74393066474931,3.087310905461718
SMB001,smallmouthBass,11.516292111428147,16.66798678142322,1.2545174880417291
SMB001,smallmouthBass,-1.1031274328745933,13.071838819252005,-2.8917586731095573
SMB001,smallmouthBass,-14.100404985222351,4.696479083351268,-3.8978489378003296
SMB001,smallmouthBass,-8.899603876187546,3.3123346365858657,-0.029518851348949493
SMB001,smallmouthBass,-0.29818951420146556,11.540533774622375,-2.5178205650665024
SMB001,smallmouthBass,11.492863483344735,17.118538529054156,1.9393627112494545
SMB001,smallmouthBass,-3.598402388166016,3.141698863984528,2.6968161682022864
SMB001,smallmouthBass,-6.6567911426063,7.558592561188739,3.9951184839343536
SMB001,smallmouthBass,-1.0456376445265412,9.179122784217203,-6.046000201764484
SMB001,smallmouthBass,-1.4274101923852465,8.216391805238056,-1.995370098597681
SMB001,smallmouthBass,1.862569312089994,18.76121224797755,-1.022617756332005
SMB001,smallmouthBass,-3.8255690775216857,2.123857768839235,-1.5307170555379086
SMB001,smallmouthBass,-0.40615003856337756,-1.237018684317873,3.9405233231991126
SMB001,smallmouthBass,-2.1423277405042453,0.4686704464752073,0.0024679268248280484
SMB001,smallmouthBass,-2.672960624487161,2.3596630072642424,-1.6323222059979547
SMB001,smallmouthBass,-7.563118230800081,0.2647855266175929,1.0294326975138348
SMB001,smallmouthBass,-7.965246083732252,3.3392607623221693,-0.29698396174505015
SMB001,smallmouthBass,-4.0372750640695285,7.212125567213172,-4.698612244292407
SMB001,smallmouthBass,-2.342448336675874,6.859566165289784,-3.590070662448117
SMB001,smallmouthBass,-5.882423285161957,15.573486931144961,-2.682047230484931
SMB001,smallmouthBass,8.469287984386254,20.193038357930735,0.16133177829464693
SMB001,smallmouthBass,2.467047216910299,12.893362681902222,3.7524325662961875
SMB001,smallmouthBass,-0.5212915686933692,8.010820691470936,-2.189408831648358
SMB001,smallmouthBass,-2.796633281433096,4.422129816830881,-0.5946637248764319
SMB001,smallmouthBass,-8.257924600684422,-2.042384277026599,-0.020458218468915268
SMB001,smallmouthBass,-5.701279435382633,13.156060055575749,-4.4431700338970535
SMB001,smallmouthBass,-9.104727922714478,3.6945118434917052,4.198567131151949
SMB001,smallmouthBass,-5.761853995748098,0.4646387034410845,-0.3649840131862445
SMB001,smallmouthBass,-14.091720894834712,3.170701255644965,-0.5342830826706809
SMB001,smallmouthBass,-9.503686408175444,-0.04272532293476217,0.8563596204836842
SMB001,smallmouthBass,-20.40718931877968,-5.95898891441566,0.11381666538291668
SMB001,smallmouthBass,-11.739202583914851,2.0881820630423027,-2.7521425112125693
SMB001,smallmouthBass,-6.344829092662902,5.720543643764056,-6.448882829781445
SMB001,smallmouthBass,5.881032665091835,21.226821590208488,6.182237826027583
SMB001,smallmouthBass,1.804329194398401,12.470819558993979,2.172229222987885
SMB001,smallmouthBass,-8.814127437673768,-1.2051244645634214,0.6698339522303556
SMB001,smallmouthBass,-8.409694869101354,2.0501254206860233,3.421030545925829
SMB001,smallmouthBass,-13.346232744721544,3.123464456163549,2.729197811485101
SMB001,smallmouthBass,-18.12136994205025,-1.0664402879735464,0.44769935421420304
SMB001,smallmouthBass,-15.462478908517479,2.81595117618187,1.1336134960717823
SMB001,smallmouthBass,-10.578106927952742,0.3262601258004411,-4.775877504573367
SMB001,smallmouthBass,-3.904661732763728,6.17239863195238,2.4964875706557264
SMB001,smallmouthBass,-7.012081751194044,4.545689380082836,4.258966755258129
SMB001,smallmouthBass,-7.4647364100821765,2.2494104139342004,0.207873068293417
SMB001,smallmouthBass,-14.57706499069317,1.7334336157114136,-2.07876497871019
SMB001,smallmouthBass,-11.145579567622786,12.576468075880717,-2.279254037345514
SMB001,smallmouthBass,-11.568238700752559,5.768400110393751,-1.249371024180633
SMB001,smallmouthBass,-12.53507392906527,-1.3748517873057942,1.176237477392698
SMB001,smallmouthBass,-14.546045548945179,-0.9055878378095789,-2.236061908253363
SMB001,smallmouthBass,-18.91095435287745,0.13655595083535188,-1.51525367659091
SMB001,smallmouthBass,-23.424570200270665,-3.1045142013375013,-3.0413876512240283
SMB001,smallmouthBass,-17.05834708186318,-0.06315035793680734,-2.5592914115719125
SMB001,smallmouthBass,-21.93989532114058,-1.7853770030777911,-3.530193055098686
SMB001,smallmouthBass,-18.301698112715105,-0.9722943551147427,0.36266643710006674
SMB001,smallmouthBass,-13.488646378459283,4.30712826764285,4.559274781192619
SMB001,smallmouthBass,-12.102636132689138,0.42511248922491984,4.158259646832003
SMB001,smallmouthBass,-19.339019220159535,-2.1120879634663714,-0.5622273833142151
SMB001,smallmouthBass,-10.54980349706846,2.8304503797377016,-1.8921679671547187
SMB001,smallmouthBass,-7.28393774298399,2.5365501554775336,-2.0487643503908357
SMB001,smallmouthBass,-21.786335838502957,1.0628031167209848,-2.5986193113261358
SMB001,smallmouthBass,-16.38470131259536,-0.3845889966422432,-5.281987068113024
SMB001,smallmouthBass,-11.835802528813186,4.161371786394108,2.131249074370672
SMB001,smallmouthBass,-13.212128605692957,0.6615080995033255,-1.924666830470565
SMB001,smallmouthBass,-11.889341828469512,0.974599710208336,1.1042164088349185
SMB001,smallmouthBass,-26.82091725047242,-2.0248980251157933,-3.5196686567727764
SMB001,smallmouthBass,-12.336464712441522,6.093449423861989,2.093040637430371
SMB001,smallmouthBass,-9.5608762488109,7.477332621449646,0.7985540754565319
SMB001,smallmouthBass,-7.352067737138618,10.552635494314698,0.036617872877266866
SMB001,smallmouthBass,-7.639959622198459,3.585768846914102,3.3486246046598356
SMB001,smallmouthBass,-12.040500873062962,3.5240682315506042,-5.234771480116527
SMB001,smallmouthBass,-3.7876180917753883,6.071755752935348,-1.7601776992653875
SMB001,smallmouthBass,-1.685031936970348,5.477072235427508,0.583397487254522
SMB001,smallmouthBass,-3.9207616101990945,3.289814140147294,3.4016839120937243
SMB001,smallmouthBass,-9.923344588781006,6.784169547198099,-4.036310682086378
SMB001,smallmouthBass,-9.022936006488727,4.9465255812320645,3.7423915417072857
SMB001,smallmouthBass,-4.2569831298164615,10.829404139922977,0.1425501823330571
SMB001,smallmouthBass,-13.211987177093672,4.040647702337589,0.9304235608951766
SMB001,smallmouthBass,-11.947265654071836,4.470806654396151,0.7427996038327052
SMB001,smallmouthBass,-22.246665027188754,4.439797381969725,-0.2778585931684029
SMB001,smallmouthBass,-14.072624080486985,5.979586260095502,0.8858125711908879
SMB001,smallmouthBass,-14.069697754899577,3.1135761505386514,1.4859539875949226
SMB001,smallmouthBass,-8.534212968367942,6.181692320833545,-2.944212664794697
SMB001,smallmouthBass,-16.832932504111355,2.718491861850117,-2.3478588724105265
SMB001,smallmouthBass,-12.886564729883181,1.8565135984371754,1.1882350545677494
SMB001,smallmouthBass,-19.26781056651647,2.714773408410376,1.6940193722167116
SMB001,smallmouthBass,-13.275119428514982,4.019003066847013,-2.3937191646409985
SMB001,smallmouthBass,-8.221766755650757,4.7951757741613985,-2.858620556923924
SMB001,smallmouthBass,-6.274775131900496,5.269310528494635,3.8852267080838834
SMB001,smallmouthBass,-8.924747128762924,7.555722854407664,3.0214654410181496
SMB001,smallmouthBass,-15.43910416336025,0.04330759979236032,-2.568762352889923
SMB001,smallmouthBass,-9.067415804412391,7.371209181314619,-0.6504445526480735
SMB001,smallmouthBass,-11.942655044529946,6.1512802030968725,-0.757013657779927
SMB001,smallmouthBass,-16.396946105524574,3.3529986349683254,1.3417201306598536
SMB001,smallmouthBass,-17.60419101014289,2.192597363140499,1.2267728477148236
SMB001,smallmouthBass,-10.138263580780983,5.161861448375413,2.866720914994156
SMB001,smallmouthBass,-6.153502772821556,7.379649908487217,3.4734670754928665
SMB001,smallmouthBass,-4.377839754490898,8.667256133314835,3.4926207124542965
SMB001,smallmouthBass,-4.805421261603662,8.258382591285796,0.6269945449773944
SMB001,smallmouthBass,-8.279969848325841,2.864457961626238,-4.155183268422855
SMB001,smallmouthBass,-0.8474403004749465,5.236663763227545,-6.695457925715923
SMB001,smallmouthBass,-6.421052381107594,5.395404746039492,-2.4827476988895882
SMB001,smallmouthBass,-11.076525577186938,3.1136932736743463,-0.5636726206955467
SMB001,smallmouthBass,-16.633472803814623,2.3858458758673677,-2.019662667482595
SMB001,smallmouthBass,-12.239313449710743,1.7042429411701723,3.355860579127813
SMB001,smallmouthBass,-5.608551681393462,3.9362813697253665,4.613169903095654
SMB001,smallmouthBass,-9.436858745036924,6.488324514767554,1.2192878434698147
SMB001,smallmouthBass,-9.264097456706697,6.231103290968989,4.1802444910806615
SMB001,smallmouthBass,-7.054359370911527,4.643549473149702,-3.9800243994727103
SMB001,smallmouthBass,-10.679344779252915,3.840933305854361,4.1041852092412565
SMB001,smallmouthBass,-10.118649161089333,6.534393528187523,0.5007908318905004
SMB001,smallmouthBass,-8.317687596773656,6.431981165108915,1.9759941921219295
SMB001,smallmouthBass,-6.294357661583813,3.7165649605092748,3.32996842301525
SMB001,smallmouthBass,-4.351047401737845,3.072148403896634,4.343104445107349
SMB001,smallmouthBass,-0.2053082720933468,12.533105989624234,2.362482520831895
SMB001,smallmouthBass,4.623272763633364,19.612473161986454,-1.1740565623936725
SMB001,smallmouthBass,-11.102458059882052,5.737217714496786,0.717123748429799
SMB001,smallmouthBass,-10.356481611015067,7.112865459895924,4.445922074331547
SMB001,smallmouthBass,0.7349702460406184,5.100894809281784,-5.254753868462448
SMB001,smallmouthBass,-1.212311757022482,4.777759819723331,-7.2919980529482995
SMB001,smallmouthBass,-6.65744251854915,6.770573191761864,-1.4899400124490514
SMB001,smallmouthBass,-7.166672768207725,5.733658139137386,2.0983213154499287
SMB001,smallmouthBass,-10.517656384497062,6.137467480800606,0.1710613113335553
SMB001,smallmouthBass,-3.1291598700388654,10.955986130361802,0.4463488037017015
SMB001,smallmouthBass,-7.699654675120107,8.260642138281694,1.6919415145270091
SMB001,smallmouthBass,2.323617620119955,20.19114585238973,-1.3280248682191407
SMB001,smallmouthBass,-2.290108029743589,10.560773203691022,1.3065071191573252
SMB001,smallmouthBass,-4.373133396823304,9.061449300280943,0.7851556306524587
SMB001,smallmouthBass,-2.640826632811465,10.352444252849542,-1.644596139764003
SMB001,smallmouthBass,-1.9421410268572876,3.8765977849636144,1.9689520334961865
SMB001,smallmouthBass,-1.8668888406634936,10.453738033800771,1.3958084625767007
SMB001,smallmouthBass,0.347357558325593,11.778047398302721,0.666286158379324
SMB001,smallmouthBass,-9.544984487759235,7.216852191500912,1.4822599248722643
SMB001,smallmouthBass,-5.682457086106279,6.7132194266770915,0.1017413127551782
SMB001,smallmouthBass,-6.748909823888316,7.196258853056987,2.6388515500081753
SMB001,smallmouthBass,-4.1253569728514305,10.296745378619287,2.3567108283396294
SMB001,smallmouthBass,-4.9306299637831446,4.5838919625206795,2.223182027210266
SMB001,smallmouthBass,10.300425545873289,16.933582310608443,-0.013090650136529047
SMB001,smallmouthBass,4.201111222120229,10.918611631139191,1.0999195389865946
SMB001,smallmouthBass,3.022777729593093,14.804557097455046,-1.3998141740858794
SMB001,smallmouthBass,-6.202387268541303,5.283516890587807,-5.247013391889892
SMB001,smallmouthBass,8.502119715745767,13.151292185505376,-0.670246819914079
SMB001,smallmouthBass,1.1945497686426396,18.908995461007635,-0.04173344708010274
SMB001,smallmouthBass,-2.755610139243755,4.185565213266917,-1.3916562552557363
SMB001,smallmouthBass,2.0232023710491838,3.322930022787896,-5.611389619512005
SMB001,smallmouthBass,2.4922165759069537,15.39164152044253,-8.01861833096859
SMB001,smallmouthBass,-1.3934244530117548,12.24178195943524,-0.5684909706866417
SMB001,smallmouthBass,-7.291018868979557,4.31095214270216,-3.3430397113589168
SMB001,smallmouthBass,-2.248436952915811,6.1350823365599965,-1.027796315869071
SMB001,smallmouthBass,8.845759027852269,15.7300971121816,-0.3472414022249095
SMB001,smallmouthBass,-4.8585958605845425,6.6599156495450496,-1.4141303062810575
SMB001,smallmouthBass,-2.7678011131137636,7.958058830557664,-4.178460339511515
SMB001,smallmouthBass,-4.720330086688256,8.668069121909573,-0.1319952338470341
SMB001,smallmouthBass,-8.235750340449046,2.505990767088634,-0.8445705724640429
SMB001,smallmouthBass,-8.216151447610082,1.3014285235144434,-0.09520665518894372
SMB001,smallmouthBass,-1.4051777700727262,8.991045545785122,-1.9289377829871288
SMB001,smallmouthBass,0.21269439742561236,7.854909893756715,-3.9871274839482886
SMB001,smallmouthBass,-12.425952881592742,-2.676601510895442,-7.015940815574871
SMB001,smallmouthBass,2.728434455685483,14.457138692269003,-3.7218138443816544
SMB001,smallmouthBass,6.6384756462231715,11.6579284755963,-8.305058778017292
SMB001,smallmouthBass,1.306343142712999,6.415104455081527,-3.5863284356315477
SMB001,smallmouthBass,-2.281199116994709,3.1928575442755243,-0.1504775139350826
SMB001,smallmouthBass,-10.281037346859888,0.4037511872809497,-0.038357586075247196
SMB001,smallmouthBass,-10.148490661620416,11.793529810898956,-2.4406381034140887
SMB001,smallmouthBass,-4.470804009088251,8.94393064960317,3.26944289259555
SMB001,smallmouthBass,-10.874120025474822,3.189186073751908,-1.679830921300435
SMB001,smallmouthBass,-5.166308378181881,2.0504191353370502,4.459684766801473
SMB001,smallmouthBass,-7.207360335413467,0.7389805307309556,-0.7965482962580182
SMB001,smallmouthBass,-9.569000004276624,0.2599087305713145,0.04129018420074526
SMB001,smallmouthBass,-6.376842703766075,3.9167275142638904,-2.1567758129216292
SMB001,smallmouthBass,-14.36991444487963,-1.7656858664807014,0.41801061420262053
SMB001,smallmouthBass,-3.778710787346463,5.171210559507579,-3.08833314664085
SMB001,smallmouthBass,-2.8072948974382665,11.666292645855483,4.551909395574902
SMB001,smallmouthBass,-10.435420181684282,-3.0030872898752254,-0.6909990685924012
SMB001,smallmouthBass,-7.4111531454229755,7.884165609686639,-4.7257782213138055
SMB001,smallmouthBass,7.120099208981447,18.497247937599763,0.18158157197487038
SMB001,smallmouthBass,-3.757067732549339,5.271142086441993,1.375259980561113
SMB001,smallmouthBass,3.1709464274683112,7.04559665342757,-6.725894304840069
SMB001,smallmouthBass,-9.635091984158151,-3.0259775099816313,-6.799636600860469
SMB001,smallmouthBass,8.40368002337442,28.90152769637279,0.18881067790547212
SMB001,smallmouthBass,-2.9400055040868294,15.46734047514028,0.12211846646010137
SMB001,smallmouthBass,-11.669824726432054,-3.5409962241328032,-0.04150505741689872
SMB001,smallmouthBass,-11.225186729002647,-5.685014743164266,-0.3482351825853054
SMB001,smallmouthBass,-5.688941824925972,-0.595551535047338,0.8279568945265565
SMB001,smallmouthBass,-5.859999958783522,3.1883813341339495,0.6338176039938701
SMB001,smallmouthBass,-8.380246101288503,0.10684475822215356,-1.9242511445262918
SMB001,smallmouthBass,-9.942293717925018,2.2679268959176158,-0.1037183005543281
SMB001,smallmouthBass,-4.800838034884475,11.754560774021552,5.341766878851559
SMB001,smallmouthBass,-7.392613478570435,1.668982677447402,-0.6666975574206873
SMB001,smallmouthBass,-13.454747132057655,2.1195795185663973,-1.1369023002213983
SMB001,smallmouthBass,-11.681700407884742,-1.1926185717471751,-0.6851004976417387
SMB001,smallmouthBass,-6.553024551745954,-2.5255740832743556,0.18187047341703577
SMB001,smallmouthBass,-4.099871396148043,6.927022963614596,-7.515202033926892
SMB001,smallmouthBass,-7.480721682422287,4.416850551408634,0.3411420542803987
SMB001,smallmouthBass,-3.1642038865147333,16.585687292334853,-2.516020286774846
SMB001,smallmouthBass,-9.142224569524389,4.23475716620321,-2.1773743356085347
SMB001,smallmouthBass,-12.990805911695075,-4.599342494540395,-3.6867143830662923
SMB001,smallmouthBass,-4.946775306284847,0.6680021160228421,-7.501009598266456
SMB001,smallmouthBass,-7.226751415096546,1.6224625578818008,3.025993568773105
SMB001,smallmouthBass,-6.816136645524665,1.9914062080471873,3.8986797168903946
SMB001,smallmouthBass,-13.008185662450114,0.47205561248978256,1.1313588133078483
SMB001,smallmouthBass,-11.884375074240044,3.578440996389512,5.533991316229571
SMB001,smallmouthBass,-8.5221398476869,5.118337349203374,1.471554340290334
SMB001,smallmouthBass,-7.482555450496755,-1.0113338499723907,1.0127746874695442
SMB001,smallmouthBass,-12.325470878864618,-0.8780496598403114,-0.45873110336852957
SMB001,smallmouthBass,-10.420076365816891,6.531723169708884,1.9418962371532817
SMB001,smallmouthBass,-9.432726042934735,4.829266996879817,3.0708426784708456
SMB001,smallmouthBass,-12.248820755771703,1.362368806386484,0.6130608742514415
SMB001,smallmouthBass,-10.385835043478782,4.035206177394246,1.1504741847575872
SMB001,smallmouthBass,-7.258552970316234,6.423243637022476,3.3062124303796794
SMB001,smallmouthBass,-5.003865623630921,1.2711792884599626,4.123874179511691
SMB001,smallmouthBass,-6.704391424727296,-0.9809614091861454,1.796155873015453
SMB001,smallmouthBass,-9.420774110680785,1.4639317714552869,0.2421884701445818
SMB001,smallmouthBass,-12.71722556007117,4.2604511267364495,0.07878288872281636
SMB001,smallmouthBass,-6.59398067840991,3.8536956500856094,3.141034659751722
SMB001,smallmouthBass,-5.5281540358994015,6.654493253464381,3.4226026427049545
SMB001,smallmouthBass,0.29826667078303437,14.07721707204828,2.0551713242983847
SMB001,smallmouthBass,-8.291088482590625,6.318772370231303,4.391326796447746
SMB001,smallmouthBass,-7.028271585764158,4.203842162485425,-0.32782131290634486
SMB001,smallmouthBass,-5.588010373060779,5.403140903177105,2.2908835469778612
SMB001,smallmouthBass,2.1152014275832856,8.841764529837043,1.1963361839535045
SMB001,smallmouthBass,-3.4630391129310665,6.7997983290778805,1.3938689903477086
SMB001,smallmouthBass,-9.92629691233341,3.8788162934068273,-1.415944006857894
SMB001,smallmouthBass,1.333461979725077,4.211139519055656,-5.33472314322069
SMB001,smallmouthBass,2.022630041667887,3.6703497235127753,-2.7941794298742355
SMB001,smallmouthBass,0.512879873744533,12.216018775025942,-3.51468884519979
SMB001,smallmouthBass,7.336362929411043,14.536838320320726,-1.5883614321477648
SMB001,smallmouthBass,8.700789443977744,16.185268734231613,-6.028114292561495
SMB001,smallmouthBass,8.412482131294919,10.199371945317672,-6.467369693977996
SMB001,smallmouthBass,0.5686279019215088,4.707435958463134,-6.925642726435617
SMB001,smallmouthBass,-6.677442859546422,7.992957407049282,-0.6917791974204035
SMB001,smallmouthBass,-2.9513133705456482,8.454190725922798,2.265696275174637
SMB001,smallmouthBass,-2.5819903287111887,6.034261253039427,5.055083411474991
SMB001,smallmouthBass,-2.2903274666349724,7.0704607516341245,2.2812778614310454
SMB001,smallmouthBass,-0.8530506666071395,8.594386936560602,1.9298245324268186
SMB001,smallmouthBass,7.253457874394385,16.860214032517554,0.5967825479138084
SMB001,smallmouthBass,-10.1952311251895,10.294593669732567,-2.8223192748333976
SMB001,smallmouthBass,-4.551413511442906,3.9819572857115,2.9747752742826696
SMB001,smallmouthBass,-4.97825728489836,-1.1472371304572924,4.1268120239160035
SMB001,smallmouthBass,-9.359431704496622,5.291975233521809,-3.46214682019015
SMB001,smallmouthBass,-6.476852568997982,7.551731758680292,0.32644058411806587
SMB001,smallmouthBass,-3.450803208448605,3.79417434014341,0.17555300323164474
SMB001,smallmouthBass,-4.651722797051185,1.6795399120129466,0.5853484588336
SMB001,smallmouthBass,-1.4879301541634544,14.763668119948015,-2.6432791709910677
SMB001,smallmouthBass,-0.2075755856296475,4.6392889832119035,-5.602974452563307
SMB001,smallmouthBass,2.340648259817032,5.300558245601978,-4.044889027237413
SMB001,smallmouthBass,7.251328714028808,18.752581383715295,1.8882579964315174
SMB001,smallmouthBass,7.653063886564537,16.379486402128084,3.4306187835425455
SMB001,smallmouthBass,-1.2525666821438937,12.658528023859624,-0.083544169269541
SMB001,smallmouthBass,-3.0740642907694355,4.092921507914023,2.038429671615016
SMB001,smallmouthBass,4.4237948914972005,16.823041897638607,-3.4834650764898094
SMB001,smallmouthBass,-3.6506543077636184,3.178652325646376,3.749713621279664
SMB001,smallmouthBass,-3.6634266035896657,7.719922094038538,-4.675368960691374
SMB001,smallmouthBass,-3.575906303468797,2.1754208110621858,-4.3896664063311075
SMB001,smallmouthBass,2.0917585537250734,15.531347652229348,-2.2057979436174167
SMB001,smallmouthBass,5.64085671780588,17.585998305501345,1.9758665225529115
SMB001,smallmouthBass,-0.2507749854865904,16.334915947554443,1.9498398789882263
SMB001,smallmouthBass,-4.149155873486363,3.0887939071407735,-1.0979409462415297
SMB001,smallmouthBass,-2.619566266246524,5.426860440279885,-0.5147700351131789
SMB001,smallmouthBass,7.364401717238114,19.587775475516448,-5.354868844113343
SMB001,smallmouthBass,-6.789804575737529,3.9104344171971945,1.257030290383918
SMB001,smallmouthBass,-10.131092226113818,4.100872658238667,6.9116238491095645
SMB001,smallmouthBass,8.680841424213815,16.020184593884192,-2.024561840177036
SMB001,smallmouthBass,9.47721606171591,15.70541525040591,-2.3876783790591536
SMB001,smallmouthBass,-5.349863657530442,15.459083972150463,0.581752373327677
SMB001,smallmouthBass,0.4377732194399382,5.771108084330764,-5.715225653883564
SMB001,smallmouthBass,6.703031122255368,15.183900024314962,-4.627828231176846
SMB001,smallmouthBass,-9.466286503383891,2.5060910786463437,-8.985875645080972
SMB001,smallmouthBass,7.27727111510932,20.891664191023203,3.1706520464158583
SMB001,smallmouthBass,-2.73708850647311,11.593959307816862,-0.7594783467722979
SMB001,smallmouthBass,-6.222278640182756,1.264844419126498,1.877505500379626
SMB001,smallmouthBass,-4.696251365320195,2.9792828953975152,4.394655538376798
SMB001,smallmouthBass,-10.46744568130276,-0.8652495407376393,0.35942527305019834
SMB001,smallmouthBass,-2.192468666168668,9.777050692472809,-0.785804860362723
SMB001,smallmouthBass,-4.054631997390659,7.5114568989179675,-5.0390685285678645
SMB001,smallmouthBass,-8.13986205474909,-8.048748098982715,-6.602369817938001
SMB001,smallmouthBass,-7.764537488168399,2.6855875120664114,-4.68521748755167
SMB001,smallmouthBass,5.188528544744271,19.2175908579293,4.325561060527312
SMB001,smallmouthBass,8.287919120354164,18.854650055297807,0.5359049168579277
SMB001,smallmouthBass,1.6349380004506846,4.587143713631616,-4.739581461510372
SMB001,smallmouthBass,-0.9825187983811294,5.335142706909613,-4.648891731639246
SMB001,smallmouthBass,-0.024354412055772046,7.441201086671621,-1.9654060991695266
SMB001,smallmouthBass,-11.66342254293595,-2.3001766500454313,-7.495778168371184
SMB001,smallmouthBass,2.441931474327621,22.169304099664767,0.6524244331532307
SMB001,smallmouthBass,-3.7806521414205987,5.844355142946583,0.012221911658058526
SMB001,smallmouthBass,-4.250628084642133,1.132174833313751,3.675956133479996
SMB001,smallmouthBass,-2.287275001339736,-0.003351637308893929,0.010225803658388544
SMB001,smallmouthBass,2.6467617768766125,13.99173786901753,0.7271081614327832
SMB001,smallmouthBass,2.564620231305486,9.51730737125698,0.7822290337557379
SMB001,smallmouthBass,-6.485797565098075,-2.6804034060463953,-5.297749258763372
SMB001,smallmouthBass,1.3496836359233708,8.105845387395421,-7.4630883626518525
SMB001,smallmouthBass,-3.6079012993473283,2.3199311292866853,-3.0021580899260143
SMB001,smallmouthBass,-1.1091268564345595,15.065045745047273,-1.6669047095563045
SMB001,smallmouthBass,5.770336732233468,13.712883341922646,7.833818581978362
SMB001,smallmouthBass,5.5502360361165355,16.584309642614645,-1.243505243440727
SMB001,smallmouthBass,-3.7374930903668044,6.920391971767775,-3.707062512828532
SMB001,smallmouthBass,1.4355369469679733,7.161989562993475,-7.7717686329564435
SMB001,smallmouthBass,-5.713857951167622,5.805307662249264,-2.5805466153116687
SMB001,smallmouthBass,11.756706436436492,24.50954891887556,2.287965104353981
SMB001,smallmouthBass,6.138329425290971,16.56297655894805,-3.0302046615423013
SMB001,smallmouthBass,5.378072566737389,11.63449962045942,-4.409691686854005
SMB001,smallmouthBass,2.6235386554854583,5.761656838753536,-8.329544991877025
SMB001,smallmouthBass,-3.645636934610708,4.203174188590163,-2.1309703156146687
SMB001,smallmouthBass,4.529710541116775,16.58160351457767,8.936210749083196
SMB001,smallmouthBass,-3.0822296725588316,13.90709777997173,-0.3429777154913601
SMB001,smallmouthBass,-2.2373787686193616,8.989539147579329,-2.343513698634454
SMB001,smallmouthBass,-3.2159190260581134,4.005579251200409,0.47245764303272253
SMB001,smallmouthBass,-3.8366035856494207,2.8164930754788213,-2.9632739014077707
SMB001,smallmouthBass,4.380237261353172,0.6896081196963209,0.9170275648974647
SMB001,smallmouthBass,2.741495116202569,11.392467170829914,-0.06524869127675942
SMB001,smallmouthBass,-3.701638339557835,3.2599662527581676,3.6157490779974424
SMB001,smallmouthBass,-8.150486050571233,4.699845197038188,0.1840591163600801
SMB001,smallmouthBass,-4.670293408532922,4.79027921500942,-4.081149558842155
SMB001,smallmouthBass,-5.348552738551817,5.012306687973035,-7.378320285851857
SMB001,smallmouthBass,3.6199195134449758,13.661408698476523,-2.5629544542268947
SMB001,smallmouthBass,18.923342960336537,17.689053577215294,-1.9855099394561297
SMB001,smallmouthBass,14.520761645801578,20.496138481271398,-3.308580224879356
SMB001,smallmouthBass,15.759392681021819,4.302637523515492,-2.3404293677233454
SMB001,smallmouthBass,14.173410064138245,5.889694716372644,-4.319127430161878
SMB001,smallmouthBass,13.155937998753746,8.066689470339776,-5.491447288397172
SMB001,smallmouthBass,17.057000393009655,18.719197511664653,2.991900089822377
SMB001,smallmouthBass,1.1417217532276442,18.082239451169873,1.4042406668417733
SMB001,smallmouthBass,4.396677008291687,7.076648056977823,-4.8781872166432905
SMB001,smallmouthBass,6.0404709299601365,7.499311316565992,-7.567424475521616
SMB001,smallmouthBass,0.5723423329719588,4.627565737003879,1.3726274536829777
SMB001,smallmouthBass,0.6258755043094679,4.366735520973378,0.9912207663459067
SMB001,smallmouthBass,-2.954382562005807,2.4065104995378954,0.11053941745247924
SMB001,smallmouthBass,-1.2274002303776272,8.01584618650738,-0.11716325224697499
SMB001,smallmouthBass,-5.193461075404999,-1.7952323134564012,-1.9500484195222303
SMB001,smallmouthBass,-4.321077475337047,2.493097755940502,-1.1318651092373568
SMB001,smallmouthBass,1.584539896668767,1.0905385533838454,1.2406851371544128
SMB001,smallmouthBass,6.4863807993790275,18.248139960351306,-3.5101859907336257
SMB001,smallmouthBass,7.796296641831633,22.12906495543001,-0.558672676406569
SMB001,smallmouthBass,-2.099706749077484,0.8568560613163222,-2.957038888522463
SMB001,smallmouthBass,-11.386217603734178,-3.0769089796654874,-4.7896399042653215
SMB001,smallmouthBass,-2.0226795420163786,3.6752272343054013,-7.835087273460924
SMB001,smallmouthBass,5.293365216185013,26.920605580391783,3.3239508587936495
SMB001,smallmouthBass,5.241520925150258,12.739230596012225,-2.8739445623503084
SMB001,smallmouthBass,6.653992069814828,-1.2416847134710787,-3.72115666483159
SMB001,smallmouthBass,6.022613109327648,1.9640120009378477,-0.8881962568032115
SMB001,smallmouthBass,-0.7377936789651958,8.019659555266193,-2.872722907001994
SMB001,smallmouthBass,5.897257219259668,24.34660115208419,5.110292717861121
SMB001,smallmouthBass,4.966903018825846,13.419791683862197,-5.650076306884013
SMB001,smallmouthBass,-3.086680694631205,-4.309366190824857,-7.693118846869608
SMB001,smallmouthBass,6.478849575503753,0.5050629957505037,-2.668513609989846
SMB001,smallmouthBass,-3.655979895146927,-2.513187617848767,-6.7695651893138225
SMB001,smallmouthBass,-3.9748173618339604,0.8590030874171093,-0.09829271786397048
SMB001,smallmouthBass,-8.960306539547025,-3.2317585045447434,2.410650702287364
SMB001,smallmouthBass,-6.897352399921861,6.9318294297765926,1.9003372485401782
SMB001,smallmouthBass,-4.0790357996476505,-0.0786814279326346,0.12361682904021537
SMB001,smallmouthBass,-4.78682752184188,-1.0928194681203909,-0.8179977969553597
SMB001,smallmouthBass,2.4977496537090844,18.015341874608755,-3.3129287710654634
SMB001,smallmouthBass,1.623088875910276,-2.606217776670653,-3.9205751933582036
SMB001,smallmouthBass,-1.0804405059782987,3.9295754939156295,0.4132212985350242
SMB001,smallmouthBass,-1.9384689652297349,3.453280981644536,-1.0853319322244206
SMB001,smallmouthBass,-3.8381810914997905,-3.3324988587905553,0.7401205954212534
SMB001,smallmouthBass,3.4724822650672724,0.2310682920147018,-4.625825375804866
SMB001,smallmouthBass,2.9403783692228114,1.898260386987234,-7.287889250759271
SMB001,smallmouthBass,-3.705632288478928,2.1143056847258155,-2.382881136377622
SMB001,smallmouthBass,8.96513940148666,25.010736361885808,3.5436688549160427
SMB001,smallmouthBass,2.5402935193479452,11.392901676974667,1.0117194273955288
SMB001,smallmouthBass,12.376635036043327,1.7526186884136579,-5.9945614907819715
SMB001,smallmouthBass,13.559318271777325,7.261021748724085,-6.573889081207257
SMB001,smallmouthBass,6.479400926641131,2.8254826814260143,-9.323863963683452
SMB001,smallmouthBass,14.528618675146898,24.319010381819197,3.2274181315912474
SMB001,smallmouthBass,4.084783330878262,9.407609031182037,-2.0335494951589554
SMB001,smallmouthBass,3.255124187427146,0.9584253535608582,1.727011971413497
SMB001,smallmouthBass,2.0110175791484814,4.981838543800369,2.890201050691862
SMB001,smallmouthBass,0.6531237418070571,1.371134954046534,3.3363188112628994
SMB001,smallmouthBass,6.99888275330727,16.74339447612139,-4.55080806168139
SMB001,smallmouthBass,0.6874161636712005,8.020448195894712,0.8757467556738581
SMB001,smallmouthBass,-1.6411460025482727,-1.0120063650958646,1.5932658645429734
SMB001,smallmouthBass,-5.394339651317226,3.0441951546625057,-1.4218911729183215
SMB001,smallmouthBass,-13.677282456196895,-3.6425994130384898,-6.766832498685592
SMB001,smallmouthBass,-2.44393922868352,15.508883478197541,-1.3446625125478107
SMB001,smallmouthBass,0.739587219074282,6.015253704254229,-7.730401830480096
SMB001,smallmouthBass,-0.4013388839957357,5.55905983337115,-4.5370602377694045
SMB001,smallmouthBass,-5.5116187601446285,7.071910340251929,-2.487434430101472
SMB001,smallmouthBass,-4.425234849336405,-4.352890891967605,3.87207854635896
SMB001,smallmouthBass,6.5628732926063105,9.65574137666073,1.4417626357285267
SMB001,smallmouthBass,5.575019673799957,2.3049672030903707,-0.5645321463732704
SMB001,smallmouthBass,1.9334874005635376,3.3210916007378444,-1.232875091560401
SMB001,smallmouthBass,4.969431314891968,4.3418732324377896,-6.980291472342806
SMB001,smallmouthBass,-6.052464095354345,-0.28743594124696503,1.3338881643134926
SMB001,smallmouthBass,-6.393576700829924,-0.14563168939982474,0.34067292540465755
SMB001,smallmouthBass,7.963438527442804,19.023117954018588,0.022731433326901418
SMB001,smallmouthBass,1.391214190010427,10.964169267721093,1.0126093626982604
SMB001,smallmouthBass,5.6799677684698775,1.9551846918657847,-5.440917143874576
SMB001,smallmouthBass,3.1186052303971,2.9732057931098446,-4.566613565741126
SMB001,smallmouthBass,6.5575128898522985,22.756363992566353,5.810866382872351
SMB001,smallmouthBass,1.4206859987723064,12.617179872160508,2.4185995771021442
SMB001,smallmouthBass,-4.75448564222944,1.5090641171919845,4.123970463968788
SMB001,smallmouthBass,4.048552749257551,0.6433886771541074,1.7086376708150455
SMB001,smallmouthBass,2.7880261691200867,18.847858990581027,-0.6311359726448805
SMB001,smallmouthBass,6.3303882375703004,11.922768683938687,1.6576285073537913
SMB001,smallmouthBass,6.219297384495368,3.9795533839459862,-3.1089750123240054
SMB001,smallmouthBass,-3.370291099862402,-2.557578714923199,-3.8715780838148066
SMB001,smallmouthBass,3.036147415912925,11.547757913141744,-0.13314623045171298
SMB001,smallmouthBass,3.071461709769782,15.89515560089279,5.20371395160451
SMB001,smallmouthBass,-2.6784600879732716,-0.10230509974790622,-3.4873287156817443
SMB001,smallmouthBass,0.5680041699869445,4.781401017564364,-0.27456812670296527
SMB001,smallmouthBass,0.9087081691417045,0.9900924926319254,0.03406412262210387
SMB001,smallmouthBass,3.311156608756081,4.594800648178082,0.24668242341937877
SMB001,smallmouthBass,8.201585363735187,19.361941736894302,1.5729792104211573
SMB001,smallmouthBass,-2.532063125355112,3.0720993614811776,1.9558673497490575
SMB001,smallmouthBass,-0.5075996004266381,0.9983426840292411,2.2336126178742295
SMB001,smallmouthBass,-4.308718174771382,4.010900956453769,7.692144320988338
SMB001,smallmouthBass,-2.0340454224103883,-1.7847501955926246,0.0195254915264943
SMB001,smallmouthBass,-2.296155148177732,-3.870486513512328,-0.9772466634996768
SMB001,smallmouthBass,3.6652578710580883,15.370906835631276,5.274655663667877
SMB001,smallmouthBass,-2.6648347456179797,-4.251984128074316,-8.992983835826376
SMB001,smallmouthBass,1.4886649606215923,1.2038443678625335,-3.7534511750230157
SMB001,smallmouthBass,-3.2911642731915247,-5.552724646815148,0.12496504276046869
SMB001,smallmouthBass,3.4922504482539747,12.173783912907433,-1.8743764310135171
SMB001,smallmouthBass,-4.014762870862381,-1.73454331811116,3.2131670736626807
SMB001,smallmouthBass,-2.446739883030389,4.157503750622111,-0.7291146004480172
SMB001,smallmouthBass,-0.5507216379446147,0.8548015921439575,4.628428974356905
SMB001,smallmouthBass,-2.5612213781832454,-0.6935946270337421,3.4031218659930786
SMB001,smallmouthBass,-3.219792621633511,-1.2318678950857689,0.03710444845205457
SMB001,smallmouthBass,-1.222872760984695,10.715262695811358,7.359468435952651
SMB001,smallmouthBass,0.7438680070949422,-1.2868731103442284,-0.5526611274087672
SMB001,smallmouthBass,-2.727431552094896,-0.6159362774106523,-4.358323600236344
SMB001,smallmouthBass,-2.112234579471699,0.4807395228294675,-1.354292191916795
SMB001,smallmouthBass,5.243610639378059,19.59255216371984,-0.24556673485749222
SMB001,smallmouthBass,1.4081470548537893,-6.457293901379936,1.4443179679189768
SMB001,smallmouthBass,-3.160410204478692,-5.525300236949414,-7.087973429372746
SMB001,smallmouthBass,-0.7361381641144823,1.928724465525335,-2.92090347792987
SMB001,smallmouthBass,-5.455546568111353,-2.22292291330115,-0.08300838374620947
SMB001,smallmouthBass,2.8703004541402866,22.91145451145709,1.188212764573494
SMB001,smallmouthBass,0.8481834686564673,-2.955192600510208,1.523961873255224
SMB001,smallmouthBass,2.7479133974939467,2.3236144334631788,-2.0242742701477865
SMB001,smallmouthBass,2.392300685734994,0.021368423032015416,-2.8724008348076855
SMB001,smallmouthBass,-2.8732898694919218,-8.493603187270788,2.6904563873101077
SMB001,smallmouthBass,-4.8845010462419705,1.7186313061682332,-1.2455709986690517
SMB001,smallmouthBass,-4.679034893132148,-1.6481161526565353,1.6767187822104845
SMB001,smallmouthBass,-5.849692869327901,-1.8520632903860044,-0.8641326381622715
SMB001,smallmouthBass,0.165292411629407,-0.9582791480387503,3.6670906510596906
SMB001,smallmouthBass,-2.1608426581944324,-4.121449200444395,-1.0217602131831194
SMB001,smallmouthBass,1.0705588127993928,18.799528197557386,5.964908690377013
SMB001,smallmouthBass,3.1314815288921753,6.4214379369713495,-6.955351349369127
SMB001,smallmouthBass,2.50291611710298,6.462699844356559,-8.707559615881799
SMB001,smallmouthBass,-1.7254528835742642,4.302210207485996,-0.10681187433205686
SMB001,smallmouthBass,-6.661734079889511,-5.2325027781176034,4.009969474284077
SMB001,smallmouthBass,-3.8716524144018702,-1.4711680051045075,-2.119081633492694
SMB001,smallmouthBass,-0.6636303453583118,0.24274768973160307,2.9900763584446888
SMB001,smallmouthBass,4.120404507562552,19.383587157722825,8.039511239664924
SMB001,smallmouthBass,6.277073633459171,4.505345036977412,-8.862011155458452
SMB001,smallmouthBass,9.73615293743586,3.439195702901496,-7.291594111292782
SMB001,smallmouthBass,2.329984678375957,8.533841605054858,-3.0014203717317276
SMB001,smallmouthBass,1.9887517468082057,17.74160303309283,0.38690159815561076
SMB001,smallmouthBass,1.1254533235288826,-3.8867673974743626,-4.331793630995991
SMB001,smallmouthBass,-8.583076511661803,-1.684246929513293,0.4794867604008688
SMB001,smallmouthBass,-1.67551625249238,6.268998683451954,-1.1569089134550608
SMB001,smallmouthBass,-2.329628113048323,6.420888341676736,-2.923642608100512
SMB001,smallmouthBass,1.8262744288094463,5.760590173505157,-4.353314100358158
SMB001,smallmouthBass,-0.680085940613669,9.774934707572314,-2.08039068551136
SMB001,smallmouthBass,3.509670192684136,8.001050731856449,-3.276950504962754
SMB001,smallmouthBass,3.002891819809387,7.443886877457512,-5.847929517047682
SMB001,smallmouthBass,0.9972645778395535,7.241435561109723,-3.135933406663286
SMB001,smallmouthBass,1.460982454166943,1.3538182365531661,-2.6935245192925406
SMB001,smallmouthBass,-3.9098192643611887,-2.463732792644659,1.0242646988609942
SMB001,smallmouthBass,-1.0147195344333089,14.111612843065153,0.8337243964799068
SMB001,smallmouthBass,-8.392975768048903,4.041349899800273,-3.038051904952237
SMB001,smallmouthBass,-3.815063530141745,3.7257990379723154,5.033060269225831
SMB001,smallmouthBass,-4.999943867297693,0.6741780500892844,6.216754333854242
SMB001,smallmouthBass,-5.042881989622154,-2.394366491645898,2.174468081304801
SMB001,smallmouthBass,7.88896082392313,28.771672678269585,-1.9203274851514767
SMB001,smallmouthBass,-4.441267667314788,10.663428571246168,5.456769915461793
SMB001,smallmouthBass,-1.8719028154663702,6.785139327535716,-3.47721444049538
SMB001,smallmouthBass,4.294737819378748,4.607707280334501,-1.9516156615528142
SMB001,smallmouthBass,-6.629363463048619,-2.1837512539468493,-1.6044531579531638
SMB001,smallmouthBass,-2.220070664388367,-6.62695539735523,1.2046149348749011
SMB001,smallmouthBass,-3.3961764990853287,-0.4514460193664467,3.606601391096604
SMB001,smallmouthBass,0.5488082153309519,-4.664600425570915,1.2279952401723961
SMB001,smallmouthBass,-2.021091938410967,0.8671534823706913,-7.666591334539909
SMB001,smallmouthBass,3.2305988190510764,9.564827647493704,-4.1741590670246635
SMB001,smallmouthBass,8.104462663778278,34.695017789236815,3.699327558729906
SMB001,smallmouthBass,-0.07759092960070202,13.557868579309922,4.389198145482166
SMB001,smallmouthBass,5.319691663529674,1.72258611112667,-0.6892959401557128
SMB001,smallmouthBass,-6.613417914540834,-1.8588112924684912,-8.299462075972775
SMB001,smallmouthBass,-0.39610789956194126,11.678083065074656,-3.8655819235511766
SMB001,smallmouthBass,6.74954961815393,12.307098462093151,-2.8791777631913953
SMB001,smallmouthBass,-3.2543632297055076,-3.125925186987751,0.05394205556017179
SMB001,smallmouthBass,-3.498216138332666,3.111001767888931,2.71985595225465
SMB001,smallmouthBass,-1.3599863863287536,-2.501189535140327,6.375940880247274
SMB001,smallmouthBass,-4.541921316152191,2.3009320239577344,1.178564376403561
SMB001,smallmouthBass,-3.157476447294628,9.243091906846306,1.7191139817204184
SMB001,smallmouthBass,-2.8976119640051365,2.5696923472823068,0.7697898580150278
SMB001,smallmouthBass,-4.045865141151854,0.255141719682764,0.9144997511796834
SMB001,smallmouthBass,-1.8145567826023454,-3.647451443138839,-3.5055855331757195
SMB001,smallmouthBass,2.1078332623478895,17.78328546905053,5.8947032610709655
SMB001,smallmouthBass,0.2273652266212811,2.773998310327997,-1.1220386909150066
SMB001,smallmouthBass,4.328844156624819,7.177871130901537,-2.3727192541507844
SMB001,smallmouthBass,-4.699890499184449,-0.5198120434604621,-7.318861481086972
SMB001,smallmouthBass,1.8941503523342886,16.98799232535033,-2.602058834820303
SMB001,smallmouthBass,1.8476189382926693,16.578403670907097,-0.0015772704922798475
SMB001,smallmouthBass,-0.3014672844352937,5.993957829791454,-6.523114470643264
SMB001,smallmouthBass,1.9165081465959486,2.5028516937296645,-6.242753380530568
SMB001,smallmouthBass,-1.8417818522524267,-3.5903499489442834,3.6005025295527684
SMB001,smallmouthBass,1.0491796149603547,5.251255816005761,0.2365657175464838
SMB001,smallmouthBass,-1.366335547844944,18.561136677105885,-3.0572020469841035
SMB001,smallmouthBass,-5.830679557426285,1.7729957540742531,3.118260421530577
SMB001,smallmouthBass,6.150209584118141,1.5834131882451532,-0.6684069358586311
SMB001,smallmouthBass,-3.294905960106673,4.997614073916958,-3.030546786846806
SMB001,smallmouthBass,1.9214337948577198,20.546685959907627,3.3147387994404522
SMB001,smallmouthBass,-2.583890322510239,2.703054486199147,3.9190180893015003
SMB001,smallmouthBass,4.58852049935661,10.409430890469752,1.9645799585443913
SMB001,smallmouthBass,0.5308586117846511,2.783863897155354,-0.2392167837599913
SMB001,smallmouthBass,-5.363910982341402,-4.099399341751606,-0.6974625381140513
SMB001,smallmouthBass,2.447434847019723,11.755895137070983,-0.3677540217865407
SMB001,smallmouthBass,-1.3574501898895859,7.838464055195008,-3.1306505692988953
SMB001,smallmouthBass,1.7676218905435563,6.79816485619183,-8.182732070846154
SMB001,smallmouthBass,6.9378255546459044,6.966929745561717,-6.951058308577075
SMB001,smallmouthBass,-0.40209463746847,0.5051871163322338,-2.4885224934198993
SMB001,smallmouthBass,7.4225076074089795,20.3719034005738,7.420037185337272
SMB001,smallmouthBass,8.175974316462275,13.622629678290943,0.5294745173610778
SMB001,smallmouthBass,-2.058359346372599,2.545128644935189,-1.0260480466238218
SMB001,smallmouthBass,5.417951080226402,2.9228826498322475,-2.0655386173702843
SMB001,smallmouthBass,-0.6006619259308037,4.261706325677512,-0.6821342692134633
SMB001,smallmouthBass,-0.48388203852721623,-4.635364002040579,1.4947443191850305
SMB001,smallmouthBass,3.838941735537648,14.498313731434195,6.618812917154519
SMB001,smallmouthBass,-3.757873770000618,-4.894365242577349,1.5645355881046301
SMB001,smallmouthBass,-2.0725085798906013,0.912832007501679,4.148098378872914
SMB001,smallmouthBass,-5.557109477905069,1.9492144369994275,7.155422862049902
SMB001,smallmouthBass,-7.298858350902647,1.58269848184184,-0.17545278036842682
SMB001,smallmouthBass,-6.432776321909646,2.817553708620638,-0.7708873968499195
SMB001,smallmouthBass,-9.622796690902884,3.5787166740237253,0.3460106166118597
SMB001,smallmouthBass,1.1141379112717518,4.29483273244972,-0.36613600946353725
SMB001,smallmouthBass,-3.3935792556624147,-2.8774548356389755,-7.804100442976244
SMB001,smallmouthBass,3.8686829512531653,8.168819991476566,4.510755583352411
SMB001,smallmouthBass,9.641072879165794,5.96558280924814,-2.1916011092054926
SMB001,smallmouthBass,-2.7818754355239235,4.72042624538416,-6.585976057746212
SMB001,smallmouthBass,-3.298937209498285,5.9037899945557255,-4.4117391550540885
SMB001,smallmouthBass,-1.993951457924429,0.7749707233401266,-0.8778348976493243
SMB001,smallmouthBass,13.600524666712898,21.040618238927415,2.2238168400105076
SMB001,smallmouthBass,6.382383734631174,17.30279541258051,1.2861858352071667
SMB001,smallmouthBass,3.3672247975641287,5.873050758323044,-6.075868654038137
SMB001,smallmouthBass,-3.9276407817008536,-0.8307496672340979,-2.691248164203423
SMB001,smallmouthBass,-1.7049325144297514,-2.176562266022804,-2.9315463663411028
SMB001,smallmouthBass,3.7071065004251165,2.646533424430367,-3.6448954203643864
SMB001,smallmouthBass,4.338610410904828,24.265610498861268,1.1869694227647547
SMB001,smallmouthBass,-2.5672148378566475,3.5962151281387436,-5.039931691689737
SMB001,smallmouthBass,-6.728900266831811,0.35300848839692234,-3.351423417443406
SMB001,smallmouthBass,0.8668439750933156,3.088978559399528,-4.327885581974033
SMB001,smallmouthBass,-3.662992092053483,12.317984329500261,6.4968687745226426
SMB001,smallmouthBass,2.208972559968001,5.340638263376859,-1.8499779350884324
SMB001,smallmouthBass,4.1222704032458495,6.271649911074105,-0.9849331668693979
SMB001,smallmouthBass,-0.5046575621413221,-5.212824347789224,1.4734788020214147
SMB001,smallmouthBass,-1.3762630921216257,15.85697550363528,-4.30818979147658
SMB001,smallmouthBass,-4.465482924322718,-2.583069966431951,2.002733843582686
SMB001,smallmouthBass,-3.917267125770866,-6.043809450741657,-1.9221124583594316
SMB001,smallmouthBass,0.5104971745290267,0.6636054534446791,-0.6756689751321281
SMB001,smallmouthBass,2.781614810948964,20.74769380674843,0.9247579584174148
SMB001,smallmouthBass,-1.6588555625058088,8.261113322620377,7.168295989380201
SMB001,smallmouthBass,3.165865382801724,8.684161025426985,-5.836320110499571
SMB001,smallmouthBass,4.517195327413765,7.403196888091714,-2.0596804656256027
SMB001,smallmouthBass,-1.5512558053704426,-2.9750049655604123,-0.11445852483639433
SMB001,smallmouthBass,3.58814422685727,-1.440011175553076,-0.9181949307268908
SMB001,smallmouthBass,-0.7296194138131109,-4.63509979637911,-0.0999686696371031
SMB001,smallmouthBass,-3.6881582449524926,1.0269168480592243,0.27197418430063797
SMB001,smallmouthBass,-2.9883464167992306,-0.03628034640260552,-0.678592571961722
SMB001,smallmouthBass,4.715820821251864,20.921085071525585,-0.6904735739946112
SMB001,smallmouthBass,-5.068251774507198,-4.182123643391795,-4.212905100345438
SMB001,smallmouthBass,0.5424730144151596,-0.19000409670397567,0.8390078722669589
SMB001,smallmouthBass,-2.3318354377358625,-1.9427399733806576,-5.867423063528322
SMB001,smallmouthBass,-5.386617741177567,-0.002779977536521372,-1.2906138014221042
SMB001,smallmouthBass,3.888138029028947,16.326468537120473,-3.460011477713493
SMB001,smallmouthBass,-5.298484530224128,-5.613298514627831,-6.249928178736658
SMB001,smallmouthBass,-1.4925167136887958,-0.913945147297738,-0.8978659879113391
SMB001,smallmouthBass,-1.0002354511700118,-8.036904253976084,-1.3398690033410436
SMB001,smallmouthBass,-5.669553908229542,-3.784208509227974,4.626044950730737
SMB001,smallmouthBass,-6.24949645824,-3.4357135897345463,4.646031077962294
SMB001,smallmouthBass,-3.709431938912959,-7.122630794031206,4.646058784508496
SMB001,smallmouthBass,-0.21687331441714938,-0.4999134503828555,-1.3192500151455184
SMB001,smallmouthBass,-5.886054740744369,-2.654949857825949,3.3240965276379444
SMB001,smallmouthBass,-1.7602621726821774,-2.1317098172605156,-1.5554152264023275
SMB001,smallmouthBass,-1.8588482816544956,-1.2549991406954122,-0.548225085191332
SMB001,smallmouthBass,-1.6858083065940068,-2.708079993454282,3.420427810900665
SMB001,smallmouthBass,-1.121985405258083,-4.7794106246531936,-1.8497606439133
SMB001,smallmouthBass,-2.232135276885824,-3.924992496320358,-5.302598833117388
SMB001,smallmouthBass,-6.689244699753937,-2.768024167556766,0.4154657692045226
SMB001,smallmouthBass,-0.6773072073181232,-4.391061298633549,1.6102530853760544
SMB001,smallmouthBass,-3.273370242504919,-3.411346077455168,0.44644640909083866
SMB001,smallmouthBass,-5.4445328719606945,3.7962141342567253,-4.838027159413304
SMB001,smallmouthBass,-10.143279892486671,-5.8158139207398305,-4.870193748128975
SMB001,smallmouthBass,-9.348749140902491,-3.754361405017247,-4.733334819804754
SMB001,smallmouthBass,-4.622231822997163,1.191667410081367,-4.20356720996553
SMB001,smallmouthBass,-2.202019313764752,1.3826111275431279,-2.0378684439022443
SMB001,smallmouthBass,2.610994634384274,19.735186961232568,0.3234070581442477
SMB001,smallmouthBass,0.6204443395293368,5.021051572609668,-3.9828650484015506
SMB001,smallmouthBass,-5.807502376665013,-2.9571650493530073,-1.8274219755165328
SMB001,smallmouthBass,-7.5373314846180115,-0.9306350690646019,-2.1416477168443597
SMB001,smallmouthBass,-1.5096870251382313,-1.9299198529705424,-0.6833390343628387
SMB001,smallmouthBass,-2.6773402759649025,-1.5694564549233843,-3.20134848114907
SMB001,smallmouthBass,-3.1163312915470454,-4.874873103139827,0.42673175988978557
SMB001,smallmouthBass,-1.1512286838151402,-3.3660624446339953,-1.4111189796803916
SMB001,smallmouthBass,-0.21374473157334006,-4.932756403666343,2.904445825308386
SMB001,smallmouthBass,-4.400494380566243,-3.051809458194957,0.3241972375767123
SMB001,smallmouthBass,-10.975226170287879,1.8159854651985607,-2.251350211611625
SMB001,smallmouthBass,-8.217492792003542,-1.660269452209292,0.23380672846412076
SMB001,smallmouthBass,-2.759106848972433,0.9606724911524003,2.5688973416157097
SMB001,smallmouthBass,-0.6734476194384692,-3.0845527206067764,0.5208614630481077
SMB001,smallmouthBass,-3.8837807869733716,-5.561086808395922,-0.9212596569679822
SMB001,smallmouthBass,-6.496355787689518,-6.332433676455234,-2.4403843951837234
SMB001,smallmouthBass,-4.291919085692936,-5.5217795312639915,0.6325230031276133
SMB001,smallmouthBass,-2.4998402486209272,0.11084430890896668,1.562386884330266
SMB001,smallmouthBass,-9.377707879768188,-0.480841983236139,-0.3875972448595501
SMB001,smallmouthBass,-4.0392436757186,0.5463408305821708,-0.5393659324920663
SMB001,smallmouthBass,0.07483843689507763,19.996755790086695,-1.5356112059865539
SMB001,smallmouthBass,-1.7677733305659467,-0.5455175291656796,-0.3612330621522657
SMB001,smallmouthBass,-1.3378499208175645,0.8422946877390244,-5.222821011781707
SMB001,smallmouthBass,-4.421919373182904,1.6511240647340242,-2.568348734932702
SMB001,smallmouthBass,-5.4120112456313905,0.08384417981445552,-4.135328530825181
SMB001,smallmouthBass,-7.15246430045093,-2.649220914273964,0.6422080716669654
SMB001,smallmouthBass,-4.623905264777471,3.314551249900468,-1.422923129380653
SMB001,smallmouthBass,-0.7739717697118028,15.043896756882312,-4.768200672146953
SMB001,smallmouthBass,-10.813012297611584,-5.871154015701134,-3.4759735561123746
SMB001,smallmouthBass,-7.249022449364089,-3.5479408499439997,-4.7549313105866124
SMB001,smallmouthBass,-12.213258010553309,-0.36526079227253627,-1.2163011700236224
SMB001,smallmouthBass,-9.106394566637052,2.7535395273748646,-3.675202453700752
SMB001,smallmouthBass,-16.982359357353936,-0.35935579408158613,1.6317728257107724
SMB001,smallmouthBass,-1.1192084277954835,4.82797437548779,-2.7643827649136163
SMB001,smallmouthBass,-11.469316416378156,2.6274546870414373,2.829045229365559
SMB001,smallmouthBass,1.20147556201516,5.341450209740143,3.090337308849642
SMB001,smallmouthBass,10.099912054845642,17.99272201076359,-4.494518749956063
SMB001,smallmouthBass,0.6405448021837401,2.638240229079786,-2.5174921418729865
SMB001,smallmouthBass,-7.414126034937837,4.887065513641992,6.055452296110064
SMB001,smallmouthBass,-5.6559438813384375,-1.0331638832652736,-2.7876345468295014
SMB001,smallmouthBass,-0.3020949115550322,5.364824109010831,-0.849338322144683
SMB001,smallmouthBass,0.0758823364750183,13.141865635858654,-3.0192737712085367
SMB001,smallmouthBass,-4.3246666282896555,0.7811483920374631,-4.606609478826777
SMB001,smallmouthBass,-8.195921335086828,-0.6258765819693295,0.7406810708692082
SMB001,smallmouthBass,-1.3260374181450199,-0.09858685827759575,0.6922806457028772
SMB001,smallmouthBass,9.749964929536123,15.047023893521912,-2.4591479863239916
SMB001,smallmouthBass,-2.055032075992126,9.18094923674051,-3.3894650074822423
SMB001,smallmouthBass,-2.3349499114470884,1.399937256881698,1.6512987857477857
SMB001,smallmouthBass,5.07029112169982,12.126278205017945,-2.992091856814369
SMB001,smallmouthBass,3.658267557923091,6.093004303498601,-0.2545001102341026
SMB001,smallmouthBass,-9.525312600709281,-3.8541497220545793,-1.0057496569847144
SMB001,smallmouthBass,1.763488260845043,7.469035448900389,-4.680867405619728
SMB001,smallmouthBass,-8.652056712524427,-0.7966828259466112,-3.750133475825984
SMB001,smallmouthBass,6.935646995315126,14.696437555904268,1.9701703489744495
SMB001,smallmouthBass,13.824176696704264,26.014381126971944,2.280812879813917
SMB001,smallmouthBass,7.861070472667918,19.47986880829192,-2.773572963552995
SMB001,smallmouthBass,-4.46214436546449,1.724922925188566,-0.20018719476461044
SMB001,smallmouthBass,4.563342303996756,14.843208349645048,-0.1558563236864382
SMB001,smallmouthBass,2.0725270536845684,4.653444447388172,-0.03102856820767641
SMB001,smallmouthBass,-2.2940241946798974,-3.551380815283645,-1.0095173878662687
SMB001,smallmouthBass,-2.925026912438755,1.91651741165165,-1.6879691991995471
SMB001,smallmouthBass,4.160081473162997,16.996477314145533,-0.6420882457192022
SMB001,smallmouthBass,2.008851718900763,4.988820974368226,0.12273524760812526
SMB001,smallmouthBass,9.198272620955278,16.484653389558652,0.9652811436159522
SMB001,smallmouthBass,3.386517557886816,17.20937280478627,-3.9773662351513748
SMB001,smallmouthBass,-1.0936259182217967,1.4216491469868844,2.2906814166531
SMB001,smallmouthBass,0.5866452684103854,12.065259754529889,4.031209738034202
SMB001,smallmouthBass,5.652945843603488,6.958663246601447,-1.9587761149752936
SMB001,smallmouthBass,14.160722285998995,22.09320471334553,3.9788538978990786
SMB001,smallmouthBass,3.4251595104724615,7.848526563945174,-3.5236724757237488
SMB001,smallmouthBass,11.22459126394132,15.752156291483445,-2.9217667198980632
SMB001,smallmouthBass,-3.4093481954322735,0.9436506319501603,3.911529234109946
SMB001,smallmouthBass,1.0216340389198515,2.7011226484423565,1.5109151920530357
SMB001,smallmouthBass,7.145131783209713,22.38280010815887,3.984922973623188
SMB001,smallmouthBass,0.017576884322115127,3.170204944371422,-1.9059889589424615
SMB001,smallmouthBass,3.37746870482349,13.889076919655718,-3.527967183489359
SMB001,smallmouthBass,9.518537111280857,19.412224677262635,-2.543335983877779
SMB001,smallmouthBass,6.121235958794175,6.492736357902876,-2.8714752469466243
SMB001,smallmouthBass,3.6408347466603304,10.573503946617922,1.669330080593208
SMB001,smallmouthBass,3.7961190878694824,5.523653634586882,-3.219010103255224
SMB001,smallmouthBass,-4.363016260657433,-0.23490617400388425,1.4822798769881045
SMB001,smallmouthBass,-5.309620462349656,-1.0862863774171454,1.349791897889331
SMB001,smallmouthBass,-3.770963749957864,-3.74003095182367,-4.016989420731244
SMB001,smallmouthBass,0.19082880111614786,19.409665612250272,6.4295307400020425
SMB001,smallmouthBass,-6.241534452629107,8.722851250744384,-3.660881386567268
SMB001,smallmouthBass,-1.666445944254709,-0.37616000553781104,-2.720380420647973
SMB001,smallmouthBass,-13.041158459349901,-4.264373128020272,-0.8848729822707018
SMB001,smallmouthBass,-6.40840404225869,-5.197537980700468,-4.914616880260796
SMB001,smallmouthBass,-7.575465457183105,-6.6508309111090975,-1.8270846466328279
SMB001,smallmouthBass,-4.610338018403909,3.4309520071039334,-0.33091428100097603
SMB001,smallmouthBass,-3.9475077238995917,-2.287722061219897,0.8136095160886089
SMB001,smallmouthBass,-8.059814933040503,1.436292970999491,-1.9781886210954416
SMB001,smallmouthBass,-5.042901579961025,-1.323930319994561,-5.454499087819121
SMB001,smallmouthBass,-9.512497966996966,-6.5955514123429655,-3.4791838902560532
SMB001,smallmouthBass,-5.115026762424798,12.048133233456227,-1.6887480637217116
SMB001,smallmouthBass,-5.822080818485988,-2.0614823437258285,-2.877947526694655
SMB001,smallmouthBass,-9.490218368086639,-5.23443550395558,-3.4896349216035256
SMB001,smallmouthBass,2.896608474017553,19.742356818223904,2.664800333905029
SMB001,smallmouthBass,-3.610122325912031,-1.7919040981267778,-7.076193120610475
SMB001,smallmouthBass,-4.752603444935769,-3.932873675027268,-1.2453293156507517
SMB001,smallmouthBass,-4.344748386876098,-2.175978737639697,1.2614266562692729
SMB001,smallmouthBass,-3.571466281906356,3.075278777781728,2.24523875578196
SMB001,smallmouthBass,-10.267413685035613,-1.3221784743319174,-1.6245602072424623
SMB001,smallmouthBass,7.4470736839173055,31.534139534464394,2.082317116963277
SMB001,smallmouthBass,-10.930190970061762,-1.66814770897291,-3.552826719432668
SMB001,smallmouthBass,-0.5677826948946485,5.185304434132664,-3.9985727052022524
SMB001,smallmouthBass,4.611281371558286,7.74466344815176,-2.111023275949453
SMB001,smallmouthBass,-15.329426876479642,-4.273387383698126,-3.4705069238392645
SMB001,smallmouthBass,-12.848216190716695,-3.397302391533459,-7.91042240749823
SMB001,smallmouthBass,-1.3957853967191325,-2.5437390480913025,0.45107495807148346
SMB001,smallmouthBass,-11.88091710774949,-8.601038030213507,3.9730655100481744
SMB001,smallmouthBass,-10.443069804625754,-5.542823006978395,-0.09444661365594625
SMB001,smallmouthBass,1.279487256472143,-1.459358614587136,-1.6617441092369183
SMB001,smallmouthBass,-2.989951450271888,1.6308200357334381,-0.888805931626303
SMB001,smallmouthBass,-14.357128770202113,-6.757498688168519,-2.738044064312263
SMB001,smallmouthBass,-0.1546378632363532,17.47347934021765,6.272350935309004
SMB001,smallmouthBass,-10.522946015360791,-7.554939867403239,-0.8622007117425399
SMB001,smallmouthBass,-1.228016870990493,3.0655817735456603,-6.275520945689095
SMB001,smallmouthBass,-9.385317403707901,2.517304622257478,-3.7203260579115724
SMB001,smallmouthBass,-3.973756177551107,0.36076167778912416,1.0303331387104118
SMB001,smallmouthBass,-1.9139647987280064,2.5155136781259695,-1.3438724200121677
SMB001,smallmouthBass,-12.343115092254234,-1.828910557661179,-1.8132259013959966
SMB001,smallmouthBass,-4.679284621421601,6.98685146623937,-3.4740038569120864
SMB001,smallmouthBass,-15.834547136728975,-6.703542362688247,-5.420138104223185
SMB001,smallmouthBass,-12.234536985049406,-7.236931004812186,-4.546015233843255
SMB001,smallmouthBass,-6.638265410617009,1.2874641821936055,0.025099839075681904
SMB001,smallmouthBass,-11.322419545912652,-7.4753571002953265,-0.3364085504707256
SMB001,smallmouthBass,-12.062221847467098,-4.660212974167768,-9.349623625331004
SMB001,smallmouthBass,-11.918792490417136,-5.482604235020489,0.922320409232798
SMB001,smallmouthBass,-9.430636472942197,-0.34107713643379867,-1.364647732560771
SMB001,smallmouthBass,-4.234571251997624,1.500833078591225,1.2390907709813181
SMB001,smallmouthBass,-11.975751773256118,-4.313255066480602,2.57747001314811
SMB001,smallmouthBass,-10.42313015987357,-4.967608657662905,-3.0148883408943647
SMB001,smallmouthBass,-14.158441369886738,-1.5005216325707815,-0.7303247227060325
SMB001,smallmouthBass,-9.414928196635662,-2.2348741252374245,2.5000896299812476
SMB001,smallmouthBass,-19.856633186888054,-12.425404317079396,-0.31372691176425915
SMB001,smallmouthBass,-8.646311452778882,1.4744598704661136,3.0714141402333737
SMB001,smallmouthBass,-0.30470226139689194,3.6054262625857674,-6.339535247616514
SMB001,smallmouthBass,3.1486646633777378,15.799488567745708,-1.0197565955492418
SMB001,smallmouthBass,3.121914805116086,11.291159692404722,-3.7929174839534903
SMB001,smallmouthBass,14.970188871848261,19.432748639615788,-7.945804354660442
SMB001,smallmouthBass,6.147530059264482,13.82107356804124,1.5520053032960555
SMB001,smallmouthBass,3.610881291919398,8.320647822850756,-3.7386336196697507
SMB001,smallmouthBass,-12.951856066538484,-3.9627176053698165,-0.514411966297618
SMB001,smallmouthBass,-11.966198196933021,-9.225536770055083,-1.9544801084514498
SMB001,smallmouthBass,-10.77499225826989,-7.767620995058775,-2.876332188236348
SMB001,smallmouthBass,-17.683309113498773,-10.312933312927504,-5.073501655335622
SMB001,smallmouthBass,-18.509084617699322,-9.996193252706318,-3.547443098478752
SMB001,smallmouthBass,-15.72358438044861,-10.924937525817462,-3.244543942237091
SMB001,smallmouthBass,-14.35892650643836,-6.05474460000439,0.2527802458718609
SMB001,smallmouthBass,-9.725953838518688,-0.8252484321450777,-8.36662123917074
SMB001,smallmouthBass,-14.16618387978736,-7.0948103338292645,-3.505258646019928
SMB001,smallmouthBass,-16.432217703718806,-6.9736480781318635,-0.7559590388222448
SMB001,smallmouthBass,-10.000183195127148,-4.909681855484025,1.113033111847587
SMB001,smallmouthBass,-7.357272593424429,-2.1888884460072577,-1.8431082087152744
SMB001,smallmouthBass,-5.336881906369635,4.4954968689158115,-2.439148783510177
SMB001,smallmouthBass,-2.0852419386246606,-4.665072660312088,1.6122980665461375
SMB001,smallmouthBass,3.196516541104575,5.20095444208692,-4.74169044361118
